Zeitstempel;Bezug_kW
01.01.2023 00:00;5,00
01.01.2023 00:15;5,00
01.01.2023 00:30;5,00
01.01.2023 00:45;5,80
01.01.2023 01:00;5,00
01.01.2023 01:15;5,00
01.01.2023 01:30;5,91
01.01.2023 01:45;5,00
01.01.2023 02:00;5,00
01.01.2023 02:15;5,00
01.01.2023 02:30;5,00
01.01.2023 02:45;5,00
01.01.2023 03:00;5,00
01.01.2023 03:15;5,00
01.01.2023 03:30;5,00
01.01.2023 03:45;5,00
01.01.2023 04:00;5,00
01.01.2023 04:15;5,00
01.01.2023 04:30;5,00
01.01.2023 04:45;5,00
01.01.2023 05:00;5,68
01.01.2023 05:15;5,00
01.01.2023 05:30;5,00
01.01.2023 05:45;5,00
01.01.2023 06:00;5,00
01.01.2023 06:15;5,00
01.01.2023 06:30;5,00
01.01.2023 06:45;5,00
01.01.2023 07:00;7,96
01.01.2023 07:15;9,11
01.01.2023 07:30;9,01
01.01.2023 07:45;14,43
01.01.2023 08:00;11,20
01.01.2023 08:15;9,10
01.01.2023 08:30;12,59
01.01.2023 08:45;8,80
01.01.2023 09:00;11,88
01.01.2023 09:15;8,46
01.01.2023 09:30;8,14
01.01.2023 09:45;9,42
01.01.2023 10:00;10,48
01.01.2023 10:15;11,83
01.01.2023 10:30;9,51
01.01.2023 10:45;7,18
01.01.2023 11:00;10,27
01.01.2023 11:15;9,04
01.01.2023 11:30;8,64
01.01.2023 11:45;12,32
01.01.2023 12:00;9,12
01.01.2023 12:15;10,11
01.01.2023 12:30;13,29
01.01.2023 12:45;8,38
01.01.2023 13:00;12,83
01.01.2023 13:15;10,50
01.01.2023 13:30;12,25
01.01.2023 13:45;11,77
01.01.2023 14:00;10,44
01.01.2023 14:15;10,21
01.01.2023 14:30;13,93
01.01.2023 14:45;14,39
01.01.2023 15:00;11,23
01.01.2023 15:15;12,69
01.01.2023 15:30;10,39
01.01.2023 15:45;10,81
01.01.2023 16:00;14,75
01.01.2023 16:15;15,39
01.01.2023 16:30;12,07
01.01.2023 16:45;13,73
01.01.2023 17:00;11,95
01.01.2023 17:15;9,43
01.01.2023 17:30;10,93
01.01.2023 17:45;12,76
01.01.2023 18:00;9,09
01.01.2023 18:15;5,88
01.01.2023 18:30;5,00
01.01.2023 18:45;5,00
01.01.2023 19:00;5,00
01.01.2023 19:15;5,00
01.01.2023 19:30;5,00
01.01.2023 19:45;5,00
01.01.2023 20:00;5,00
01.01.2023 20:15;5,00
01.01.2023 20:30;5,71
01.01.2023 20:45;5,00
01.01.2023 21:00;5,00
01.01.2023 21:15;5,00
01.01.2023 21:30;5,00
01.01.2023 21:45;5,00
01.01.2023 22:00;5,00
01.01.2023 22:15;5,00
01.01.2023 22:30;5,00
01.01.2023 22:45;5,00
01.01.2023 23:00;5,00
01.01.2023 23:15;5,00
01.01.2023 23:30;5,00
01.01.2023 23:45;5,00
02.01.2023 00:00;7,47
02.01.2023 00:15;7,40
02.01.2023 00:30;6,89
02.01.2023 00:45;6,41
02.01.2023 01:00;5,00
02.01.2023 01:15;6,04
02.01.2023 01:30;6,19
02.01.2023 01:45;5,27
02.01.2023 02:00;6,55
02.01.2023 02:15;7,69
02.01.2023 02:30;10,65
02.01.2023 02:45;7,23
02.01.2023 03:00;7,39
02.01.2023 03:15;6,73
02.01.2023 03:30;5,00
02.01.2023 03:45;6,82
02.01.2023 04:00;7,00
02.01.2023 04:15;11,80
02.01.2023 04:30;6,49
02.01.2023 04:45;7,48
02.01.2023 05:00;6,81
02.01.2023 05:15;5,00
02.01.2023 05:30;9,16
02.01.2023 05:45;8,38
02.01.2023 06:00;8,46
02.01.2023 06:15;5,06
02.01.2023 06:30;9,68
02.01.2023 06:45;5,00
02.01.2023 07:00;24,10
02.01.2023 07:15;28,61
02.01.2023 07:30;23,55
02.01.2023 07:45;25,69
02.01.2023 08:00;28,29
02.01.2023 08:15;27,75
02.01.2023 08:30;25,59
02.01.2023 08:45;30,33
02.01.2023 09:00;30,27
02.01.2023 09:15;32,89
02.01.2023 09:30;30,36
02.01.2023 09:45;38,06
02.01.2023 10:00;29,17
02.01.2023 10:15;34,82
02.01.2023 10:30;33,94
02.01.2023 10:45;33,21
02.01.2023 11:00;31,87
02.01.2023 11:15;37,39
02.01.2023 11:30;32,29
02.01.2023 11:45;33,93
02.01.2023 12:00;37,66
02.01.2023 12:15;35,39
02.01.2023 12:30;33,78
02.01.2023 12:45;33,92
02.01.2023 13:00;36,57
02.01.2023 13:15;38,08
02.01.2023 13:30;36,17
02.01.2023 13:45;35,34
02.01.2023 14:00;37,46
02.01.2023 14:15;33,84
02.01.2023 14:30;34,31
02.01.2023 14:45;35,14
02.01.2023 15:00;39,81
02.01.2023 15:15;34,34
02.01.2023 15:30;30,91
02.01.2023 15:45;34,46
02.01.2023 16:00;30,89
02.01.2023 16:15;33,29
02.01.2023 16:30;32,86
02.01.2023 16:45;27,69
02.01.2023 17:00;30,02
02.01.2023 17:15;27,65
02.01.2023 17:30;27,18
02.01.2023 17:45;28,03
02.01.2023 18:00;22,43
02.01.2023 18:15;5,37
02.01.2023 18:30;5,10
02.01.2023 18:45;5,25
02.01.2023 19:00;6,72
02.01.2023 19:15;7,56
02.01.2023 19:30;7,43
02.01.2023 19:45;8,53
02.01.2023 20:00;6,90
02.01.2023 20:15;9,78
02.01.2023 20:30;6,35
02.01.2023 20:45;12,32
02.01.2023 21:00;8,13
02.01.2023 21:15;5,16
02.01.2023 21:30;5,00
02.01.2023 21:45;7,84
02.01.2023 22:00;6,43
02.01.2023 22:15;8,31
02.01.2023 22:30;7,82
02.01.2023 22:45;6,73
02.01.2023 23:00;5,18
02.01.2023 23:15;5,00
02.01.2023 23:30;5,98
02.01.2023 23:45;8,59
03.01.2023 00:00;7,31
03.01.2023 00:15;5,00
03.01.2023 00:30;7,23
03.01.2023 00:45;7,65
03.01.2023 01:00;5,11
03.01.2023 01:15;7,19
03.01.2023 01:30;7,00
03.01.2023 01:45;5,00
03.01.2023 02:00;7,60
03.01.2023 02:15;8,00
03.01.2023 02:30;9,05
03.01.2023 02:45;8,99
03.01.2023 03:00;5,00
03.01.2023 03:15;5,01
03.01.2023 03:30;7,91
03.01.2023 03:45;7,91
03.01.2023 04:00;7,91
03.01.2023 04:15;14,59
03.01.2023 04:30;8,02
03.01.2023 04:45;9,15
03.01.2023 05:00;8,79
03.01.2023 05:15;8,18
03.01.2023 05:30;6,25
03.01.2023 05:45;8,40
03.01.2023 06:00;5,34
03.01.2023 06:15;6,41
03.01.2023 06:30;5,91
03.01.2023 06:45;7,04
03.01.2023 07:00;27,57
03.01.2023 07:15;20,51
03.01.2023 07:30;26,92
03.01.2023 07:45;23,61
03.01.2023 08:00;27,16
03.01.2023 08:15;30,58
03.01.2023 08:30;29,39
03.01.2023 08:45;28,76
03.01.2023 09:00;29,07
03.01.2023 09:15;30,86
03.01.2023 09:30;30,76
03.01.2023 09:45;30,62
03.01.2023 10:00;32,09
03.01.2023 10:15;30,28
03.01.2023 10:30;35,17
03.01.2023 10:45;38,41
03.01.2023 11:00;27,97
03.01.2023 11:15;34,75
03.01.2023 11:30;35,20
03.01.2023 11:45;36,63
03.01.2023 12:00;30,67
03.01.2023 12:15;32,21
03.01.2023 12:30;40,56
03.01.2023 12:45;38,66
03.01.2023 13:00;30,99
03.01.2023 13:15;34,71
03.01.2023 13:30;34,39
03.01.2023 13:45;36,66
03.01.2023 14:00;39,84
03.01.2023 14:15;37,74
03.01.2023 14:30;34,37
03.01.2023 14:45;37,75
03.01.2023 15:00;39,35
03.01.2023 15:15;36,56
03.01.2023 15:30;30,99
03.01.2023 15:45;32,06
03.01.2023 16:00;35,39
03.01.2023 16:15;30,31
03.01.2023 16:30;31,45
03.01.2023 16:45;30,90
03.01.2023 17:00;26,25
03.01.2023 17:15;26,72
03.01.2023 17:30;19,07
03.01.2023 17:45;22,20
03.01.2023 18:00;22,43
03.01.2023 18:15;5,00
03.01.2023 18:30;10,15
03.01.2023 18:45;5,00
03.01.2023 19:00;6,00
03.01.2023 19:15;7,14
03.01.2023 19:30;9,76
03.01.2023 19:45;5,00
03.01.2023 20:00;9,21
03.01.2023 20:15;6,90
03.01.2023 20:30;5,00
03.01.2023 20:45;7,81
03.01.2023 21:00;7,28
03.01.2023 21:15;5,68
03.01.2023 21:30;7,02
03.01.2023 21:45;6,11
03.01.2023 22:00;7,11
03.01.2023 22:15;8,21
03.01.2023 22:30;10,05
03.01.2023 22:45;5,00
03.01.2023 23:00;11,15
03.01.2023 23:15;5,00
03.01.2023 23:30;6,58
03.01.2023 23:45;8,06
04.01.2023 00:00;7,45
04.01.2023 00:15;5,64
04.01.2023 00:30;6,47
04.01.2023 00:45;5,90
04.01.2023 01:00;5,71
04.01.2023 01:15;8,58
04.01.2023 01:30;7,60
04.01.2023 01:45;5,50
04.01.2023 02:00;8,68
04.01.2023 02:15;7,50
04.01.2023 02:30;8,51
04.01.2023 02:45;8,14
04.01.2023 03:00;5,23
04.01.2023 03:15;5,76
04.01.2023 03:30;8,38
04.01.2023 03:45;8,10
04.01.2023 04:00;6,84
04.01.2023 04:15;7,12
04.01.2023 04:30;9,44
04.01.2023 04:45;5,70
04.01.2023 05:00;7,98
04.01.2023 05:15;6,48
04.01.2023 05:30;6,45
04.01.2023 05:45;9,08
04.01.2023 06:00;8,53
04.01.2023 06:15;8,51
04.01.2023 06:30;9,49
04.01.2023 06:45;6,93
04.01.2023 07:00;24,31
04.01.2023 07:15;23,64
04.01.2023 07:30;26,21
04.01.2023 07:45;26,59
04.01.2023 08:00;28,31
04.01.2023 08:15;29,87
04.01.2023 08:30;28,12
04.01.2023 08:45;34,91
04.01.2023 09:00;27,59
04.01.2023 09:15;28,89
04.01.2023 09:30;32,32
04.01.2023 09:45;34,19
04.01.2023 10:00;31,57
04.01.2023 10:15;35,63
04.01.2023 10:30;30,83
04.01.2023 10:45;31,36
04.01.2023 11:00;33,17
04.01.2023 11:15;34,96
04.01.2023 11:30;34,80
04.01.2023 11:45;32,71
04.01.2023 12:00;33,97
04.01.2023 12:15;39,14
04.01.2023 12:30;38,45
04.01.2023 12:45;36,53
04.01.2023 13:00;32,75
04.01.2023 13:15;36,74
04.01.2023 13:30;36,62
04.01.2023 13:45;35,19
04.01.2023 14:00;32,20
04.01.2023 14:15;35,33
04.01.2023 14:30;31,59
04.01.2023 14:45;32,39
04.01.2023 15:00;32,84
04.01.2023 15:15;34,21
04.01.2023 15:30;34,07
04.01.2023 15:45;36,49
04.01.2023 16:00;34,59
04.01.2023 16:15;31,42
04.01.2023 16:30;30,53
04.01.2023 16:45;27,36
04.01.2023 17:00;28,08
04.01.2023 17:15;26,27
04.01.2023 17:30;26,20
04.01.2023 17:45;22,60
04.01.2023 18:00;23,99
04.01.2023 18:15;9,95
04.01.2023 18:30;6,67
04.01.2023 18:45;7,69
04.01.2023 19:00;8,26
04.01.2023 19:15;6,08
04.01.2023 19:30;7,33
04.01.2023 19:45;6,91
04.01.2023 20:00;7,08
04.01.2023 20:15;5,34
04.01.2023 20:30;6,93
04.01.2023 20:45;7,88
04.01.2023 21:00;9,79
04.01.2023 21:15;8,80
04.01.2023 21:30;11,19
04.01.2023 21:45;5,35
04.01.2023 22:00;8,63
04.01.2023 22:15;7,25
04.01.2023 22:30;11,26
04.01.2023 22:45;5,27
04.01.2023 23:00;5,20
04.01.2023 23:15;5,69
04.01.2023 23:30;5,00
04.01.2023 23:45;5,83
05.01.2023 00:00;5,37
05.01.2023 00:15;7,19
05.01.2023 00:30;7,57
05.01.2023 00:45;10,64
05.01.2023 01:00;8,79
05.01.2023 01:15;5,73
05.01.2023 01:30;5,09
05.01.2023 01:45;7,87
05.01.2023 02:00;5,00
05.01.2023 02:15;10,55
05.01.2023 02:30;9,25
05.01.2023 02:45;5,95
05.01.2023 03:00;5,00
05.01.2023 03:15;9,59
05.01.2023 03:30;6,66
05.01.2023 03:45;9,36
05.01.2023 04:00;5,00
05.01.2023 04:15;5,69
05.01.2023 04:30;6,90
05.01.2023 04:45;6,98
05.01.2023 05:00;5,99
05.01.2023 05:15;8,13
05.01.2023 05:30;5,00
05.01.2023 05:45;6,60
05.01.2023 06:00;7,13
05.01.2023 06:15;7,92
05.01.2023 06:30;8,31
05.01.2023 06:45;5,00
05.01.2023 07:00;19,89
05.01.2023 07:15;26,82
05.01.2023 07:30;26,23
05.01.2023 07:45;25,36
05.01.2023 08:00;31,20
05.01.2023 08:15;29,01
05.01.2023 08:30;31,77
05.01.2023 08:45;29,02
05.01.2023 09:00;34,31
05.01.2023 09:15;32,95
05.01.2023 09:30;33,20
05.01.2023 09:45;34,67
05.01.2023 10:00;32,87
05.01.2023 10:15;35,26
05.01.2023 10:30;35,06
05.01.2023 10:45;35,31
05.01.2023 11:00;33,45
05.01.2023 11:15;30,10
05.01.2023 11:30;30,73
05.01.2023 11:45;32,03
05.01.2023 12:00;33,80
05.01.2023 12:15;36,51
05.01.2023 12:30;35,72
05.01.2023 12:45;33,07
05.01.2023 13:00;37,71
05.01.2023 13:15;32,41
05.01.2023 13:30;35,05
05.01.2023 13:45;38,12
05.01.2023 14:00;35,71
05.01.2023 14:15;33,56
05.01.2023 14:30;29,01
05.01.2023 14:45;35,32
05.01.2023 15:00;33,02
05.01.2023 15:15;34,60
05.01.2023 15:30;34,74
05.01.2023 15:45;31,77
05.01.2023 16:00;31,83
05.01.2023 16:15;29,64
05.01.2023 16:30;30,46
05.01.2023 16:45;31,28
05.01.2023 17:00;26,16
05.01.2023 17:15;27,87
05.01.2023 17:30;24,51
05.01.2023 17:45;22,68
05.01.2023 18:00;22,74
05.01.2023 18:15;5,00
05.01.2023 18:30;5,78
05.01.2023 18:45;5,00
05.01.2023 19:00;10,82
05.01.2023 19:15;6,96
05.01.2023 19:30;5,49
05.01.2023 19:45;7,31
05.01.2023 20:00;6,66
05.01.2023 20:15;6,44
05.01.2023 20:30;8,12
05.01.2023 20:45;8,40
05.01.2023 21:00;5,83
05.01.2023 21:15;5,74
05.01.2023 21:30;6,34
05.01.2023 21:45;5,00
05.01.2023 22:00;5,00
05.01.2023 22:15;9,62
05.01.2023 22:30;10,18
05.01.2023 22:45;6,39
05.01.2023 23:00;8,04
05.01.2023 23:15;7,51
05.01.2023 23:30;13,04
05.01.2023 23:45;9,13
06.01.2023 00:00;6,63
06.01.2023 00:15;5,00
06.01.2023 00:30;5,00
06.01.2023 00:45;7,30
06.01.2023 01:00;5,38
06.01.2023 01:15;5,00
06.01.2023 01:30;5,60
06.01.2023 01:45;5,00
06.01.2023 02:00;10,26
06.01.2023 02:15;8,65
06.01.2023 02:30;6,87
06.01.2023 02:45;9,85
06.01.2023 03:00;7,04
06.01.2023 03:15;5,17
06.01.2023 03:30;9,94
06.01.2023 03:45;7,97
06.01.2023 04:00;5,00
06.01.2023 04:15;6,51
06.01.2023 04:30;5,14
06.01.2023 04:45;5,00
06.01.2023 05:00;8,74
06.01.2023 05:15;10,71
06.01.2023 05:30;5,00
06.01.2023 05:45;8,02
06.01.2023 06:00;5,59
06.01.2023 06:15;5,91
06.01.2023 06:30;5,70
06.01.2023 06:45;5,16
06.01.2023 07:00;23,06
06.01.2023 07:15;22,61
06.01.2023 07:30;26,12
06.01.2023 07:45;26,77
06.01.2023 08:00;27,63
06.01.2023 08:15;26,74
06.01.2023 08:30;28,49
06.01.2023 08:45;30,36
06.01.2023 09:00;31,76
06.01.2023 09:15;29,13
06.01.2023 09:30;31,08
06.01.2023 09:45;35,52
06.01.2023 10:00;28,05
06.01.2023 10:15;33,14
06.01.2023 10:30;32,42
06.01.2023 10:45;34,05
06.01.2023 11:00;31,38
06.01.2023 11:15;27,92
06.01.2023 11:30;28,50
06.01.2023 11:45;37,12
06.01.2023 12:00;38,29
06.01.2023 12:15;32,98
06.01.2023 12:30;41,02
06.01.2023 12:45;30,51
06.01.2023 13:00;34,91
06.01.2023 13:15;32,12
06.01.2023 13:30;34,52
06.01.2023 13:45;34,81
06.01.2023 14:00;32,55
06.01.2023 14:15;33,83
06.01.2023 14:30;38,50
06.01.2023 14:45;33,12
06.01.2023 15:00;34,75
06.01.2023 15:15;31,47
06.01.2023 15:30;34,57
06.01.2023 15:45;35,78
06.01.2023 16:00;27,91
06.01.2023 16:15;30,17
06.01.2023 16:30;31,75
06.01.2023 16:45;28,98
06.01.2023 17:00;28,88
06.01.2023 17:15;25,66
06.01.2023 17:30;25,75
06.01.2023 17:45;23,96
06.01.2023 18:00;25,30
06.01.2023 18:15;7,40
06.01.2023 18:30;7,56
06.01.2023 18:45;6,07
06.01.2023 19:00;5,91
06.01.2023 19:15;6,02
06.01.2023 19:30;7,68
06.01.2023 19:45;6,05
06.01.2023 20:00;7,47
06.01.2023 20:15;11,04
06.01.2023 20:30;8,63
06.01.2023 20:45;6,24
06.01.2023 21:00;9,29
06.01.2023 21:15;6,07
06.01.2023 21:30;5,00
06.01.2023 21:45;5,00
06.01.2023 22:00;5,00
06.01.2023 22:15;6,19
06.01.2023 22:30;6,93
06.01.2023 22:45;10,24
06.01.2023 23:00;7,54
06.01.2023 23:15;6,45
06.01.2023 23:30;8,55
06.01.2023 23:45;5,00
07.01.2023 00:00;5,00
07.01.2023 00:15;5,00
07.01.2023 00:30;5,00
07.01.2023 00:45;5,04
07.01.2023 01:00;5,00
07.01.2023 01:15;5,00
07.01.2023 01:30;5,00
07.01.2023 01:45;7,30
07.01.2023 02:00;5,00
07.01.2023 02:15;5,00
07.01.2023 02:30;5,00
07.01.2023 02:45;5,00
07.01.2023 03:00;5,00
07.01.2023 03:15;5,00
07.01.2023 03:30;5,00
07.01.2023 03:45;5,00
07.01.2023 04:00;5,00
07.01.2023 04:15;5,00
07.01.2023 04:30;5,00
07.01.2023 04:45;5,00
07.01.2023 05:00;5,00
07.01.2023 05:15;5,00
07.01.2023 05:30;5,00
07.01.2023 05:45;5,00
07.01.2023 06:00;5,00
07.01.2023 06:15;5,00
07.01.2023 06:30;5,00
07.01.2023 06:45;5,47
07.01.2023 07:00;10,02
07.01.2023 07:15;13,47
07.01.2023 07:30;8,69
07.01.2023 07:45;8,26
07.01.2023 08:00;7,64
07.01.2023 08:15;13,63
07.01.2023 08:30;11,66
07.01.2023 08:45;9,63
07.01.2023 09:00;12,03
07.01.2023 09:15;6,72
07.01.2023 09:30;16,77
07.01.2023 09:45;10,73
07.01.2023 10:00;8,31
07.01.2023 10:15;10,57
07.01.2023 10:30;13,33
07.01.2023 10:45;8,12
07.01.2023 11:00;7,67
07.01.2023 11:15;11,83
07.01.2023 11:30;17,21
07.01.2023 11:45;11,78
07.01.2023 12:00;13,69
07.01.2023 12:15;8,84
07.01.2023 12:30;11,86
07.01.2023 12:45;11,09
07.01.2023 13:00;9,66
07.01.2023 13:15;10,46
07.01.2023 13:30;7,87
07.01.2023 13:45;11,93
07.01.2023 14:00;9,59
07.01.2023 14:15;10,20
07.01.2023 14:30;10,95
07.01.2023 14:45;9,65
07.01.2023 15:00;13,12
07.01.2023 15:15;12,84
07.01.2023 15:30;10,29
07.01.2023 15:45;10,27
07.01.2023 16:00;12,40
07.01.2023 16:15;16,05
07.01.2023 16:30;11,72
07.01.2023 16:45;8,75
07.01.2023 17:00;10,77
07.01.2023 17:15;10,21
07.01.2023 17:30;5,00
07.01.2023 17:45;9,60
07.01.2023 18:00;8,73
07.01.2023 18:15;5,00
07.01.2023 18:30;6,45
07.01.2023 18:45;5,01
07.01.2023 19:00;5,00
07.01.2023 19:15;5,00
07.01.2023 19:30;7,90
07.01.2023 19:45;5,00
07.01.2023 20:00;5,00
07.01.2023 20:15;5,00
07.01.2023 20:30;5,00
07.01.2023 20:45;5,00
07.01.2023 21:00;5,00
07.01.2023 21:15;5,00
07.01.2023 21:30;5,00
07.01.2023 21:45;5,00
07.01.2023 22:00;5,00
07.01.2023 22:15;5,00
07.01.2023 22:30;5,00
07.01.2023 22:45;5,76
07.01.2023 23:00;5,00
07.01.2023 23:15;5,00
07.01.2023 23:30;5,25
07.01.2023 23:45;5,00
08.01.2023 00:00;5,00
08.01.2023 00:15;5,00
08.01.2023 00:30;5,00
08.01.2023 00:45;5,00
08.01.2023 01:00;5,00
08.01.2023 01:15;6,26
08.01.2023 01:30;5,00
08.01.2023 01:45;5,30
08.01.2023 02:00;5,00
08.01.2023 02:15;5,00
08.01.2023 02:30;5,00
08.01.2023 02:45;5,00
08.01.2023 03:00;5,00
08.01.2023 03:15;5,00
08.01.2023 03:30;5,00
08.01.2023 03:45;5,00
08.01.2023 04:00;5,00
08.01.2023 04:15;5,00
08.01.2023 04:30;5,00
08.01.2023 04:45;5,08
08.01.2023 05:00;5,00
08.01.2023 05:15;5,00
08.01.2023 05:30;5,00
08.01.2023 05:45;5,00
08.01.2023 06:00;5,00
08.01.2023 06:15;5,00
08.01.2023 06:30;5,00
08.01.2023 06:45;5,00
08.01.2023 07:00;8,15
08.01.2023 07:15;11,81
08.01.2023 07:30;8,83
08.01.2023 07:45;7,94
08.01.2023 08:00;7,99
08.01.2023 08:15;12,52
08.01.2023 08:30;7,99
08.01.2023 08:45;13,20
08.01.2023 09:00;6,52
08.01.2023 09:15;13,35
08.01.2023 09:30;9,65
08.01.2023 09:45;11,94
08.01.2023 10:00;8,70
08.01.2023 10:15;8,61
08.01.2023 10:30;11,03
08.01.2023 10:45;10,44
08.01.2023 11:00;10,10
08.01.2023 11:15;11,73
08.01.2023 11:30;9,47
08.01.2023 11:45;11,11
08.01.2023 12:00;12,73
08.01.2023 12:15;7,34
08.01.2023 12:30;7,43
08.01.2023 12:45;12,24
08.01.2023 13:00;11,43
08.01.2023 13:15;9,84
08.01.2023 13:30;9,83
08.01.2023 13:45;13,77
08.01.2023 14:00;10,52
08.01.2023 14:15;12,83
08.01.2023 14:30;12,20
08.01.2023 14:45;9,67
08.01.2023 15:00;12,30
08.01.2023 15:15;8,75
08.01.2023 15:30;14,29
08.01.2023 15:45;13,70
08.01.2023 16:00;13,58
08.01.2023 16:15;14,68
08.01.2023 16:30;15,58
08.01.2023 16:45;13,79
08.01.2023 17:00;7,58
08.01.2023 17:15;8,20
08.01.2023 17:30;8,99
08.01.2023 17:45;9,77
08.01.2023 18:00;10,23
08.01.2023 18:15;5,00
08.01.2023 18:30;5,00
08.01.2023 18:45;5,00
08.01.2023 19:00;5,00
08.01.2023 19:15;5,00
08.01.2023 19:30;5,00
08.01.2023 19:45;5,00
08.01.2023 20:00;5,00
08.01.2023 20:15;5,00
08.01.2023 20:30;5,00
08.01.2023 20:45;8,02
08.01.2023 21:00;5,00
08.01.2023 21:15;5,00
08.01.2023 21:30;5,00
08.01.2023 21:45;5,00
08.01.2023 22:00;5,00
08.01.2023 22:15;5,00
08.01.2023 22:30;7,88
08.01.2023 22:45;5,00
08.01.2023 23:00;5,06
08.01.2023 23:15;5,00
08.01.2023 23:30;5,00
08.01.2023 23:45;6,30
09.01.2023 00:00;5,64
09.01.2023 00:15;10,52
09.01.2023 00:30;8,31
09.01.2023 00:45;5,77
09.01.2023 01:00;8,16
09.01.2023 01:15;8,84
09.01.2023 01:30;8,14
09.01.2023 01:45;5,00
09.01.2023 02:00;5,44
09.01.2023 02:15;6,40
09.01.2023 02:30;6,75
09.01.2023 02:45;8,14
09.01.2023 03:00;7,25
09.01.2023 03:15;5,00
09.01.2023 03:30;7,66
09.01.2023 03:45;8,12
09.01.2023 04:00;8,01
09.01.2023 04:15;9,06
09.01.2023 04:30;8,56
09.01.2023 04:45;7,81
09.01.2023 05:00;6,75
09.01.2023 05:15;5,00
09.01.2023 05:30;7,75
09.01.2023 05:45;7,31
09.01.2023 06:00;7,44
09.01.2023 06:15;5,00
09.01.2023 06:30;5,00
09.01.2023 06:45;9,00
09.01.2023 07:00;22,90
09.01.2023 07:15;25,66
09.01.2023 07:30;25,66
09.01.2023 07:45;26,95
09.01.2023 08:00;29,99
09.01.2023 08:15;27,85
09.01.2023 08:30;28,72
09.01.2023 08:45;28,17
09.01.2023 09:00;30,14
09.01.2023 09:15;31,29
09.01.2023 09:30;34,92
09.01.2023 09:45;28,87
09.01.2023 10:00;34,58
09.01.2023 10:15;28,59
09.01.2023 10:30;32,99
09.01.2023 10:45;31,91
09.01.2023 11:00;34,71
09.01.2023 11:15;31,78
09.01.2023 11:30;35,25
09.01.2023 11:45;31,58
09.01.2023 12:00;35,24
09.01.2023 12:15;39,10
09.01.2023 12:30;36,09
09.01.2023 12:45;37,17
09.01.2023 13:00;31,59
09.01.2023 13:15;38,90
09.01.2023 13:30;37,68
09.01.2023 13:45;34,51
09.01.2023 14:00;32,04
09.01.2023 14:15;36,68
09.01.2023 14:30;36,94
09.01.2023 14:45;32,18
09.01.2023 15:00;32,46
09.01.2023 15:15;32,44
09.01.2023 15:30;30,15
09.01.2023 15:45;30,93
09.01.2023 16:00;30,72
09.01.2023 16:15;30,26
09.01.2023 16:30;30,55
09.01.2023 16:45;29,88
09.01.2023 17:00;31,27
09.01.2023 17:15;24,90
09.01.2023 17:30;27,57
09.01.2023 17:45;23,87
09.01.2023 18:00;22,89
09.01.2023 18:15;8,24
09.01.2023 18:30;5,00
09.01.2023 18:45;7,66
09.01.2023 19:00;7,23
09.01.2023 19:15;7,88
09.01.2023 19:30;7,47
09.01.2023 19:45;11,81
09.01.2023 20:00;5,62
09.01.2023 20:15;5,83
09.01.2023 20:30;5,65
09.01.2023 20:45;5,78
09.01.2023 21:00;5,62
09.01.2023 21:15;9,27
09.01.2023 21:30;9,74
09.01.2023 21:45;5,75
09.01.2023 22:00;5,23
09.01.2023 22:15;7,84
09.01.2023 22:30;5,79
09.01.2023 22:45;8,16
09.01.2023 23:00;7,30
09.01.2023 23:15;5,00
09.01.2023 23:30;9,99
09.01.2023 23:45;10,49
10.01.2023 00:00;5,67
10.01.2023 00:15;6,12
10.01.2023 00:30;7,47
10.01.2023 00:45;7,57
10.01.2023 01:00;8,21
10.01.2023 01:15;10,92
10.01.2023 01:30;6,54
10.01.2023 01:45;5,30
10.01.2023 02:00;5,00
10.01.2023 02:15;5,43
10.01.2023 02:30;6,83
10.01.2023 02:45;10,49
10.01.2023 03:00;5,86
10.01.2023 03:15;7,34
10.01.2023 03:30;6,86
10.01.2023 03:45;9,27
10.01.2023 04:00;11,95
10.01.2023 04:15;5,83
10.01.2023 04:30;5,92
10.01.2023 04:45;8,98
10.01.2023 05:00;8,26
10.01.2023 05:15;10,59
10.01.2023 05:30;8,06
10.01.2023 05:45;6,18
10.01.2023 06:00;8,08
10.01.2023 06:15;9,11
10.01.2023 06:30;8,54
10.01.2023 06:45;7,91
10.01.2023 07:00;25,12
10.01.2023 07:15;26,64
10.01.2023 07:30;28,37
10.01.2023 07:45;28,20
10.01.2023 08:00;27,61
10.01.2023 08:15;28,76
10.01.2023 08:30;31,50
10.01.2023 08:45;29,05
10.01.2023 09:00;32,25
10.01.2023 09:15;28,46
10.01.2023 09:30;29,99
10.01.2023 09:45;32,59
10.01.2023 10:00;33,89
10.01.2023 10:15;32,92
10.01.2023 10:30;27,87
10.01.2023 10:45;37,37
10.01.2023 11:00;32,54
10.01.2023 11:15;39,63
10.01.2023 11:30;35,60
10.01.2023 11:45;35,03
10.01.2023 12:00;37,81
10.01.2023 12:15;42,41
10.01.2023 12:30;34,66
10.01.2023 12:45;34,48
10.01.2023 13:00;33,78
10.01.2023 13:15;34,28
10.01.2023 13:30;31,87
10.01.2023 13:45;33,22
10.01.2023 14:00;35,82
10.01.2023 14:15;31,99
10.01.2023 14:30;33,19
10.01.2023 14:45;35,61
10.01.2023 15:00;36,96
10.01.2023 15:15;32,21
10.01.2023 15:30;31,97
10.01.2023 15:45;34,10
10.01.2023 16:00;35,76
10.01.2023 16:15;31,67
10.01.2023 16:30;29,52
10.01.2023 16:45;33,18
10.01.2023 17:00;25,27
10.01.2023 17:15;22,50
10.01.2023 17:30;26,49
10.01.2023 17:45;23,30
10.01.2023 18:00;20,95
10.01.2023 18:15;8,31
10.01.2023 18:30;7,38
10.01.2023 18:45;5,77
10.01.2023 19:00;5,00
10.01.2023 19:15;8,64
10.01.2023 19:30;8,20
10.01.2023 19:45;6,70
10.01.2023 20:00;10,59
10.01.2023 20:15;5,00
10.01.2023 20:30;5,00
10.01.2023 20:45;5,51
10.01.2023 21:00;6,81
10.01.2023 21:15;7,38
10.01.2023 21:30;6,41
10.01.2023 21:45;7,60
10.01.2023 22:00;5,00
10.01.2023 22:15;9,78
10.01.2023 22:30;6,73
10.01.2023 22:45;9,13
10.01.2023 23:00;7,58
10.01.2023 23:15;7,81
10.01.2023 23:30;8,04
10.01.2023 23:45;7,79
11.01.2023 00:00;8,18
11.01.2023 00:15;9,56
11.01.2023 00:30;7,29
11.01.2023 00:45;8,32
11.01.2023 01:00;6,72
11.01.2023 01:15;9,78
11.01.2023 01:30;5,55
11.01.2023 01:45;10,50
11.01.2023 02:00;6,82
11.01.2023 02:15;5,00
11.01.2023 02:30;7,15
11.01.2023 02:45;5,54
11.01.2023 03:00;8,58
11.01.2023 03:15;5,59
11.01.2023 03:30;6,01
11.01.2023 03:45;5,00
11.01.2023 04:00;5,99
11.01.2023 04:15;5,00
11.01.2023 04:30;5,00
11.01.2023 04:45;8,42
11.01.2023 05:00;8,47
11.01.2023 05:15;7,75
11.01.2023 05:30;5,00
11.01.2023 05:45;6,80
11.01.2023 06:00;6,89
11.01.2023 06:15;5,00
11.01.2023 06:30;9,90
11.01.2023 06:45;8,65
11.01.2023 07:00;22,55
11.01.2023 07:15;24,36
11.01.2023 07:30;26,03
11.01.2023 07:45;22,82
11.01.2023 08:00;27,44
11.01.2023 08:15;27,39
11.01.2023 08:30;26,33
11.01.2023 08:45;29,47
11.01.2023 09:00;35,92
11.01.2023 09:15;31,87
11.01.2023 09:30;30,30
11.01.2023 09:45;30,86
11.01.2023 10:00;34,01
11.01.2023 10:15;34,92
11.01.2023 10:30;33,42
11.01.2023 10:45;32,43
11.01.2023 11:00;32,43
11.01.2023 11:15;33,23
11.01.2023 11:30;39,25
11.01.2023 11:45;36,32
11.01.2023 12:00;36,84
11.01.2023 12:15;36,35
11.01.2023 12:30;41,70
11.01.2023 12:45;34,13
11.01.2023 13:00;41,01
11.01.2023 13:15;31,23
11.01.2023 13:30;38,54
11.01.2023 13:45;36,29
11.01.2023 14:00;37,73
11.01.2023 14:15;31,88
11.01.2023 14:30;33,49
11.01.2023 14:45;35,71
11.01.2023 15:00;36,00
11.01.2023 15:15;31,64
11.01.2023 15:30;33,99
11.01.2023 15:45;37,48
11.01.2023 16:00;36,09
11.01.2023 16:15;32,68
11.01.2023 16:30;30,71
11.01.2023 16:45;29,66
11.01.2023 17:00;29,40
11.01.2023 17:15;24,86
11.01.2023 17:30;25,10
11.01.2023 17:45;20,97
11.01.2023 18:00;23,79
11.01.2023 18:15;8,19
11.01.2023 18:30;5,93
11.01.2023 18:45;10,05
11.01.2023 19:00;5,00
11.01.2023 19:15;5,00
11.01.2023 19:30;7,35
11.01.2023 19:45;8,99
11.01.2023 20:00;10,27
11.01.2023 20:15;5,98
11.01.2023 20:30;9,06
11.01.2023 20:45;6,82
11.01.2023 21:00;6,55
11.01.2023 21:15;8,67
11.01.2023 21:30;8,20
11.01.2023 21:45;5,00
11.01.2023 22:00;9,85
11.01.2023 22:15;9,66
11.01.2023 22:30;5,65
11.01.2023 22:45;7,69
11.01.2023 23:00;7,89
11.01.2023 23:15;7,42
11.01.2023 23:30;5,80
11.01.2023 23:45;5,55
12.01.2023 00:00;6,85
12.01.2023 00:15;9,24
12.01.2023 00:30;7,99
12.01.2023 00:45;6,16
12.01.2023 01:00;8,44
12.01.2023 01:15;5,00
12.01.2023 01:30;9,20
12.01.2023 01:45;5,00
12.01.2023 02:00;6,17
12.01.2023 02:15;5,00
12.01.2023 02:30;5,00
12.01.2023 02:45;9,22
12.01.2023 03:00;5,96
12.01.2023 03:15;7,59
12.01.2023 03:30;6,80
12.01.2023 03:45;7,85
12.01.2023 04:00;7,05
12.01.2023 04:15;5,00
12.01.2023 04:30;8,89
12.01.2023 04:45;5,91
12.01.2023 05:00;5,00
12.01.2023 05:15;6,04
12.01.2023 05:30;9,90
12.01.2023 05:45;8,60
12.01.2023 06:00;6,20
12.01.2023 06:15;6,20
12.01.2023 06:30;6,26
12.01.2023 06:45;11,05
12.01.2023 07:00;23,76
12.01.2023 07:15;25,17
12.01.2023 07:30;27,67
12.01.2023 07:45;27,38
12.01.2023 08:00;27,35
12.01.2023 08:15;27,91
12.01.2023 08:30;28,80
12.01.2023 08:45;29,94
12.01.2023 09:00;30,41
12.01.2023 09:15;31,32
12.01.2023 09:30;30,83
12.01.2023 09:45;33,55
12.01.2023 10:00;31,80
12.01.2023 10:15;30,76
12.01.2023 10:30;36,37
12.01.2023 10:45;35,02
12.01.2023 11:00;32,96
12.01.2023 11:15;25,41
12.01.2023 11:30;36,35
12.01.2023 11:45;34,08
12.01.2023 12:00;36,42
12.01.2023 12:15;29,93
12.01.2023 12:30;34,55
12.01.2023 12:45;32,88
12.01.2023 13:00;31,19
12.01.2023 13:15;37,19
12.01.2023 13:30;34,17
12.01.2023 13:45;36,26
12.01.2023 14:00;37,54
12.01.2023 14:15;36,22
12.01.2023 14:30;34,15
12.01.2023 14:45;33,97
12.01.2023 15:00;40,31
12.01.2023 15:15;35,19
12.01.2023 15:30;34,35
12.01.2023 15:45;35,27
12.01.2023 16:00;34,73
12.01.2023 16:15;34,19
12.01.2023 16:30;31,92
12.01.2023 16:45;27,14
12.01.2023 17:00;31,45
12.01.2023 17:15;24,61
12.01.2023 17:30;26,22
12.01.2023 17:45;22,80
12.01.2023 18:00;22,87
12.01.2023 18:15;7,56
12.01.2023 18:30;7,54
12.01.2023 18:45;7,74
12.01.2023 19:00;10,13
12.01.2023 19:15;7,81
12.01.2023 19:30;6,41
12.01.2023 19:45;8,83
12.01.2023 20:00;9,28
12.01.2023 20:15;5,00
12.01.2023 20:30;8,09
12.01.2023 20:45;8,30
12.01.2023 21:00;6,30
12.01.2023 21:15;9,65
12.01.2023 21:30;6,60
12.01.2023 21:45;7,15
12.01.2023 22:00;6,55
12.01.2023 22:15;6,93
12.01.2023 22:30;5,00
12.01.2023 22:45;5,00
12.01.2023 23:00;10,09
12.01.2023 23:15;5,20
12.01.2023 23:30;5,00
12.01.2023 23:45;5,00
13.01.2023 00:00;5,62
13.01.2023 00:15;5,00
13.01.2023 00:30;10,18
13.01.2023 00:45;8,92
13.01.2023 01:00;5,52
13.01.2023 01:15;11,40
13.01.2023 01:30;8,86
13.01.2023 01:45;6,25
13.01.2023 02:00;5,00
13.01.2023 02:15;11,48
13.01.2023 02:30;5,00
13.01.2023 02:45;5,00
13.01.2023 03:00;8,94
13.01.2023 03:15;11,78
13.01.2023 03:30;9,67
13.01.2023 03:45;8,03
13.01.2023 04:00;8,09
13.01.2023 04:15;8,61
13.01.2023 04:30;8,42
13.01.2023 04:45;7,46
13.01.2023 05:00;7,11
13.01.2023 05:15;6,77
13.01.2023 05:30;5,39
13.01.2023 05:45;6,34
13.01.2023 06:00;5,00
13.01.2023 06:15;6,70
13.01.2023 06:30;5,00
13.01.2023 06:45;5,00
13.01.2023 07:00;23,36
13.01.2023 07:15;27,09
13.01.2023 07:30;27,45
13.01.2023 07:45;23,77
13.01.2023 08:00;25,95
13.01.2023 08:15;30,10
13.01.2023 08:30;28,03
13.01.2023 08:45;29,46
13.01.2023 09:00;31,14
13.01.2023 09:15;28,32
13.01.2023 09:30;31,44
13.01.2023 09:45;29,95
13.01.2023 10:00;29,14
13.01.2023 10:15;36,18
13.01.2023 10:30;30,19
13.01.2023 10:45;35,18
13.01.2023 11:00;31,27
13.01.2023 11:15;36,01
13.01.2023 11:30;33,57
13.01.2023 11:45;36,33
13.01.2023 12:00;39,18
13.01.2023 12:15;34,06
13.01.2023 12:30;39,18
13.01.2023 12:45;35,26
13.01.2023 13:00;36,73
13.01.2023 13:15;32,59
13.01.2023 13:30;33,95
13.01.2023 13:45;35,05
13.01.2023 14:00;29,88
13.01.2023 14:15;39,55
13.01.2023 14:30;30,68
13.01.2023 14:45;32,25
13.01.2023 15:00;32,91
13.01.2023 15:15;36,57
13.01.2023 15:30;32,02
13.01.2023 15:45;35,29
13.01.2023 16:00;31,35
13.01.2023 16:15;32,37
13.01.2023 16:30;28,97
13.01.2023 16:45;33,72
13.01.2023 17:00;25,81
13.01.2023 17:15;27,53
13.01.2023 17:30;26,88
13.01.2023 17:45;25,14
13.01.2023 18:00;22,63
13.01.2023 18:15;6,64
13.01.2023 18:30;6,99
13.01.2023 18:45;6,61
13.01.2023 19:00;8,83
13.01.2023 19:15;11,32
13.01.2023 19:30;5,78
13.01.2023 19:45;5,00
13.01.2023 20:00;6,72
13.01.2023 20:15;12,06
13.01.2023 20:30;5,29
13.01.2023 20:45;10,18
13.01.2023 21:00;10,25
13.01.2023 21:15;5,79
13.01.2023 21:30;8,04
13.01.2023 21:45;10,16
13.01.2023 22:00;6,14
13.01.2023 22:15;6,49
13.01.2023 22:30;5,74
13.01.2023 22:45;5,00
13.01.2023 23:00;5,60
13.01.2023 23:15;5,00
13.01.2023 23:30;6,97
13.01.2023 23:45;5,36
14.01.2023 00:00;5,00
14.01.2023 00:15;5,00
14.01.2023 00:30;5,00
14.01.2023 00:45;5,00
14.01.2023 01:00;5,00
14.01.2023 01:15;5,00
14.01.2023 01:30;5,22
14.01.2023 01:45;5,00
14.01.2023 02:00;6,11
14.01.2023 02:15;5,00
14.01.2023 02:30;5,00
14.01.2023 02:45;5,00
14.01.2023 03:00;5,00
14.01.2023 03:15;5,00
14.01.2023 03:30;5,00
14.01.2023 03:45;5,00
14.01.2023 04:00;5,00
14.01.2023 04:15;5,00
14.01.2023 04:30;5,00
14.01.2023 04:45;5,00
14.01.2023 05:00;5,00
14.01.2023 05:15;5,23
14.01.2023 05:30;5,00
14.01.2023 05:45;5,00
14.01.2023 06:00;5,00
14.01.2023 06:15;5,00
14.01.2023 06:30;5,19
14.01.2023 06:45;5,00
14.01.2023 07:00;13,84
14.01.2023 07:15;10,51
14.01.2023 07:30;10,63
14.01.2023 07:45;10,15
14.01.2023 08:00;11,13
14.01.2023 08:15;10,78
14.01.2023 08:30;12,48
14.01.2023 08:45;13,09
14.01.2023 09:00;8,97
14.01.2023 09:15;8,51
14.01.2023 09:30;4,52
14.01.2023 09:45;11,61
14.01.2023 10:00;5,81
14.01.2023 10:15;6,68
14.01.2023 10:30;8,00
14.01.2023 10:45;13,91
14.01.2023 11:00;7,77
14.01.2023 11:15;12,70
14.01.2023 11:30;7,57
14.01.2023 11:45;8,75
14.01.2023 12:00;12,55
14.01.2023 12:15;11,88
14.01.2023 12:30;11,09
14.01.2023 12:45;11,50
14.01.2023 13:00;6,97
14.01.2023 13:15;12,87
14.01.2023 13:30;14,12
14.01.2023 13:45;7,97
14.01.2023 14:00;9,84
14.01.2023 14:15;12,02
14.01.2023 14:30;9,63
14.01.2023 14:45;10,00
14.01.2023 15:00;14,62
14.01.2023 15:15;13,92
14.01.2023 15:30;11,55
14.01.2023 15:45;14,69
14.01.2023 16:00;15,66
14.01.2023 16:15;13,84
14.01.2023 16:30;12,28
14.01.2023 16:45;9,15
14.01.2023 17:00;9,14
14.01.2023 17:15;10,15
14.01.2023 17:30;9,03
14.01.2023 17:45;9,35
14.01.2023 18:00;9,31
14.01.2023 18:15;5,00
14.01.2023 18:30;5,00
14.01.2023 18:45;5,00
14.01.2023 19:00;5,00
14.01.2023 19:15;5,00
14.01.2023 19:30;5,00
14.01.2023 19:45;5,00
14.01.2023 20:00;5,00
14.01.2023 20:15;5,00
14.01.2023 20:30;5,82
14.01.2023 20:45;5,20
14.01.2023 21:00;5,00
14.01.2023 21:15;5,74
14.01.2023 21:30;5,00
14.01.2023 21:45;5,00
14.01.2023 22:00;5,00
14.01.2023 22:15;5,00
14.01.2023 22:30;5,00
14.01.2023 22:45;5,00
14.01.2023 23:00;5,00
14.01.2023 23:15;5,00
14.01.2023 23:30;5,00
14.01.2023 23:45;5,14
15.01.2023 00:00;5,00
15.01.2023 00:15;5,00
15.01.2023 00:30;5,00
15.01.2023 00:45;5,00
15.01.2023 01:00;5,00
15.01.2023 01:15;5,00
15.01.2023 01:30;5,00
15.01.2023 01:45;5,00
15.01.2023 02:00;5,00
15.01.2023 02:15;5,00
15.01.2023 02:30;5,00
15.01.2023 02:45;5,00
15.01.2023 03:00;5,00
15.01.2023 03:15;5,00
15.01.2023 03:30;5,00
15.01.2023 03:45;5,00
15.01.2023 04:00;5,00
15.01.2023 04:15;5,00
15.01.2023 04:30;5,00
15.01.2023 04:45;5,00
15.01.2023 05:00;5,15
15.01.2023 05:15;5,00
15.01.2023 05:30;5,00
15.01.2023 05:45;5,00
15.01.2023 06:00;5,00
15.01.2023 06:15;5,00
15.01.2023 06:30;5,00
15.01.2023 06:45;6,18
15.01.2023 07:00;6,46
15.01.2023 07:15;6,50
15.01.2023 07:30;13,19
15.01.2023 07:45;10,35
15.01.2023 08:00;9,40
15.01.2023 08:15;12,72
15.01.2023 08:30;9,07
15.01.2023 08:45;12,89
15.01.2023 09:00;11,01
15.01.2023 09:15;9,97
15.01.2023 09:30;13,74
15.01.2023 09:45;6,61
15.01.2023 10:00;10,18
15.01.2023 10:15;9,96
15.01.2023 10:30;15,05
15.01.2023 10:45;11,15
15.01.2023 11:00;7,70
15.01.2023 11:15;7,38
15.01.2023 11:30;10,29
15.01.2023 11:45;5,46
15.01.2023 12:00;11,73
15.01.2023 12:15;7,24
15.01.2023 12:30;9,05
15.01.2023 12:45;10,73
15.01.2023 13:00;6,07
15.01.2023 13:15;8,67
15.01.2023 13:30;13,00
15.01.2023 13:45;8,45
15.01.2023 14:00;9,68
15.01.2023 14:15;11,76
15.01.2023 14:30;13,51
15.01.2023 14:45;11,68
15.01.2023 15:00;14,37
15.01.2023 15:15;12,19
15.01.2023 15:30;9,57
15.01.2023 15:45;15,31
15.01.2023 16:00;11,94
15.01.2023 16:15;12,23
15.01.2023 16:30;14,91
15.01.2023 16:45;12,88
15.01.2023 17:00;12,19
15.01.2023 17:15;15,09
15.01.2023 17:30;8,96
15.01.2023 17:45;11,58
15.01.2023 18:00;9,31
15.01.2023 18:15;5,00
15.01.2023 18:30;5,82
15.01.2023 18:45;5,00
15.01.2023 19:00;5,00
15.01.2023 19:15;5,00
15.01.2023 19:30;5,00
15.01.2023 19:45;5,00
15.01.2023 20:00;5,00
15.01.2023 20:15;5,00
15.01.2023 20:30;6,87
15.01.2023 20:45;5,00
15.01.2023 21:00;5,00
15.01.2023 21:15;5,00
15.01.2023 21:30;5,00
15.01.2023 21:45;5,00
15.01.2023 22:00;5,00
15.01.2023 22:15;5,00
15.01.2023 22:30;5,00
15.01.2023 22:45;5,00
15.01.2023 23:00;5,00
15.01.2023 23:15;5,97
15.01.2023 23:30;5,00
15.01.2023 23:45;5,00
16.01.2023 00:00;8,23
16.01.2023 00:15;9,25
16.01.2023 00:30;7,26
16.01.2023 00:45;5,00
16.01.2023 01:00;7,70
16.01.2023 01:15;5,60
16.01.2023 01:30;5,84
16.01.2023 01:45;8,07
16.01.2023 02:00;9,38
16.01.2023 02:15;6,94
16.01.2023 02:30;7,52
16.01.2023 02:45;10,30
16.01.2023 03:00;7,38
16.01.2023 03:15;12,10
16.01.2023 03:30;8,03
16.01.2023 03:45;5,00
16.01.2023 04:00;8,41
16.01.2023 04:15;7,66
16.01.2023 04:30;9,48
16.01.2023 04:45;8,25
16.01.2023 05:00;6,62
16.01.2023 05:15;5,00
16.01.2023 05:30;6,48
16.01.2023 05:45;5,20
16.01.2023 06:00;5,74
16.01.2023 06:15;8,08
16.01.2023 06:30;10,24
16.01.2023 06:45;7,69
16.01.2023 07:00;20,61
16.01.2023 07:15;25,20
16.01.2023 07:30;28,01
16.01.2023 07:45;25,69
16.01.2023 08:00;27,41
16.01.2023 08:15;28,01
16.01.2023 08:30;28,56
16.01.2023 08:45;31,35
16.01.2023 09:00;29,03
16.01.2023 09:15;33,31
16.01.2023 09:30;28,27
16.01.2023 09:45;31,68
16.01.2023 10:00;35,13
16.01.2023 10:15;32,92
16.01.2023 10:30;33,60
16.01.2023 10:45;31,50
16.01.2023 11:00;35,89
16.01.2023 11:15;33,75
16.01.2023 11:30;29,16
16.01.2023 11:45;31,62
16.01.2023 12:00;29,05
16.01.2023 12:15;34,69
16.01.2023 12:30;31,58
16.01.2023 12:45;41,50
16.01.2023 13:00;36,40
16.01.2023 13:15;38,93
16.01.2023 13:30;39,27
16.01.2023 13:45;39,48
16.01.2023 14:00;39,28
16.01.2023 14:15;36,98
16.01.2023 14:30;34,55
16.01.2023 14:45;35,69
16.01.2023 15:00;35,42
16.01.2023 15:15;34,03
16.01.2023 15:30;30,75
16.01.2023 15:45;33,39
16.01.2023 16:00;32,24
16.01.2023 16:15;30,91
16.01.2023 16:30;32,04
16.01.2023 16:45;31,34
16.01.2023 17:00;28,36
16.01.2023 17:15;29,87
16.01.2023 17:30;23,33
16.01.2023 17:45;23,92
16.01.2023 18:00;21,57
16.01.2023 18:15;5,00
16.01.2023 18:30;6,73
16.01.2023 18:45;6,66
16.01.2023 19:00;9,93
16.01.2023 19:15;8,16
16.01.2023 19:30;5,00
16.01.2023 19:45;10,61
16.01.2023 20:00;9,34
16.01.2023 20:15;8,06
16.01.2023 20:30;6,45
16.01.2023 20:45;5,00
16.01.2023 21:00;6,16
16.01.2023 21:15;9,08
16.01.2023 21:30;10,67
16.01.2023 21:45;9,99
16.01.2023 22:00;5,92
16.01.2023 22:15;5,00
16.01.2023 22:30;7,18
16.01.2023 22:45;5,00
16.01.2023 23:00;7,55
16.01.2023 23:15;6,60
16.01.2023 23:30;5,97
16.01.2023 23:45;5,00
17.01.2023 00:00;7,93
17.01.2023 00:15;5,83
17.01.2023 00:30;5,00
17.01.2023 00:45;5,00
17.01.2023 01:00;6,84
17.01.2023 01:15;10,44
17.01.2023 01:30;10,22
17.01.2023 01:45;5,99
17.01.2023 02:00;5,70
17.01.2023 02:15;7,84
17.01.2023 02:30;5,00
17.01.2023 02:45;7,50
17.01.2023 03:00;8,43
17.01.2023 03:15;9,35
17.01.2023 03:30;6,70
17.01.2023 03:45;6,49
17.01.2023 04:00;5,14
17.01.2023 04:15;5,25
17.01.2023 04:30;6,45
17.01.2023 04:45;7,63
17.01.2023 05:00;8,73
17.01.2023 05:15;5,29
17.01.2023 05:30;9,88
17.01.2023 05:45;6,36
17.01.2023 06:00;6,86
17.01.2023 06:15;5,41
17.01.2023 06:30;5,00
17.01.2023 06:45;8,67
17.01.2023 07:00;24,47
17.01.2023 07:15;23,75
17.01.2023 07:30;25,75
17.01.2023 07:45;27,94
17.01.2023 08:00;24,39
17.01.2023 08:15;27,78
17.01.2023 08:30;29,49
17.01.2023 08:45;26,84
17.01.2023 09:00;29,22
17.01.2023 09:15;26,59
17.01.2023 09:30;30,20
17.01.2023 09:45;32,98
17.01.2023 10:00;30,21
17.01.2023 10:15;32,13
17.01.2023 10:30;34,31
17.01.2023 10:45;33,77
17.01.2023 11:00;33,62
17.01.2023 11:15;35,82
17.01.2023 11:30;33,18
17.01.2023 11:45;32,78
17.01.2023 12:00;33,01
17.01.2023 12:15;35,96
17.01.2023 12:30;35,65
17.01.2023 12:45;34,06
17.01.2023 13:00;34,27
17.01.2023 13:15;38,72
17.01.2023 13:30;31,98
17.01.2023 13:45;27,33
17.01.2023 14:00;35,73
17.01.2023 14:15;40,05
17.01.2023 14:30;30,37
17.01.2023 14:45;30,78
17.01.2023 15:00;36,61
17.01.2023 15:15;36,93
17.01.2023 15:30;33,48
17.01.2023 15:45;31,33
17.01.2023 16:00;32,17
17.01.2023 16:15;34,57
17.01.2023 16:30;29,35
17.01.2023 16:45;27,83
17.01.2023 17:00;27,22
17.01.2023 17:15;25,00
17.01.2023 17:30;25,86
17.01.2023 17:45;27,56
17.01.2023 18:00;23,64
17.01.2023 18:15;6,39
17.01.2023 18:30;6,32
17.01.2023 18:45;5,00
17.01.2023 19:00;8,67
17.01.2023 19:15;6,74
17.01.2023 19:30;6,54
17.01.2023 19:45;13,29
17.01.2023 20:00;7,50
17.01.2023 20:15;5,40
17.01.2023 20:30;6,05
17.01.2023 20:45;9,20
17.01.2023 21:00;7,13
17.01.2023 21:15;5,00
17.01.2023 21:30;8,74
17.01.2023 21:45;5,56
17.01.2023 22:00;10,65
17.01.2023 22:15;9,06
17.01.2023 22:30;6,00
17.01.2023 22:45;9,46
17.01.2023 23:00;7,04
17.01.2023 23:15;8,61
17.01.2023 23:30;7,87
17.01.2023 23:45;5,21
18.01.2023 00:00;5,61
18.01.2023 00:15;8,96
18.01.2023 00:30;6,23
18.01.2023 00:45;6,09
18.01.2023 01:00;5,00
18.01.2023 01:15;7,75
18.01.2023 01:30;11,02
18.01.2023 01:45;5,00
18.01.2023 02:00;6,95
18.01.2023 02:15;9,72
18.01.2023 02:30;6,74
18.01.2023 02:45;7,80
18.01.2023 03:00;5,00
18.01.2023 03:15;7,76
18.01.2023 03:30;6,52
18.01.2023 03:45;8,87
18.01.2023 04:00;9,27
18.01.2023 04:15;12,08
18.01.2023 04:30;8,06
18.01.2023 04:45;7,55
18.01.2023 05:00;7,29
18.01.2023 05:15;6,19
18.01.2023 05:30;7,58
18.01.2023 05:45;6,31
18.01.2023 06:00;7,24
18.01.2023 06:15;9,53
18.01.2023 06:30;5,00
18.01.2023 06:45;9,18
18.01.2023 07:00;25,63
18.01.2023 07:15;24,07
18.01.2023 07:30;21,37
18.01.2023 07:45;25,69
18.01.2023 08:00;30,24
18.01.2023 08:15;28,29
18.01.2023 08:30;26,63
18.01.2023 08:45;28,98
18.01.2023 09:00;30,98
18.01.2023 09:15;32,10
18.01.2023 09:30;28,41
18.01.2023 09:45;32,53
18.01.2023 10:00;31,15
18.01.2023 10:15;30,94
18.01.2023 10:30;35,26
18.01.2023 10:45;30,19
18.01.2023 11:00;35,06
18.01.2023 11:15;36,91
18.01.2023 11:30;34,16
18.01.2023 11:45;31,15
18.01.2023 12:00;34,43
18.01.2023 12:15;33,46
18.01.2023 12:30;31,21
18.01.2023 12:45;39,24
18.01.2023 13:00;33,18
18.01.2023 13:15;36,26
18.01.2023 13:30;34,39
18.01.2023 13:45;35,60
18.01.2023 14:00;34,37
18.01.2023 14:15;33,16
18.01.2023 14:30;34,62
18.01.2023 14:45;34,06
18.01.2023 15:00;37,05
18.01.2023 15:15;29,95
18.01.2023 15:30;33,84
18.01.2023 15:45;36,97
18.01.2023 16:00;30,53
18.01.2023 16:15;30,46
18.01.2023 16:30;31,67
18.01.2023 16:45;29,78
18.01.2023 17:00;28,88
18.01.2023 17:15;27,88
18.01.2023 17:30;26,88
18.01.2023 17:45;26,53
18.01.2023 18:00;23,82
18.01.2023 18:15;6,42
18.01.2023 18:30;8,24
18.01.2023 18:45;10,70
18.01.2023 19:00;6,63
18.01.2023 19:15;5,00
18.01.2023 19:30;9,11
18.01.2023 19:45;6,66
18.01.2023 20:00;5,00
18.01.2023 20:15;8,59
18.01.2023 20:30;5,83
18.01.2023 20:45;6,72
18.01.2023 21:00;7,56
18.01.2023 21:15;7,28
18.01.2023 21:30;8,32
18.01.2023 21:45;6,03
18.01.2023 22:00;7,93
18.01.2023 22:15;6,38
18.01.2023 22:30;8,38
18.01.2023 22:45;8,13
18.01.2023 23:00;5,03
18.01.2023 23:15;9,07
18.01.2023 23:30;5,83
18.01.2023 23:45;8,51
19.01.2023 00:00;7,63
19.01.2023 00:15;10,57
19.01.2023 00:30;6,45
19.01.2023 00:45;6,20
19.01.2023 01:00;6,86
19.01.2023 01:15;6,29
19.01.2023 01:30;8,50
19.01.2023 01:45;5,00
19.01.2023 02:00;5,00
19.01.2023 02:15;5,00
19.01.2023 02:30;8,80
19.01.2023 02:45;10,32
19.01.2023 03:00;6,69
19.01.2023 03:15;6,56
19.01.2023 03:30;7,04
19.01.2023 03:45;9,22
19.01.2023 04:00;5,04
19.01.2023 04:15;7,37
19.01.2023 04:30;8,85
19.01.2023 04:45;7,90
19.01.2023 05:00;7,28
19.01.2023 05:15;8,90
19.01.2023 05:30;5,00
19.01.2023 05:45;8,25
19.01.2023 06:00;5,59
19.01.2023 06:15;5,00
19.01.2023 06:30;7,92
19.01.2023 06:45;9,65
19.01.2023 07:00;22,72
19.01.2023 07:15;26,21
19.01.2023 07:30;28,84
19.01.2023 07:45;29,53
19.01.2023 08:00;30,97
19.01.2023 08:15;29,11
19.01.2023 08:30;28,38
19.01.2023 08:45;24,78
19.01.2023 09:00;30,10
19.01.2023 09:15;28,65
19.01.2023 09:30;36,62
19.01.2023 09:45;32,48
19.01.2023 10:00;31,13
19.01.2023 10:15;32,73
19.01.2023 10:30;31,37
19.01.2023 10:45;35,05
19.01.2023 11:00;32,48
19.01.2023 11:15;34,46
19.01.2023 11:30;34,67
19.01.2023 11:45;33,12
19.01.2023 12:00;33,14
19.01.2023 12:15;33,82
19.01.2023 12:30;31,91
19.01.2023 12:45;31,75
19.01.2023 13:00;29,03
19.01.2023 13:15;36,68
19.01.2023 13:30;32,11
19.01.2023 13:45;37,87
19.01.2023 14:00;32,34
19.01.2023 14:15;32,24
19.01.2023 14:30;31,68
19.01.2023 14:45;30,72
19.01.2023 15:00;33,77
19.01.2023 15:15;35,73
19.01.2023 15:30;29,22
19.01.2023 15:45;33,04
19.01.2023 16:00;32,06
19.01.2023 16:15;33,15
19.01.2023 16:30;31,06
19.01.2023 16:45;27,92
19.01.2023 17:00;27,54
19.01.2023 17:15;25,31
19.01.2023 17:30;27,76
19.01.2023 17:45;24,35
19.01.2023 18:00;26,80
19.01.2023 18:15;6,78
19.01.2023 18:30;5,48
19.01.2023 18:45;5,00
19.01.2023 19:00;5,00
19.01.2023 19:15;5,00
19.01.2023 19:30;7,43
19.01.2023 19:45;7,92
19.01.2023 20:00;5,00
19.01.2023 20:15;8,69
19.01.2023 20:30;5,93
19.01.2023 20:45;7,19
19.01.2023 21:00;10,12
19.01.2023 21:15;8,69
19.01.2023 21:30;6,36
19.01.2023 21:45;5,12
19.01.2023 22:00;5,00
19.01.2023 22:15;5,46
19.01.2023 22:30;6,48
19.01.2023 22:45;5,00
19.01.2023 23:00;6,64
19.01.2023 23:15;7,05
19.01.2023 23:30;6,45
19.01.2023 23:45;5,60
20.01.2023 00:00;7,23
20.01.2023 00:15;7,78
20.01.2023 00:30;5,00
20.01.2023 00:45;9,72
20.01.2023 01:00;6,70
20.01.2023 01:15;6,93
20.01.2023 01:30;8,31
20.01.2023 01:45;7,36
20.01.2023 02:00;8,80
20.01.2023 02:15;7,47
20.01.2023 02:30;5,67
20.01.2023 02:45;7,62
20.01.2023 03:00;5,00
20.01.2023 03:15;7,11
20.01.2023 03:30;6,83
20.01.2023 03:45;6,48
20.01.2023 04:00;6,64
20.01.2023 04:15;5,00
20.01.2023 04:30;5,80
20.01.2023 04:45;7,08
20.01.2023 05:00;7,22
20.01.2023 05:15;5,00
20.01.2023 05:30;9,43
20.01.2023 05:45;5,16
20.01.2023 06:00;8,84
20.01.2023 06:15;7,75
20.01.2023 06:30;5,60
20.01.2023 06:45;10,45
20.01.2023 07:00;20,60
20.01.2023 07:15;26,14
20.01.2023 07:30;27,61
20.01.2023 07:45;25,56
20.01.2023 08:00;30,20
20.01.2023 08:15;27,87
20.01.2023 08:30;29,04
20.01.2023 08:45;31,51
20.01.2023 09:00;29,35
20.01.2023 09:15;30,05
20.01.2023 09:30;32,10
20.01.2023 09:45;28,94
20.01.2023 10:00;34,18
20.01.2023 10:15;28,78
20.01.2023 10:30;31,83
20.01.2023 10:45;35,77
20.01.2023 11:00;33,76
20.01.2023 11:15;32,54
20.01.2023 11:30;31,00
20.01.2023 11:45;32,10
20.01.2023 12:00;31,63
20.01.2023 12:15;32,86
20.01.2023 12:30;38,54
20.01.2023 12:45;38,99
20.01.2023 13:00;37,83
20.01.2023 13:15;32,66
20.01.2023 13:30;33,11
20.01.2023 13:45;31,04
20.01.2023 14:00;37,24
20.01.2023 14:15;35,34
20.01.2023 14:30;33,83
20.01.2023 14:45;31,19
20.01.2023 15:00;32,42
20.01.2023 15:15;33,30
20.01.2023 15:30;32,15
20.01.2023 15:45;33,16
20.01.2023 16:00;31,23
20.01.2023 16:15;31,77
20.01.2023 16:30;31,72
20.01.2023 16:45;29,43
20.01.2023 17:00;27,30
20.01.2023 17:15;26,68
20.01.2023 17:30;25,43
20.01.2023 17:45;23,56
20.01.2023 18:00;22,47
20.01.2023 18:15;10,09
20.01.2023 18:30;8,02
20.01.2023 18:45;6,31
20.01.2023 19:00;8,29
20.01.2023 19:15;6,23
20.01.2023 19:30;9,24
20.01.2023 19:45;7,64
20.01.2023 20:00;6,68
20.01.2023 20:15;7,79
20.01.2023 20:30;5,00
20.01.2023 20:45;5,00
20.01.2023 21:00;5,00
20.01.2023 21:15;7,18
20.01.2023 21:30;10,36
20.01.2023 21:45;11,36
20.01.2023 22:00;8,17
20.01.2023 22:15;7,90
20.01.2023 22:30;5,00
20.01.2023 22:45;5,81
20.01.2023 23:00;5,32
20.01.2023 23:15;5,65
20.01.2023 23:30;6,56
20.01.2023 23:45;5,95
21.01.2023 00:00;5,00
21.01.2023 00:15;5,00
21.01.2023 00:30;5,00
21.01.2023 00:45;5,00
21.01.2023 01:00;6,91
21.01.2023 01:15;5,00
21.01.2023 01:30;5,00
21.01.2023 01:45;5,00
21.01.2023 02:00;5,00
21.01.2023 02:15;6,67
21.01.2023 02:30;5,00
21.01.2023 02:45;5,00
21.01.2023 03:00;5,00
21.01.2023 03:15;5,00
21.01.2023 03:30;8,05
21.01.2023 03:45;5,00
21.01.2023 04:00;5,00
21.01.2023 04:15;5,00
21.01.2023 04:30;5,00
21.01.2023 04:45;5,00
21.01.2023 05:00;5,00
21.01.2023 05:15;5,00
21.01.2023 05:30;5,00
21.01.2023 05:45;5,00
21.01.2023 06:00;5,00
21.01.2023 06:15;5,00
21.01.2023 06:30;5,00
21.01.2023 06:45;5,00
21.01.2023 07:00;11,45
21.01.2023 07:15;9,62
21.01.2023 07:30;6,69
21.01.2023 07:45;13,23
21.01.2023 08:00;8,75
21.01.2023 08:15;9,09
21.01.2023 08:30;7,97
21.01.2023 08:45;12,58
21.01.2023 09:00;6,60
21.01.2023 09:15;14,64
21.01.2023 09:30;10,31
21.01.2023 09:45;11,64
21.01.2023 10:00;11,53
21.01.2023 10:15;8,99
21.01.2023 10:30;10,34
21.01.2023 10:45;11,58
21.01.2023 11:00;7,79
21.01.2023 11:15;10,84
21.01.2023 11:30;7,79
21.01.2023 11:45;6,01
21.01.2023 12:00;9,83
21.01.2023 12:15;16,34
21.01.2023 12:30;11,74
21.01.2023 12:45;3,31
21.01.2023 13:00;8,71
21.01.2023 13:15;11,52
21.01.2023 13:30;7,42
21.01.2023 13:45;12,19
21.01.2023 14:00;12,39
21.01.2023 14:15;12,99
21.01.2023 14:30;7,41
21.01.2023 14:45;14,01
21.01.2023 15:00;8,88
21.01.2023 15:15;9,08
21.01.2023 15:30;9,67
21.01.2023 15:45;14,28
21.01.2023 16:00;14,18
21.01.2023 16:15;13,71
21.01.2023 16:30;13,70
21.01.2023 16:45;12,80
21.01.2023 17:00;9,98
21.01.2023 17:15;11,62
21.01.2023 17:30;11,84
21.01.2023 17:45;11,23
21.01.2023 18:00;11,57
21.01.2023 18:15;5,00
21.01.2023 18:30;5,00
21.01.2023 18:45;5,00
21.01.2023 19:00;5,00
21.01.2023 19:15;5,00
21.01.2023 19:30;5,00
21.01.2023 19:45;5,00
21.01.2023 20:00;5,00
21.01.2023 20:15;5,00
21.01.2023 20:30;5,00
21.01.2023 20:45;5,00
21.01.2023 21:00;5,00
21.01.2023 21:15;5,00
21.01.2023 21:30;5,00
21.01.2023 21:45;5,00
21.01.2023 22:00;5,00
21.01.2023 22:15;5,00
21.01.2023 22:30;5,00
21.01.2023 22:45;5,00
21.01.2023 23:00;5,00
21.01.2023 23:15;5,00
21.01.2023 23:30;5,00
21.01.2023 23:45;5,00
22.01.2023 00:00;5,00
22.01.2023 00:15;5,00
22.01.2023 00:30;5,00
22.01.2023 00:45;5,00
22.01.2023 01:00;5,00
22.01.2023 01:15;5,00
22.01.2023 01:30;5,48
22.01.2023 01:45;5,00
22.01.2023 02:00;5,00
22.01.2023 02:15;5,00
22.01.2023 02:30;6,36
22.01.2023 02:45;5,24
22.01.2023 03:00;5,00
22.01.2023 03:15;5,00
22.01.2023 03:30;5,00
22.01.2023 03:45;5,00
22.01.2023 04:00;5,00
22.01.2023 04:15;5,00
22.01.2023 04:30;5,00
22.01.2023 04:45;8,28
22.01.2023 05:00;5,00
22.01.2023 05:15;5,00
22.01.2023 05:30;5,00
22.01.2023 05:45;5,00
22.01.2023 06:00;5,00
22.01.2023 06:15;5,00
22.01.2023 06:30;5,00
22.01.2023 06:45;5,00
22.01.2023 07:00;7,55
22.01.2023 07:15;11,96
22.01.2023 07:30;10,24
22.01.2023 07:45;10,60
22.01.2023 08:00;9,40
22.01.2023 08:15;10,28
22.01.2023 08:30;13,58
22.01.2023 08:45;8,92
22.01.2023 09:00;9,23
22.01.2023 09:15;9,51
22.01.2023 09:30;6,16
22.01.2023 09:45;6,80
22.01.2023 10:00;13,01
22.01.2023 10:15;11,44
22.01.2023 10:30;10,76
22.01.2023 10:45;6,72
22.01.2023 11:00;9,40
22.01.2023 11:15;9,31
22.01.2023 11:30;9,38
22.01.2023 11:45;13,32
22.01.2023 12:00;8,11
22.01.2023 12:15;9,21
22.01.2023 12:30;6,63
22.01.2023 12:45;6,34
22.01.2023 13:00;11,90
22.01.2023 13:15;13,26
22.01.2023 13:30;13,30
22.01.2023 13:45;11,90
22.01.2023 14:00;10,00
22.01.2023 14:15;10,94
22.01.2023 14:30;11,54
22.01.2023 14:45;11,93
22.01.2023 15:00;13,43
22.01.2023 15:15;14,13
22.01.2023 15:30;11,53
22.01.2023 15:45;11,24
22.01.2023 16:00;12,36
22.01.2023 16:15;13,76
22.01.2023 16:30;9,36
22.01.2023 16:45;7,17
22.01.2023 17:00;10,16
22.01.2023 17:15;8,31
22.01.2023 17:30;9,22
22.01.2023 17:45;9,42
22.01.2023 18:00;8,28
22.01.2023 18:15;5,66
22.01.2023 18:30;5,00
22.01.2023 18:45;5,00
22.01.2023 19:00;5,00
22.01.2023 19:15;5,00
22.01.2023 19:30;5,00
22.01.2023 19:45;5,00
22.01.2023 20:00;5,00
22.01.2023 20:15;5,00
22.01.2023 20:30;5,00
22.01.2023 20:45;5,00
22.01.2023 21:00;5,00
22.01.2023 21:15;5,00
22.01.2023 21:30;5,00
22.01.2023 21:45;5,01
22.01.2023 22:00;5,00
22.01.2023 22:15;6,04
22.01.2023 22:30;5,00
22.01.2023 22:45;5,00
22.01.2023 23:00;5,00
22.01.2023 23:15;5,00
22.01.2023 23:30;5,00
22.01.2023 23:45;5,00
23.01.2023 00:00;6,97
23.01.2023 00:15;5,00
23.01.2023 00:30;8,37
23.01.2023 00:45;5,87
23.01.2023 01:00;6,43
23.01.2023 01:15;5,00
23.01.2023 01:30;5,00
23.01.2023 01:45;6,51
23.01.2023 02:00;11,72
23.01.2023 02:15;8,46
23.01.2023 02:30;6,85
23.01.2023 02:45;6,37
23.01.2023 03:00;6,94
23.01.2023 03:15;7,99
23.01.2023 03:30;5,00
23.01.2023 03:45;9,12
23.01.2023 04:00;8,32
23.01.2023 04:15;8,33
23.01.2023 04:30;7,77
23.01.2023 04:45;6,93
23.01.2023 05:00;8,24
23.01.2023 05:15;8,08
23.01.2023 05:30;6,18
23.01.2023 05:45;5,74
23.01.2023 06:00;7,10
23.01.2023 06:15;9,99
23.01.2023 06:30;5,00
23.01.2023 06:45;5,00
23.01.2023 07:00;23,30
23.01.2023 07:15;24,38
23.01.2023 07:30;25,93
23.01.2023 07:45;27,22
23.01.2023 08:00;27,15
23.01.2023 08:15;30,59
23.01.2023 08:30;25,48
23.01.2023 08:45;28,18
23.01.2023 09:00;28,54
23.01.2023 09:15;25,34
23.01.2023 09:30;30,42
23.01.2023 09:45;31,97
23.01.2023 10:00;28,96
23.01.2023 10:15;31,14
23.01.2023 10:30;30,67
23.01.2023 10:45;30,65
23.01.2023 11:00;35,09
23.01.2023 11:15;34,72
23.01.2023 11:30;40,31
23.01.2023 11:45;36,43
23.01.2023 12:00;34,87
23.01.2023 12:15;32,95
23.01.2023 12:30;37,11
23.01.2023 12:45;35,87
23.01.2023 13:00;35,67
23.01.2023 13:15;29,55
23.01.2023 13:30;33,48
23.01.2023 13:45;31,06
23.01.2023 14:00;32,98
23.01.2023 14:15;32,72
23.01.2023 14:30;34,47
23.01.2023 14:45;31,66
23.01.2023 15:00;34,78
23.01.2023 15:15;34,03
23.01.2023 15:30;30,20
23.01.2023 15:45;36,21
23.01.2023 16:00;28,82
23.01.2023 16:15;32,00
23.01.2023 16:30;34,65
23.01.2023 16:45;29,41
23.01.2023 17:00;27,77
23.01.2023 17:15;26,16
23.01.2023 17:30;25,23
23.01.2023 17:45;27,03
23.01.2023 18:00;18,55
23.01.2023 18:15;9,96
23.01.2023 18:30;5,00
23.01.2023 18:45;6,36
23.01.2023 19:00;6,03
23.01.2023 19:15;8,07
23.01.2023 19:30;5,00
23.01.2023 19:45;7,82
23.01.2023 20:00;10,94
23.01.2023 20:15;5,00
23.01.2023 20:30;7,27
23.01.2023 20:45;5,57
23.01.2023 21:00;7,74
23.01.2023 21:15;6,93
23.01.2023 21:30;5,61
23.01.2023 21:45;7,87
23.01.2023 22:00;10,50
23.01.2023 22:15;6,51
23.01.2023 22:30;8,33
23.01.2023 22:45;5,00
23.01.2023 23:00;5,00
23.01.2023 23:15;7,84
23.01.2023 23:30;9,86
23.01.2023 23:45;7,60
24.01.2023 00:00;6,26
24.01.2023 00:15;6,89
24.01.2023 00:30;5,00
24.01.2023 00:45;8,10
24.01.2023 01:00;8,65
24.01.2023 01:15;5,99
24.01.2023 01:30;5,95
24.01.2023 01:45;7,42
24.01.2023 02:00;6,02
24.01.2023 02:15;6,76
24.01.2023 02:30;11,09
24.01.2023 02:45;6,40
24.01.2023 03:00;6,17
24.01.2023 03:15;5,59
24.01.2023 03:30;8,38
24.01.2023 03:45;6,53
24.01.2023 04:00;5,59
24.01.2023 04:15;9,53
24.01.2023 04:30;9,73
24.01.2023 04:45;5,69
24.01.2023 05:00;5,00
24.01.2023 05:15;8,90
24.01.2023 05:30;5,52
24.01.2023 05:45;8,47
24.01.2023 06:00;5,00
24.01.2023 06:15;8,67
24.01.2023 06:30;5,00
24.01.2023 06:45;8,35
24.01.2023 07:00;22,99
24.01.2023 07:15;22,37
24.01.2023 07:30;24,76
24.01.2023 07:45;28,10
24.01.2023 08:00;27,28
24.01.2023 08:15;29,95
24.01.2023 08:30;32,40
24.01.2023 08:45;25,98
24.01.2023 09:00;32,81
24.01.2023 09:15;30,47
24.01.2023 09:30;29,32
24.01.2023 09:45;28,59
24.01.2023 10:00;30,36
24.01.2023 10:15;32,91
24.01.2023 10:30;31,53
24.01.2023 10:45;36,81
24.01.2023 11:00;27,20
24.01.2023 11:15;30,02
24.01.2023 11:30;34,18
24.01.2023 11:45;33,90
24.01.2023 12:00;36,81
24.01.2023 12:15;30,72
24.01.2023 12:30;28,93
24.01.2023 12:45;34,46
24.01.2023 13:00;33,90
24.01.2023 13:15;35,77
24.01.2023 13:30;33,96
24.01.2023 13:45;30,91
24.01.2023 14:00;33,53
24.01.2023 14:15;36,69
24.01.2023 14:30;30,36
24.01.2023 14:45;32,92
24.01.2023 15:00;31,31
24.01.2023 15:15;34,13
24.01.2023 15:30;33,22
24.01.2023 15:45;31,03
24.01.2023 16:00;30,61
24.01.2023 16:15;31,56
24.01.2023 16:30;28,42
24.01.2023 16:45;27,21
24.01.2023 17:00;29,50
24.01.2023 17:15;24,57
24.01.2023 17:30;26,91
24.01.2023 17:45;25,20
24.01.2023 18:00;19,51
24.01.2023 18:15;5,53
24.01.2023 18:30;9,28
24.01.2023 18:45;5,00
24.01.2023 19:00;5,96
24.01.2023 19:15;7,81
24.01.2023 19:30;8,46
24.01.2023 19:45;6,39
24.01.2023 20:00;5,69
24.01.2023 20:15;9,73
24.01.2023 20:30;10,37
24.01.2023 20:45;8,85
24.01.2023 21:00;7,06
24.01.2023 21:15;5,27
24.01.2023 21:30;5,23
24.01.2023 21:45;7,93
24.01.2023 22:00;7,73
24.01.2023 22:15;9,69
24.01.2023 22:30;8,19
24.01.2023 22:45;5,00
24.01.2023 23:00;8,99
24.01.2023 23:15;5,00
24.01.2023 23:30;6,12
24.01.2023 23:45;7,39
25.01.2023 00:00;10,88
25.01.2023 00:15;13,11
25.01.2023 00:30;8,10
25.01.2023 00:45;6,52
25.01.2023 01:00;7,96
25.01.2023 01:15;8,66
25.01.2023 01:30;6,25
25.01.2023 01:45;10,48
25.01.2023 02:00;7,35
25.01.2023 02:15;7,88
25.01.2023 02:30;8,22
25.01.2023 02:45;7,73
25.01.2023 03:00;8,56
25.01.2023 03:15;5,65
25.01.2023 03:30;5,77
25.01.2023 03:45;5,00
25.01.2023 04:00;7,77
25.01.2023 04:15;8,44
25.01.2023 04:30;7,80
25.01.2023 04:45;10,24
25.01.2023 05:00;6,88
25.01.2023 05:15;8,22
25.01.2023 05:30;5,00
25.01.2023 05:45;6,11
25.01.2023 06:00;8,28
25.01.2023 06:15;8,58
25.01.2023 06:30;6,30
25.01.2023 06:45;6,74
25.01.2023 07:00;19,92
25.01.2023 07:15;23,55
25.01.2023 07:30;27,35
25.01.2023 07:45;27,69
25.01.2023 08:00;28,09
25.01.2023 08:15;26,97
25.01.2023 08:30;29,34
25.01.2023 08:45;28,23
25.01.2023 09:00;30,05
25.01.2023 09:15;33,01
25.01.2023 09:30;31,82
25.01.2023 09:45;30,34
25.01.2023 10:00;24,86
25.01.2023 10:15;32,24
25.01.2023 10:30;34,88
25.01.2023 10:45;32,28
25.01.2023 11:00;35,79
25.01.2023 11:15;32,76
25.01.2023 11:30;38,25
25.01.2023 11:45;33,55
25.01.2023 12:00;36,92
25.01.2023 12:15;29,60
25.01.2023 12:30;36,44
25.01.2023 12:45;37,12
25.01.2023 13:00;30,42
25.01.2023 13:15;31,56
25.01.2023 13:30;29,91
25.01.2023 13:45;35,40
25.01.2023 14:00;34,05
25.01.2023 14:15;29,08
25.01.2023 14:30;29,17
25.01.2023 14:45;36,86
25.01.2023 15:00;32,80
25.01.2023 15:15;35,43
25.01.2023 15:30;32,50
25.01.2023 15:45;29,18
25.01.2023 16:00;29,99
25.01.2023 16:15;34,03
25.01.2023 16:30;30,27
25.01.2023 16:45;28,28
25.01.2023 17:00;28,45
25.01.2023 17:15;27,86
25.01.2023 17:30;27,80
25.01.2023 17:45;27,16
25.01.2023 18:00;22,24
25.01.2023 18:15;5,00
25.01.2023 18:30;6,06
25.01.2023 18:45;7,41
25.01.2023 19:00;5,00
25.01.2023 19:15;5,00
25.01.2023 19:30;7,57
25.01.2023 19:45;6,79
25.01.2023 20:00;6,95
25.01.2023 20:15;5,37
25.01.2023 20:30;6,43
25.01.2023 20:45;5,04
25.01.2023 21:00;8,67
25.01.2023 21:15;8,96
25.01.2023 21:30;5,00
25.01.2023 21:45;5,03
25.01.2023 22:00;5,00
25.01.2023 22:15;5,59
25.01.2023 22:30;6,72
25.01.2023 22:45;5,00
25.01.2023 23:00;5,04
25.01.2023 23:15;5,00
25.01.2023 23:30;7,30
25.01.2023 23:45;7,03
26.01.2023 00:00;5,44
26.01.2023 00:15;7,24
26.01.2023 00:30;5,79
26.01.2023 00:45;6,34
26.01.2023 01:00;10,23
26.01.2023 01:15;9,56
26.01.2023 01:30;5,00
26.01.2023 01:45;8,54
26.01.2023 02:00;8,51
26.01.2023 02:15;5,00
26.01.2023 02:30;8,52
26.01.2023 02:45;9,96
26.01.2023 03:00;5,00
26.01.2023 03:15;5,05
26.01.2023 03:30;8,92
26.01.2023 03:45;7,43
26.01.2023 04:00;7,99
26.01.2023 04:15;7,57
26.01.2023 04:30;7,67
26.01.2023 04:45;5,00
26.01.2023 05:00;8,98
26.01.2023 05:15;9,22
26.01.2023 05:30;6,43
26.01.2023 05:45;6,80
26.01.2023 06:00;5,00
26.01.2023 06:15;7,91
26.01.2023 06:30;8,03
26.01.2023 06:45;6,76
26.01.2023 07:00;25,20
26.01.2023 07:15;23,59
26.01.2023 07:30;26,69
26.01.2023 07:45;24,58
26.01.2023 08:00;27,67
26.01.2023 08:15;26,89
26.01.2023 08:30;29,64
26.01.2023 08:45;26,51
26.01.2023 09:00;28,50
26.01.2023 09:15;29,41
26.01.2023 09:30;29,18
26.01.2023 09:45;25,93
26.01.2023 10:00;34,42
26.01.2023 10:15;32,01
26.01.2023 10:30;34,03
26.01.2023 10:45;31,46
26.01.2023 11:00;29,89
26.01.2023 11:15;33,82
26.01.2023 11:30;34,84
26.01.2023 11:45;33,75
26.01.2023 12:00;31,30
26.01.2023 12:15;29,21
26.01.2023 12:30;33,49
26.01.2023 12:45;36,75
26.01.2023 13:00;30,90
26.01.2023 13:15;31,00
26.01.2023 13:30;36,31
26.01.2023 13:45;34,32
26.01.2023 14:00;30,77
26.01.2023 14:15;33,25
26.01.2023 14:30;35,36
26.01.2023 14:45;33,22
26.01.2023 15:00;31,75
26.01.2023 15:15;36,20
26.01.2023 15:30;33,23
26.01.2023 15:45;29,45
26.01.2023 16:00;33,39
26.01.2023 16:15;33,13
26.01.2023 16:30;29,05
26.01.2023 16:45;29,44
26.01.2023 17:00;29,48
26.01.2023 17:15;26,43
26.01.2023 17:30;27,70
26.01.2023 17:45;28,98
26.01.2023 18:00;21,37
26.01.2023 18:15;5,00
26.01.2023 18:30;7,49
26.01.2023 18:45;8,33
26.01.2023 19:00;6,42
26.01.2023 19:15;9,79
26.01.2023 19:30;5,00
26.01.2023 19:45;8,27
26.01.2023 20:00;5,67
26.01.2023 20:15;10,32
26.01.2023 20:30;10,87
26.01.2023 20:45;5,35
26.01.2023 21:00;5,78
26.01.2023 21:15;8,60
26.01.2023 21:30;6,11
26.01.2023 21:45;6,79
26.01.2023 22:00;6,93
26.01.2023 22:15;5,00
26.01.2023 22:30;6,86
26.01.2023 22:45;5,50
26.01.2023 23:00;5,90
26.01.2023 23:15;9,77
26.01.2023 23:30;5,00
26.01.2023 23:45;8,51
27.01.2023 00:00;6,32
27.01.2023 00:15;6,32
27.01.2023 00:30;8,46
27.01.2023 00:45;7,56
27.01.2023 01:00;8,02
27.01.2023 01:15;8,82
27.01.2023 01:30;6,22
27.01.2023 01:45;5,66
27.01.2023 02:00;5,00
27.01.2023 02:15;5,23
27.01.2023 02:30;12,78
27.01.2023 02:45;9,37
27.01.2023 03:00;5,00
27.01.2023 03:15;5,00
27.01.2023 03:30;7,84
27.01.2023 03:45;7,98
27.01.2023 04:00;7,98
27.01.2023 04:15;6,37
27.01.2023 04:30;6,63
27.01.2023 04:45;7,54
27.01.2023 05:00;7,05
27.01.2023 05:15;5,00
27.01.2023 05:30;6,42
27.01.2023 05:45;5,18
27.01.2023 06:00;7,23
27.01.2023 06:15;12,85
27.01.2023 06:30;7,62
27.01.2023 06:45;6,25
27.01.2023 07:00;24,78
27.01.2023 07:15;25,21
27.01.2023 07:30;26,39
27.01.2023 07:45;27,72
27.01.2023 08:00;30,93
27.01.2023 08:15;24,42
27.01.2023 08:30;29,53
27.01.2023 08:45;25,84
27.01.2023 09:00;32,64
27.01.2023 09:15;25,80
27.01.2023 09:30;27,43
27.01.2023 09:45;31,22
27.01.2023 10:00;31,15
27.01.2023 10:15;30,52
27.01.2023 10:30;32,32
27.01.2023 10:45;33,73
27.01.2023 11:00;28,01
27.01.2023 11:15;30,10
27.01.2023 11:30;31,48
27.01.2023 11:45;32,51
27.01.2023 12:00;35,96
27.01.2023 12:15;33,17
27.01.2023 12:30;30,78
27.01.2023 12:45;38,28
27.01.2023 13:00;34,37
27.01.2023 13:15;36,35
27.01.2023 13:30;33,69
27.01.2023 13:45;32,73
27.01.2023 14:00;36,42
27.01.2023 14:15;34,02
27.01.2023 14:30;35,18
27.01.2023 14:45;35,58
27.01.2023 15:00;27,27
27.01.2023 15:15;31,91
27.01.2023 15:30;33,57
27.01.2023 15:45;33,98
27.01.2023 16:00;30,01
27.01.2023 16:15;31,26
27.01.2023 16:30;28,71
27.01.2023 16:45;29,86
27.01.2023 17:00;26,32
27.01.2023 17:15;26,02
27.01.2023 17:30;23,56
27.01.2023 17:45;25,55
27.01.2023 18:00;24,65
27.01.2023 18:15;6,41
27.01.2023 18:30;6,96
27.01.2023 18:45;5,00
27.01.2023 19:00;6,28
27.01.2023 19:15;6,78
27.01.2023 19:30;12,12
27.01.2023 19:45;5,00
27.01.2023 20:00;9,81
27.01.2023 20:15;8,87
27.01.2023 20:30;7,44
27.01.2023 20:45;10,40
27.01.2023 21:00;7,63
27.01.2023 21:15;7,66
27.01.2023 21:30;6,77
27.01.2023 21:45;9,33
27.01.2023 22:00;9,07
27.01.2023 22:15;5,63
27.01.2023 22:30;5,00
27.01.2023 22:45;6,47
27.01.2023 23:00;5,28
27.01.2023 23:15;6,75
27.01.2023 23:30;9,36
27.01.2023 23:45;5,97
28.01.2023 00:00;5,00
28.01.2023 00:15;5,00
28.01.2023 00:30;5,00
28.01.2023 00:45;5,00
28.01.2023 01:00;5,00
28.01.2023 01:15;5,00
28.01.2023 01:30;5,15
28.01.2023 01:45;5,00
28.01.2023 02:00;5,00
28.01.2023 02:15;5,00
28.01.2023 02:30;5,00
28.01.2023 02:45;5,00
28.01.2023 03:00;5,00
28.01.2023 03:15;5,00
28.01.2023 03:30;5,00
28.01.2023 03:45;5,00
28.01.2023 04:00;5,00
28.01.2023 04:15;5,30
28.01.2023 04:30;5,00
28.01.2023 04:45;5,00
28.01.2023 05:00;5,00
28.01.2023 05:15;5,00
28.01.2023 05:30;5,00
28.01.2023 05:45;5,00
28.01.2023 06:00;5,00
28.01.2023 06:15;5,00
28.01.2023 06:30;5,00
28.01.2023 06:45;5,66
28.01.2023 07:00;10,58
28.01.2023 07:15;11,27
28.01.2023 07:30;10,38
28.01.2023 07:45;13,18
28.01.2023 08:00;10,44
28.01.2023 08:15;8,65
28.01.2023 08:30;11,70
28.01.2023 08:45;12,68
28.01.2023 09:00;6,66
28.01.2023 09:15;6,30
28.01.2023 09:30;10,54
28.01.2023 09:45;11,40
28.01.2023 10:00;8,19
28.01.2023 10:15;12,78
28.01.2023 10:30;11,97
28.01.2023 10:45;12,78
28.01.2023 11:00;9,66
28.01.2023 11:15;12,22
28.01.2023 11:30;8,75
28.01.2023 11:45;6,23
28.01.2023 12:00;10,26
28.01.2023 12:15;12,45
28.01.2023 12:30;9,62
28.01.2023 12:45;5,50
28.01.2023 13:00;4,53
28.01.2023 13:15;11,24
28.01.2023 13:30;7,11
28.01.2023 13:45;6,29
28.01.2023 14:00;14,05
28.01.2023 14:15;12,70
28.01.2023 14:30;8,75
28.01.2023 14:45;13,52
28.01.2023 15:00;13,67
28.01.2023 15:15;14,02
28.01.2023 15:30;10,59
28.01.2023 15:45;13,68
28.01.2023 16:00;9,92
28.01.2023 16:15;13,97
28.01.2023 16:30;12,56
28.01.2023 16:45;12,84
28.01.2023 17:00;8,89
28.01.2023 17:15;8,94
28.01.2023 17:30;11,41
28.01.2023 17:45;7,80
28.01.2023 18:00;10,10
28.01.2023 18:15;5,00
28.01.2023 18:30;5,00
28.01.2023 18:45;5,00
28.01.2023 19:00;5,00
28.01.2023 19:15;5,00
28.01.2023 19:30;5,00
28.01.2023 19:45;5,00
28.01.2023 20:00;5,00
28.01.2023 20:15;5,00
28.01.2023 20:30;5,00
28.01.2023 20:45;5,00
28.01.2023 21:00;5,00
28.01.2023 21:15;5,00
28.01.2023 21:30;5,00
28.01.2023 21:45;5,00
28.01.2023 22:00;5,00
28.01.2023 22:15;5,00
28.01.2023 22:30;5,00
28.01.2023 22:45;5,00
28.01.2023 23:00;5,00
28.01.2023 23:15;5,00
28.01.2023 23:30;5,00
28.01.2023 23:45;5,00
29.01.2023 00:00;5,00
29.01.2023 00:15;5,00
29.01.2023 00:30;5,00
29.01.2023 00:45;5,00
29.01.2023 01:00;5,00
29.01.2023 01:15;5,00
29.01.2023 01:30;5,00
29.01.2023 01:45;5,61
29.01.2023 02:00;5,00
29.01.2023 02:15;5,00
29.01.2023 02:30;5,00
29.01.2023 02:45;5,41
29.01.2023 03:00;5,00
29.01.2023 03:15;5,00
29.01.2023 03:30;6,77
29.01.2023 03:45;5,00
29.01.2023 04:00;5,00
29.01.2023 04:15;5,00
29.01.2023 04:30;5,00
29.01.2023 04:45;5,00
29.01.2023 05:00;5,00
29.01.2023 05:15;5,88
29.01.2023 05:30;5,00
29.01.2023 05:45;5,81
29.01.2023 06:00;5,00
29.01.2023 06:15;5,00
29.01.2023 06:30;5,00
29.01.2023 06:45;5,00
29.01.2023 07:00;10,42
29.01.2023 07:15;11,46
29.01.2023 07:30;9,02
29.01.2023 07:45;10,63
29.01.2023 08:00;14,09
29.01.2023 08:15;8,19
29.01.2023 08:30;6,76
29.01.2023 08:45;12,56
29.01.2023 09:00;11,35
29.01.2023 09:15;7,05
29.01.2023 09:30;8,71
29.01.2023 09:45;10,05
29.01.2023 10:00;6,21
29.01.2023 10:15;6,76
29.01.2023 10:30;15,39
29.01.2023 10:45;14,56
29.01.2023 11:00;10,23
29.01.2023 11:15;6,44
29.01.2023 11:30;12,88
29.01.2023 11:45;6,80
29.01.2023 12:00;13,83
29.01.2023 12:15;8,05
29.01.2023 12:30;11,80
29.01.2023 12:45;11,19
29.01.2023 13:00;7,53
29.01.2023 13:15;12,83
29.01.2023 13:30;10,09
29.01.2023 13:45;10,08
29.01.2023 14:00;6,58
29.01.2023 14:15;13,42
29.01.2023 14:30;12,82
29.01.2023 14:45;8,27
29.01.2023 15:00;11,84
29.01.2023 15:15;10,58
29.01.2023 15:30;15,39
29.01.2023 15:45;15,62
29.01.2023 16:00;10,79
29.01.2023 16:15;11,81
29.01.2023 16:30;12,06
29.01.2023 16:45;10,82
29.01.2023 17:00;11,62
29.01.2023 17:15;9,21
29.01.2023 17:30;7,95
29.01.2023 17:45;10,93
29.01.2023 18:00;10,42
29.01.2023 18:15;5,00
29.01.2023 18:30;5,00
29.01.2023 18:45;5,00
29.01.2023 19:00;5,00
29.01.2023 19:15;5,00
29.01.2023 19:30;5,00
29.01.2023 19:45;5,00
29.01.2023 20:00;5,00
29.01.2023 20:15;5,00
29.01.2023 20:30;5,00
29.01.2023 20:45;5,00
29.01.2023 21:00;5,00
29.01.2023 21:15;5,00
29.01.2023 21:30;5,00
29.01.2023 21:45;5,00
29.01.2023 22:00;5,00
29.01.2023 22:15;5,00
29.01.2023 22:30;5,00
29.01.2023 22:45;5,00
29.01.2023 23:00;5,00
29.01.2023 23:15;5,00
29.01.2023 23:30;5,00
29.01.2023 23:45;5,00
30.01.2023 00:00;5,90
30.01.2023 00:15;6,17
30.01.2023 00:30;5,33
30.01.2023 00:45;5,00
30.01.2023 01:00;5,96
30.01.2023 01:15;7,23
30.01.2023 01:30;8,06
30.01.2023 01:45;5,76
30.01.2023 02:00;6,04
30.01.2023 02:15;5,02
30.01.2023 02:30;6,81
30.01.2023 02:45;5,17
30.01.2023 03:00;8,02
30.01.2023 03:15;5,00
30.01.2023 03:30;6,15
30.01.2023 03:45;7,47
30.01.2023 04:00;7,24
30.01.2023 04:15;12,26
30.01.2023 04:30;7,57
30.01.2023 04:45;5,00
30.01.2023 05:00;6,68
30.01.2023 05:15;5,00
30.01.2023 05:30;6,71
30.01.2023 05:45;5,20
30.01.2023 06:00;8,70
30.01.2023 06:15;5,77
30.01.2023 06:30;6,64
30.01.2023 06:45;5,60
30.01.2023 07:00;26,38
30.01.2023 07:15;23,57
30.01.2023 07:30;29,17
30.01.2023 07:45;28,04
30.01.2023 08:00;28,15
30.01.2023 08:15;27,21
30.01.2023 08:30;27,93
30.01.2023 08:45;26,46
30.01.2023 09:00;28,92
30.01.2023 09:15;32,84
30.01.2023 09:30;28,03
30.01.2023 09:45;28,29
30.01.2023 10:00;33,90
30.01.2023 10:15;34,07
30.01.2023 10:30;32,47
30.01.2023 10:45;34,14
30.01.2023 11:00;34,77
30.01.2023 11:15;34,19
30.01.2023 11:30;26,04
30.01.2023 11:45;32,35
30.01.2023 12:00;38,35
30.01.2023 12:15;32,97
30.01.2023 12:30;33,59
30.01.2023 12:45;31,13
30.01.2023 13:00;34,28
30.01.2023 13:15;33,84
30.01.2023 13:30;39,00
30.01.2023 13:45;32,53
30.01.2023 14:00;31,43
30.01.2023 14:15;27,85
30.01.2023 14:30;37,71
30.01.2023 14:45;29,60
30.01.2023 15:00;32,49
30.01.2023 15:15;29,06
30.01.2023 15:30;29,70
30.01.2023 15:45;30,87
30.01.2023 16:00;30,52
30.01.2023 16:15;29,71
30.01.2023 16:30;29,41
30.01.2023 16:45;30,97
30.01.2023 17:00;25,85
30.01.2023 17:15;27,24
30.01.2023 17:30;27,94
30.01.2023 17:45;23,18
30.01.2023 18:00;21,46
30.01.2023 18:15;6,41
30.01.2023 18:30;9,23
30.01.2023 18:45;7,26
30.01.2023 19:00;5,81
30.01.2023 19:15;7,84
30.01.2023 19:30;5,00
30.01.2023 19:45;8,23
30.01.2023 20:00;7,69
30.01.2023 20:15;6,25
30.01.2023 20:30;5,19
30.01.2023 20:45;5,10
30.01.2023 21:00;7,94
30.01.2023 21:15;9,33
30.01.2023 21:30;5,60
30.01.2023 21:45;7,79
30.01.2023 22:00;5,00
30.01.2023 22:15;5,70
30.01.2023 22:30;6,81
30.01.2023 22:45;5,05
30.01.2023 23:00;5,00
30.01.2023 23:15;5,53
30.01.2023 23:30;7,45
30.01.2023 23:45;6,50
31.01.2023 00:00;5,00
31.01.2023 00:15;5,00
31.01.2023 00:30;5,65
31.01.2023 00:45;7,78
31.01.2023 01:00;5,00
31.01.2023 01:15;5,87
31.01.2023 01:30;5,81
31.01.2023 01:45;9,64
31.01.2023 02:00;6,10
31.01.2023 02:15;7,63
31.01.2023 02:30;7,15
31.01.2023 02:45;5,00
31.01.2023 03:00;8,40
31.01.2023 03:15;7,30
31.01.2023 03:30;7,88
31.01.2023 03:45;14,72
31.01.2023 04:00;5,00
31.01.2023 04:15;10,32
31.01.2023 04:30;6,29
31.01.2023 04:45;7,44
31.01.2023 05:00;6,78
31.01.2023 05:15;6,02
31.01.2023 05:30;5,73
31.01.2023 05:45;7,53
31.01.2023 06:00;5,00
31.01.2023 06:15;8,37
31.01.2023 06:30;6,03
31.01.2023 06:45;5,00
31.01.2023 07:00;21,99
31.01.2023 07:15;26,71
31.01.2023 07:30;24,42
31.01.2023 07:45;27,04
31.01.2023 08:00;25,40
31.01.2023 08:15;27,65
31.01.2023 08:30;30,74
31.01.2023 08:45;33,36
31.01.2023 09:00;28,96
31.01.2023 09:15;32,12
31.01.2023 09:30;29,89
31.01.2023 09:45;30,21
31.01.2023 10:00;31,75
31.01.2023 10:15;32,79
31.01.2023 10:30;30,98
31.01.2023 10:45;32,46
31.01.2023 11:00;36,46
31.01.2023 11:15;34,62
31.01.2023 11:30;34,18
31.01.2023 11:45;31,53
31.01.2023 12:00;35,06
31.01.2023 12:15;39,60
31.01.2023 12:30;36,21
31.01.2023 12:45;33,94
31.01.2023 13:00;28,55
31.01.2023 13:15;34,70
31.01.2023 13:30;37,94
31.01.2023 13:45;38,22
31.01.2023 14:00;32,97
31.01.2023 14:15;32,00
31.01.2023 14:30;28,84
31.01.2023 14:45;31,69
31.01.2023 15:00;34,87
31.01.2023 15:15;31,53
31.01.2023 15:30;33,40
31.01.2023 15:45;32,68
31.01.2023 16:00;31,97
31.01.2023 16:15;28,77
31.01.2023 16:30;30,66
31.01.2023 16:45;23,30
31.01.2023 17:00;27,67
31.01.2023 17:15;23,52
31.01.2023 17:30;27,90
31.01.2023 17:45;25,75
31.01.2023 18:00;23,82
31.01.2023 18:15;9,91
31.01.2023 18:30;5,00
31.01.2023 18:45;10,36
31.01.2023 19:00;8,73
31.01.2023 19:15;6,39
31.01.2023 19:30;9,14
31.01.2023 19:45;5,00
31.01.2023 20:00;5,22
31.01.2023 20:15;5,65
31.01.2023 20:30;5,81
31.01.2023 20:45;5,00
31.01.2023 21:00;9,31
31.01.2023 21:15;6,35
31.01.2023 21:30;7,57
31.01.2023 21:45;5,73
31.01.2023 22:00;5,00
31.01.2023 22:15;7,41
31.01.2023 22:30;5,00
31.01.2023 22:45;6,73
31.01.2023 23:00;5,00
31.01.2023 23:15;10,84
31.01.2023 23:30;8,69
31.01.2023 23:45;7,08
01.02.2023 00:00;9,39
01.02.2023 00:15;5,17
01.02.2023 00:30;7,95
01.02.2023 00:45;7,26
01.02.2023 01:00;7,39
01.02.2023 01:15;9,41
01.02.2023 01:30;8,33
01.02.2023 01:45;7,44
01.02.2023 02:00;5,00
01.02.2023 02:15;5,00
01.02.2023 02:30;6,62
01.02.2023 02:45;7,05
01.02.2023 03:00;5,00
01.02.2023 03:15;11,69
01.02.2023 03:30;9,89
01.02.2023 03:45;8,07
01.02.2023 04:00;7,01
01.02.2023 04:15;6,44
01.02.2023 04:30;5,00
01.02.2023 04:45;7,02
01.02.2023 05:00;7,38
01.02.2023 05:15;5,00
01.02.2023 05:30;7,53
01.02.2023 05:45;6,55
01.02.2023 06:00;5,00
01.02.2023 06:15;5,14
01.02.2023 06:30;6,03
01.02.2023 06:45;10,64
01.02.2023 07:00;23,99
01.02.2023 07:15;21,51
01.02.2023 07:30;26,37
01.02.2023 07:45;23,08
01.02.2023 08:00;28,30
01.02.2023 08:15;26,13
01.02.2023 08:30;28,83
01.02.2023 08:45;29,12
01.02.2023 09:00;24,78
01.02.2023 09:15;25,36
01.02.2023 09:30;29,56
01.02.2023 09:45;30,36
01.02.2023 10:00;30,26
01.02.2023 10:15;30,49
01.02.2023 10:30;34,26
01.02.2023 10:45;35,12
01.02.2023 11:00;36,39
01.02.2023 11:15;32,53
01.02.2023 11:30;32,81
01.02.2023 11:45;36,93
01.02.2023 12:00;35,29
01.02.2023 12:15;31,82
01.02.2023 12:30;34,40
01.02.2023 12:45;36,19
01.02.2023 13:00;29,15
01.02.2023 13:15;34,13
01.02.2023 13:30;28,28
01.02.2023 13:45;30,12
01.02.2023 14:00;37,48
01.02.2023 14:15;31,18
01.02.2023 14:30;31,52
01.02.2023 14:45;33,76
01.02.2023 15:00;33,75
01.02.2023 15:15;33,15
01.02.2023 15:30;29,76
01.02.2023 15:45;32,86
01.02.2023 16:00;33,17
01.02.2023 16:15;30,77
01.02.2023 16:30;29,22
01.02.2023 16:45;29,72
01.02.2023 17:00;29,46
01.02.2023 17:15;22,66
01.02.2023 17:30;27,79
01.02.2023 17:45;23,51
01.02.2023 18:00;23,72
01.02.2023 18:15;9,26
01.02.2023 18:30;5,00
01.02.2023 18:45;5,44
01.02.2023 19:00;6,28
01.02.2023 19:15;5,29
01.02.2023 19:30;10,33
01.02.2023 19:45;5,15
01.02.2023 20:00;5,75
01.02.2023 20:15;7,27
01.02.2023 20:30;5,00
01.02.2023 20:45;6,07
01.02.2023 21:00;7,50
01.02.2023 21:15;6,20
01.02.2023 21:30;6,67
01.02.2023 21:45;5,80
01.02.2023 22:00;5,00
01.02.2023 22:15;7,50
01.02.2023 22:30;10,37
01.02.2023 22:45;6,90
01.02.2023 23:00;7,31
01.02.2023 23:15;8,25
01.02.2023 23:30;5,00
01.02.2023 23:45;10,27
02.02.2023 00:00;7,26
02.02.2023 00:15;10,12
02.02.2023 00:30;5,39
02.02.2023 00:45;10,49
02.02.2023 01:00;8,41
02.02.2023 01:15;7,96
02.02.2023 01:30;7,33
02.02.2023 01:45;6,36
02.02.2023 02:00;9,26
02.02.2023 02:15;7,14
02.02.2023 02:30;5,00
02.02.2023 02:45;5,00
02.02.2023 03:00;6,49
02.02.2023 03:15;7,48
02.02.2023 03:30;6,74
02.02.2023 03:45;9,30
02.02.2023 04:00;5,00
02.02.2023 04:15;7,14
02.02.2023 04:30;5,00
02.02.2023 04:45;8,38
02.02.2023 05:00;6,67
02.02.2023 05:15;7,70
02.02.2023 05:30;5,13
02.02.2023 05:45;9,42
02.02.2023 06:00;8,94
02.02.2023 06:15;8,02
02.02.2023 06:30;6,60
02.02.2023 06:45;8,02
02.02.2023 07:00;21,44
02.02.2023 07:15;25,87
02.02.2023 07:30;28,57
02.02.2023 07:45;28,24
02.02.2023 08:00;25,00
02.02.2023 08:15;27,73
02.02.2023 08:30;24,58
02.02.2023 08:45;28,43
02.02.2023 09:00;30,73
02.02.2023 09:15;25,28
02.02.2023 09:30;24,74
02.02.2023 09:45;27,06
02.02.2023 10:00;27,90
02.02.2023 10:15;28,77
02.02.2023 10:30;28,85
02.02.2023 10:45;29,27
02.02.2023 11:00;31,34
02.02.2023 11:15;30,01
02.02.2023 11:30;35,82
02.02.2023 11:45;34,83
02.02.2023 12:00;30,17
02.02.2023 12:15;29,77
02.02.2023 12:30;34,65
02.02.2023 12:45;36,66
02.02.2023 13:00;32,36
02.02.2023 13:15;32,92
02.02.2023 13:30;31,95
02.02.2023 13:45;36,08
02.02.2023 14:00;30,53
02.02.2023 14:15;34,70
02.02.2023 14:30;33,18
02.02.2023 14:45;30,42
02.02.2023 15:00;28,65
02.02.2023 15:15;35,76
02.02.2023 15:30;31,86
02.02.2023 15:45;31,63
02.02.2023 16:00;33,11
02.02.2023 16:15;28,47
02.02.2023 16:30;31,24
02.02.2023 16:45;28,71
02.02.2023 17:00;29,70
02.02.2023 17:15;22,49
02.02.2023 17:30;25,26
02.02.2023 17:45;22,96
02.02.2023 18:00;23,72
02.02.2023 18:15;7,80
02.02.2023 18:30;5,44
02.02.2023 18:45;5,43
02.02.2023 19:00;6,64
02.02.2023 19:15;5,06
02.02.2023 19:30;8,54
02.02.2023 19:45;6,12
02.02.2023 20:00;5,00
02.02.2023 20:15;6,11
02.02.2023 20:30;5,00
02.02.2023 20:45;5,00
02.02.2023 21:00;5,00
02.02.2023 21:15;7,08
02.02.2023 21:30;9,51
02.02.2023 21:45;7,48
02.02.2023 22:00;5,64
02.02.2023 22:15;7,77
02.02.2023 22:30;5,94
02.02.2023 22:45;5,47
02.02.2023 23:00;5,00
02.02.2023 23:15;5,00
02.02.2023 23:30;6,08
02.02.2023 23:45;7,17
03.02.2023 00:00;6,66
03.02.2023 00:15;6,02
03.02.2023 00:30;5,00
03.02.2023 00:45;8,07
03.02.2023 01:00;5,00
03.02.2023 01:15;8,40
03.02.2023 01:30;5,00
03.02.2023 01:45;5,35
03.02.2023 02:00;5,00
03.02.2023 02:15;5,85
03.02.2023 02:30;8,80
03.02.2023 02:45;7,88
03.02.2023 03:00;8,81
03.02.2023 03:15;7,90
03.02.2023 03:30;5,00
03.02.2023 03:45;6,19
03.02.2023 04:00;5,29
03.02.2023 04:15;9,51
03.02.2023 04:30;5,00
03.02.2023 04:45;8,64
03.02.2023 05:00;8,64
03.02.2023 05:15;10,51
03.02.2023 05:30;6,03
03.02.2023 05:45;8,28
03.02.2023 06:00;11,42
03.02.2023 06:15;5,62
03.02.2023 06:30;5,00
03.02.2023 06:45;5,00
03.02.2023 07:00;24,27
03.02.2023 07:15;20,38
03.02.2023 07:30;24,52
03.02.2023 07:45;26,92
03.02.2023 08:00;25,87
03.02.2023 08:15;27,84
03.02.2023 08:30;28,13
03.02.2023 08:45;29,89
03.02.2023 09:00;29,80
03.02.2023 09:15;25,31
03.02.2023 09:30;25,37
03.02.2023 09:45;29,44
03.02.2023 10:00;31,04
03.02.2023 10:15;32,04
03.02.2023 10:30;36,14
03.02.2023 10:45;25,81
03.02.2023 11:00;32,51
03.02.2023 11:15;33,79
03.02.2023 11:30;32,80
03.02.2023 11:45;35,22
03.02.2023 12:00;30,96
03.02.2023 12:15;28,35
03.02.2023 12:30;32,39
03.02.2023 12:45;35,78
03.02.2023 13:00;27,97
03.02.2023 13:15;34,78
03.02.2023 13:30;35,95
03.02.2023 13:45;31,55
03.02.2023 14:00;32,00
03.02.2023 14:15;29,32
03.02.2023 14:30;33,79
03.02.2023 14:45;34,27
03.02.2023 15:00;35,38
03.02.2023 15:15;32,50
03.02.2023 15:30;30,63
03.02.2023 15:45;27,32
03.02.2023 16:00;28,43
03.02.2023 16:15;34,15
03.02.2023 16:30;27,58
03.02.2023 16:45;29,61
03.02.2023 17:00;30,00
03.02.2023 17:15;24,22
03.02.2023 17:30;25,81
03.02.2023 17:45;26,02
03.02.2023 18:00;22,87
03.02.2023 18:15;12,59
03.02.2023 18:30;5,00
03.02.2023 18:45;8,97
03.02.2023 19:00;6,51
03.02.2023 19:15;8,40
03.02.2023 19:30;7,73
03.02.2023 19:45;5,39
03.02.2023 20:00;7,31
03.02.2023 20:15;5,00
03.02.2023 20:30;8,06
03.02.2023 20:45;7,45
03.02.2023 21:00;8,13
03.02.2023 21:15;8,97
03.02.2023 21:30;7,59
03.02.2023 21:45;7,15
03.02.2023 22:00;5,09
03.02.2023 22:15;5,43
03.02.2023 22:30;9,23
03.02.2023 22:45;9,72
03.02.2023 23:00;6,38
03.02.2023 23:15;6,94
03.02.2023 23:30;5,04
03.02.2023 23:45;9,20
04.02.2023 00:00;5,00
04.02.2023 00:15;6,62
04.02.2023 00:30;5,00
04.02.2023 00:45;5,00
04.02.2023 01:00;5,00
04.02.2023 01:15;5,00
04.02.2023 01:30;5,00
04.02.2023 01:45;5,00
04.02.2023 02:00;5,00
04.02.2023 02:15;5,00
04.02.2023 02:30;5,00
04.02.2023 02:45;5,45
04.02.2023 03:00;5,08
04.02.2023 03:15;5,00
04.02.2023 03:30;5,00
04.02.2023 03:45;5,00
04.02.2023 04:00;5,00
04.02.2023 04:15;5,00
04.02.2023 04:30;5,00
04.02.2023 04:45;5,00
04.02.2023 05:00;5,00
04.02.2023 05:15;5,75
04.02.2023 05:30;5,00
04.02.2023 05:45;5,00
04.02.2023 06:00;5,00
04.02.2023 06:15;5,00
04.02.2023 06:30;5,58
04.02.2023 06:45;5,00
04.02.2023 07:00;11,68
04.02.2023 07:15;10,33
04.02.2023 07:30;7,70
04.02.2023 07:45;6,99
04.02.2023 08:00;12,60
04.02.2023 08:15;7,25
04.02.2023 08:30;5,24
04.02.2023 08:45;9,65
04.02.2023 09:00;9,73
04.02.2023 09:15;10,09
04.02.2023 09:30;7,60
04.02.2023 09:45;8,23
04.02.2023 10:00;7,49
04.02.2023 10:15;12,07
04.02.2023 10:30;10,21
04.02.2023 10:45;12,31
04.02.2023 11:00;14,99
04.02.2023 11:15;8,25
04.02.2023 11:30;6,19
04.02.2023 11:45;10,31
04.02.2023 12:00;8,69
04.02.2023 12:15;4,35
04.02.2023 12:30;7,50
04.02.2023 12:45;16,10
04.02.2023 13:00;6,09
04.02.2023 13:15;3,44
04.02.2023 13:30;11,57
04.02.2023 13:45;15,67
04.02.2023 14:00;9,23
04.02.2023 14:15;10,75
04.02.2023 14:30;5,63
04.02.2023 14:45;8,24
04.02.2023 15:00;13,43
04.02.2023 15:15;12,25
04.02.2023 15:30;10,77
04.02.2023 15:45;10,24
04.02.2023 16:00;10,06
04.02.2023 16:15;13,37
04.02.2023 16:30;13,75
04.02.2023 16:45;8,59
04.02.2023 17:00;14,37
04.02.2023 17:15;11,83
04.02.2023 17:30;12,97
04.02.2023 17:45;6,97
04.02.2023 18:00;6,40
04.02.2023 18:15;5,00
04.02.2023 18:30;5,00
04.02.2023 18:45;6,33
04.02.2023 19:00;5,00
04.02.2023 19:15;5,00
04.02.2023 19:30;5,00
04.02.2023 19:45;5,20
04.02.2023 20:00;5,00
04.02.2023 20:15;6,00
04.02.2023 20:30;5,00
04.02.2023 20:45;5,92
04.02.2023 21:00;5,00
04.02.2023 21:15;5,00
04.02.2023 21:30;5,00
04.02.2023 21:45;5,00
04.02.2023 22:00;5,00
04.02.2023 22:15;5,00
04.02.2023 22:30;5,00
04.02.2023 22:45;5,00
04.02.2023 23:00;5,00
04.02.2023 23:15;5,00
04.02.2023 23:30;5,00
04.02.2023 23:45;5,00
05.02.2023 00:00;5,00
05.02.2023 00:15;5,00
05.02.2023 00:30;5,00
05.02.2023 00:45;5,00
05.02.2023 01:00;5,00
05.02.2023 01:15;6,64
05.02.2023 01:30;5,00
05.02.2023 01:45;5,00
05.02.2023 02:00;5,00
05.02.2023 02:15;5,00
05.02.2023 02:30;5,00
05.02.2023 02:45;5,00
05.02.2023 03:00;5,64
05.02.2023 03:15;6,35
05.02.2023 03:30;5,00
05.02.2023 03:45;5,00
05.02.2023 04:00;5,00
05.02.2023 04:15;5,00
05.02.2023 04:30;5,00
05.02.2023 04:45;5,00
05.02.2023 05:00;7,07
05.02.2023 05:15;5,12
05.02.2023 05:30;5,00
05.02.2023 05:45;5,00
05.02.2023 06:00;5,00
05.02.2023 06:15;5,00
05.02.2023 06:30;5,00
05.02.2023 06:45;5,00
05.02.2023 07:00;10,85
05.02.2023 07:15;9,92
05.02.2023 07:30;6,77
05.02.2023 07:45;8,48
05.02.2023 08:00;8,70
05.02.2023 08:15;9,10
05.02.2023 08:30;13,41
05.02.2023 08:45;7,66
05.02.2023 09:00;12,69
05.02.2023 09:15;13,99
05.02.2023 09:30;10,29
05.02.2023 09:45;7,29
05.02.2023 10:00;13,63
05.02.2023 10:15;6,08
05.02.2023 10:30;5,09
05.02.2023 10:45;4,34
05.02.2023 11:00;9,89
05.02.2023 11:15;3,54
05.02.2023 11:30;8,81
05.02.2023 11:45;4,57
05.02.2023 12:00;9,18
05.02.2023 12:15;14,39
05.02.2023 12:30;4,74
05.02.2023 12:45;3,98
05.02.2023 13:00;12,54
05.02.2023 13:15;5,05
05.02.2023 13:30;7,33
05.02.2023 13:45;9,25
05.02.2023 14:00;12,76
05.02.2023 14:15;12,30
05.02.2023 14:30;8,22
05.02.2023 14:45;10,53
05.02.2023 15:00;8,37
05.02.2023 15:15;8,45
05.02.2023 15:30;11,19
05.02.2023 15:45;12,57
05.02.2023 16:00;7,02
05.02.2023 16:15;13,46
05.02.2023 16:30;12,20
05.02.2023 16:45;14,44
05.02.2023 17:00;12,07
05.02.2023 17:15;12,88
05.02.2023 17:30;11,09
05.02.2023 17:45;12,34
05.02.2023 18:00;10,17
05.02.2023 18:15;5,00
05.02.2023 18:30;7,28
05.02.2023 18:45;5,00
05.02.2023 19:00;5,00
05.02.2023 19:15;5,00
05.02.2023 19:30;5,00
05.02.2023 19:45;5,00
05.02.2023 20:00;5,00
05.02.2023 20:15;5,00
05.02.2023 20:30;5,00
05.02.2023 20:45;5,91
05.02.2023 21:00;5,00
05.02.2023 21:15;5,00
05.02.2023 21:30;5,00
05.02.2023 21:45;5,00
05.02.2023 22:00;5,00
05.02.2023 22:15;5,00
05.02.2023 22:30;5,00
05.02.2023 22:45;5,00
05.02.2023 23:00;5,00
05.02.2023 23:15;5,00
05.02.2023 23:30;5,00
05.02.2023 23:45;6,84
06.02.2023 00:00;9,01
06.02.2023 00:15;6,08
06.02.2023 00:30;6,87
06.02.2023 00:45;5,00
06.02.2023 01:00;10,23
06.02.2023 01:15;10,63
06.02.2023 01:30;7,15
06.02.2023 01:45;8,88
06.02.2023 02:00;7,19
06.02.2023 02:15;5,00
06.02.2023 02:30;6,01
06.02.2023 02:45;7,10
06.02.2023 03:00;5,93
06.02.2023 03:15;6,40
06.02.2023 03:30;6,65
06.02.2023 03:45;6,67
06.02.2023 04:00;6,94
06.02.2023 04:15;5,00
06.02.2023 04:30;5,40
06.02.2023 04:45;5,00
06.02.2023 05:00;8,79
06.02.2023 05:15;5,00
06.02.2023 05:30;9,14
06.02.2023 05:45;9,61
06.02.2023 06:00;6,23
06.02.2023 06:15;5,00
06.02.2023 06:30;6,11
06.02.2023 06:45;6,71
06.02.2023 07:00;20,77
06.02.2023 07:15;23,06
06.02.2023 07:30;28,14
06.02.2023 07:45;26,65
06.02.2023 08:00;24,27
06.02.2023 08:15;22,09
06.02.2023 08:30;26,96
06.02.2023 08:45;25,29
06.02.2023 09:00;29,47
06.02.2023 09:15;29,39
06.02.2023 09:30;32,09
06.02.2023 09:45;34,65
06.02.2023 10:00;30,56
06.02.2023 10:15;31,70
06.02.2023 10:30;32,46
06.02.2023 10:45;27,81
06.02.2023 11:00;40,58
06.02.2023 11:15;31,65
06.02.2023 11:30;35,99
06.02.2023 11:45;34,87
06.02.2023 12:00;30,61
06.02.2023 12:15;30,39
06.02.2023 12:30;34,18
06.02.2023 12:45;29,12
06.02.2023 13:00;33,83
06.02.2023 13:15;28,40
06.02.2023 13:30;33,32
06.02.2023 13:45;33,44
06.02.2023 14:00;33,16
06.02.2023 14:15;28,37
06.02.2023 14:30;30,71
06.02.2023 14:45;33,57
06.02.2023 15:00;29,84
06.02.2023 15:15;31,84
06.02.2023 15:30;34,08
06.02.2023 15:45;25,40
06.02.2023 16:00;30,79
06.02.2023 16:15;26,31
06.02.2023 16:30;27,81
06.02.2023 16:45;32,42
06.02.2023 17:00;26,76
06.02.2023 17:15;24,31
06.02.2023 17:30;24,99
06.02.2023 17:45;28,22
06.02.2023 18:00;19,12
06.02.2023 18:15;5,00
06.02.2023 18:30;9,83
06.02.2023 18:45;10,55
06.02.2023 19:00;6,63
06.02.2023 19:15;5,00
06.02.2023 19:30;11,03
06.02.2023 19:45;10,03
06.02.2023 20:00;8,19
06.02.2023 20:15;5,21
06.02.2023 20:30;6,74
06.02.2023 20:45;6,52
06.02.2023 21:00;7,50
06.02.2023 21:15;9,74
06.02.2023 21:30;8,60
06.02.2023 21:45;5,00
06.02.2023 22:00;9,59
06.02.2023 22:15;7,46
06.02.2023 22:30;8,21
06.02.2023 22:45;9,77
06.02.2023 23:00;5,00
06.02.2023 23:15;6,76
06.02.2023 23:30;5,77
06.02.2023 23:45;5,00
07.02.2023 00:00;7,52
07.02.2023 00:15;11,85
07.02.2023 00:30;5,00
07.02.2023 00:45;6,77
07.02.2023 01:00;8,11
07.02.2023 01:15;7,08
07.02.2023 01:30;6,60
07.02.2023 01:45;5,00
07.02.2023 02:00;7,30
07.02.2023 02:15;5,32
07.02.2023 02:30;5,00
07.02.2023 02:45;9,22
07.02.2023 03:00;8,75
07.02.2023 03:15;6,93
07.02.2023 03:30;7,29
07.02.2023 03:45;8,98
07.02.2023 04:00;7,28
07.02.2023 04:15;8,64
07.02.2023 04:30;6,24
07.02.2023 04:45;9,45
07.02.2023 05:00;7,47
07.02.2023 05:15;7,22
07.02.2023 05:30;5,00
07.02.2023 05:45;7,40
07.02.2023 06:00;5,17
07.02.2023 06:15;5,55
07.02.2023 06:30;5,20
07.02.2023 06:45;5,00
07.02.2023 07:00;27,02
07.02.2023 07:15;26,73
07.02.2023 07:30;28,75
07.02.2023 07:45;23,69
07.02.2023 08:00;26,67
07.02.2023 08:15;24,46
07.02.2023 08:30;24,01
07.02.2023 08:45;27,97
07.02.2023 09:00;32,60
07.02.2023 09:15;25,66
07.02.2023 09:30;31,88
07.02.2023 09:45;29,95
07.02.2023 10:00;35,50
07.02.2023 10:15;24,05
07.02.2023 10:30;36,52
07.02.2023 10:45;32,36
07.02.2023 11:00;25,77
07.02.2023 11:15;34,63
07.02.2023 11:30;34,73
07.02.2023 11:45;29,22
07.02.2023 12:00;27,49
07.02.2023 12:15;33,39
07.02.2023 12:30;32,99
07.02.2023 12:45;32,46
07.02.2023 13:00;32,75
07.02.2023 13:15;27,71
07.02.2023 13:30;29,01
07.02.2023 13:45;34,76
07.02.2023 14:00;31,44
07.02.2023 14:15;28,79
07.02.2023 14:30;33,92
07.02.2023 14:45;31,61
07.02.2023 15:00;30,53
07.02.2023 15:15;31,46
07.02.2023 15:30;31,08
07.02.2023 15:45;32,30
07.02.2023 16:00;28,63
07.02.2023 16:15;29,02
07.02.2023 16:30;32,19
07.02.2023 16:45;30,92
07.02.2023 17:00;25,15
07.02.2023 17:15;27,34
07.02.2023 17:30;21,40
07.02.2023 17:45;24,16
07.02.2023 18:00;26,56
07.02.2023 18:15;5,00
07.02.2023 18:30;5,16
07.02.2023 18:45;8,36
07.02.2023 19:00;5,00
07.02.2023 19:15;5,56
07.02.2023 19:30;8,02
07.02.2023 19:45;5,56
07.02.2023 20:00;6,36
07.02.2023 20:15;8,32
07.02.2023 20:30;7,67
07.02.2023 20:45;7,36
07.02.2023 21:00;6,15
07.02.2023 21:15;7,57
07.02.2023 21:30;6,58
07.02.2023 21:45;7,75
07.02.2023 22:00;5,84
07.02.2023 22:15;6,47
07.02.2023 22:30;5,00
07.02.2023 22:45;6,76
07.02.2023 23:00;5,21
07.02.2023 23:15;5,00
07.02.2023 23:30;7,35
07.02.2023 23:45;7,26
08.02.2023 00:00;8,39
08.02.2023 00:15;5,96
08.02.2023 00:30;7,64
08.02.2023 00:45;7,93
08.02.2023 01:00;7,71
08.02.2023 01:15;5,17
08.02.2023 01:30;7,12
08.02.2023 01:45;7,55
08.02.2023 02:00;6,84
08.02.2023 02:15;5,00
08.02.2023 02:30;7,15
08.02.2023 02:45;11,25
08.02.2023 03:00;6,10
08.02.2023 03:15;5,37
08.02.2023 03:30;7,57
08.02.2023 03:45;7,45
08.02.2023 04:00;9,21
08.02.2023 04:15;5,00
08.02.2023 04:30;8,29
08.02.2023 04:45;8,01
08.02.2023 05:00;6,54
08.02.2023 05:15;7,50
08.02.2023 05:30;8,88
08.02.2023 05:45;8,57
08.02.2023 06:00;5,00
08.02.2023 06:15;8,46
08.02.2023 06:30;6,69
08.02.2023 06:45;6,97
08.02.2023 07:00;22,89
08.02.2023 07:15;23,75
08.02.2023 07:30;27,41
08.02.2023 07:45;24,95
08.02.2023 08:00;22,53
08.02.2023 08:15;26,02
08.02.2023 08:30;26,26
08.02.2023 08:45;30,56
08.02.2023 09:00;30,83
08.02.2023 09:15;25,18
08.02.2023 09:30;31,08
08.02.2023 09:45;28,40
08.02.2023 10:00;33,14
08.02.2023 10:15;30,59
08.02.2023 10:30;28,14
08.02.2023 10:45;31,53
08.02.2023 11:00;35,75
08.02.2023 11:15;33,67
08.02.2023 11:30;32,73
08.02.2023 11:45;29,80
08.02.2023 12:00;27,22
08.02.2023 12:15;29,21
08.02.2023 12:30;33,64
08.02.2023 12:45;32,15
08.02.2023 13:00;33,49
08.02.2023 13:15;37,18
08.02.2023 13:30;28,00
08.02.2023 13:45;31,32
08.02.2023 14:00;30,87
08.02.2023 14:15;30,07
08.02.2023 14:30;29,83
08.02.2023 14:45;34,12
08.02.2023 15:00;33,38
08.02.2023 15:15;31,56
08.02.2023 15:30;29,66
08.02.2023 15:45;27,57
08.02.2023 16:00;32,63
08.02.2023 16:15;25,28
08.02.2023 16:30;31,51
08.02.2023 16:45;28,79
08.02.2023 17:00;34,36
08.02.2023 17:15;31,23
08.02.2023 17:30;24,97
08.02.2023 17:45;23,83
08.02.2023 18:00;24,74
08.02.2023 18:15;10,23
08.02.2023 18:30;5,00
08.02.2023 18:45;5,00
08.02.2023 19:00;5,58
08.02.2023 19:15;7,99
08.02.2023 19:30;7,82
08.02.2023 19:45;8,96
08.02.2023 20:00;5,00
08.02.2023 20:15;5,00
08.02.2023 20:30;8,54
08.02.2023 20:45;5,17
08.02.2023 21:00;5,00
08.02.2023 21:15;7,11
08.02.2023 21:30;8,41
08.02.2023 21:45;6,58
08.02.2023 22:00;5,91
08.02.2023 22:15;6,51
08.02.2023 22:30;6,08
08.02.2023 22:45;5,00
08.02.2023 23:00;5,39
08.02.2023 23:15;7,87
08.02.2023 23:30;7,47
08.02.2023 23:45;7,16
09.02.2023 00:00;5,00
09.02.2023 00:15;6,45
09.02.2023 00:30;5,00
09.02.2023 00:45;7,17
09.02.2023 01:00;9,68
09.02.2023 01:15;5,00
09.02.2023 01:30;5,65
09.02.2023 01:45;7,48
09.02.2023 02:00;9,32
09.02.2023 02:15;5,92
09.02.2023 02:30;5,43
09.02.2023 02:45;5,00
09.02.2023 03:00;7,02
09.02.2023 03:15;10,90
09.02.2023 03:30;7,37
09.02.2023 03:45;6,77
09.02.2023 04:00;7,46
09.02.2023 04:15;6,80
09.02.2023 04:30;5,19
09.02.2023 04:45;8,46
09.02.2023 05:00;7,27
09.02.2023 05:15;6,85
09.02.2023 05:30;5,00
09.02.2023 05:45;9,42
09.02.2023 06:00;8,15
09.02.2023 06:15;5,71
09.02.2023 06:30;8,82
09.02.2023 06:45;5,82
09.02.2023 07:00;21,16
09.02.2023 07:15;22,50
09.02.2023 07:30;20,71
09.02.2023 07:45;25,56
09.02.2023 08:00;21,04
09.02.2023 08:15;23,75
09.02.2023 08:30;22,30
09.02.2023 08:45;27,59
09.02.2023 09:00;25,16
09.02.2023 09:15;27,64
09.02.2023 09:30;27,77
09.02.2023 09:45;28,43
09.02.2023 10:00;29,52
09.02.2023 10:15;25,56
09.02.2023 10:30;27,84
09.02.2023 10:45;31,01
09.02.2023 11:00;33,62
09.02.2023 11:15;30,18
09.02.2023 11:30;28,96
09.02.2023 11:45;31,37
09.02.2023 12:00;28,69
09.02.2023 12:15;36,21
09.02.2023 12:30;34,87
09.02.2023 12:45;34,76
09.02.2023 13:00;30,83
09.02.2023 13:15;33,34
09.02.2023 13:30;29,73
09.02.2023 13:45;27,11
09.02.2023 14:00;31,09
09.02.2023 14:15;28,68
09.02.2023 14:30;32,41
09.02.2023 14:45;29,75
09.02.2023 15:00;27,77
09.02.2023 15:15;31,70
09.02.2023 15:30;30,86
09.02.2023 15:45;27,24
09.02.2023 16:00;32,73
09.02.2023 16:15;31,38
09.02.2023 16:30;27,35
09.02.2023 16:45;29,92
09.02.2023 17:00;26,14
09.02.2023 17:15;26,79
09.02.2023 17:30;22,78
09.02.2023 17:45;20,44
09.02.2023 18:00;21,96
09.02.2023 18:15;6,57
09.02.2023 18:30;6,02
09.02.2023 18:45;5,00
09.02.2023 19:00;6,02
09.02.2023 19:15;7,36
09.02.2023 19:30;6,73
09.02.2023 19:45;7,18
09.02.2023 20:00;5,48
09.02.2023 20:15;9,16
09.02.2023 20:30;5,00
09.02.2023 20:45;7,79
09.02.2023 21:00;9,18
09.02.2023 21:15;7,78
09.02.2023 21:30;6,41
09.02.2023 21:45;5,76
09.02.2023 22:00;8,89
09.02.2023 22:15;5,00
09.02.2023 22:30;5,00
09.02.2023 22:45;6,02
09.02.2023 23:00;9,29
09.02.2023 23:15;7,58
09.02.2023 23:30;5,00
09.02.2023 23:45;6,20
10.02.2023 00:00;5,58
10.02.2023 00:15;5,39
10.02.2023 00:30;8,77
10.02.2023 00:45;5,00
10.02.2023 01:00;10,03
10.02.2023 01:15;8,47
10.02.2023 01:30;8,99
10.02.2023 01:45;5,89
10.02.2023 02:00;6,51
10.02.2023 02:15;5,00
10.02.2023 02:30;5,76
10.02.2023 02:45;7,80
10.02.2023 03:00;9,40
10.02.2023 03:15;5,00
10.02.2023 03:30;6,08
10.02.2023 03:45;6,51
10.02.2023 04:00;5,00
10.02.2023 04:15;7,99
10.02.2023 04:30;5,36
10.02.2023 04:45;6,42
10.02.2023 05:00;5,91
10.02.2023 05:15;5,23
10.02.2023 05:30;6,80
10.02.2023 05:45;6,38
10.02.2023 06:00;6,07
10.02.2023 06:15;5,35
10.02.2023 06:30;7,45
10.02.2023 06:45;10,12
10.02.2023 07:00;22,98
10.02.2023 07:15;25,95
10.02.2023 07:30;21,32
10.02.2023 07:45;26,22
10.02.2023 08:00;24,00
10.02.2023 08:15;23,19
10.02.2023 08:30;25,71
10.02.2023 08:45;28,52
10.02.2023 09:00;27,19
10.02.2023 09:15;29,20
10.02.2023 09:30;22,69
10.02.2023 09:45;31,98
10.02.2023 10:00;28,74
10.02.2023 10:15;31,66
10.02.2023 10:30;25,06
10.02.2023 10:45;33,81
10.02.2023 11:00;34,53
10.02.2023 11:15;30,70
10.02.2023 11:30;28,94
10.02.2023 11:45;32,30
10.02.2023 12:00;28,28
10.02.2023 12:15;33,23
10.02.2023 12:30;30,66
10.02.2023 12:45;35,70
10.02.2023 13:00;34,69
10.02.2023 13:15;28,68
10.02.2023 13:30;35,66
10.02.2023 13:45;36,07
10.02.2023 14:00;34,27
10.02.2023 14:15;33,65
10.02.2023 14:30;31,92
10.02.2023 14:45;31,15
10.02.2023 15:00;32,42
10.02.2023 15:15;32,34
10.02.2023 15:30;37,10
10.02.2023 15:45;29,03
10.02.2023 16:00;32,77
10.02.2023 16:15;28,47
10.02.2023 16:30;32,01
10.02.2023 16:45;26,19
10.02.2023 17:00;28,99
10.02.2023 17:15;25,09
10.02.2023 17:30;22,46
10.02.2023 17:45;24,44
10.02.2023 18:00;24,72
10.02.2023 18:15;5,12
10.02.2023 18:30;5,00
10.02.2023 18:45;6,63
10.02.2023 19:00;6,64
10.02.2023 19:15;7,91
10.02.2023 19:30;8,71
10.02.2023 19:45;6,69
10.02.2023 20:00;10,52
10.02.2023 20:15;7,26
10.02.2023 20:30;6,12
10.02.2023 20:45;5,00
10.02.2023 21:00;6,29
10.02.2023 21:15;6,14
10.02.2023 21:30;8,73
10.02.2023 21:45;7,74
10.02.2023 22:00;5,00
10.02.2023 22:15;7,16
10.02.2023 22:30;8,15
10.02.2023 22:45;9,87
10.02.2023 23:00;8,59
10.02.2023 23:15;8,33
10.02.2023 23:30;6,93
10.02.2023 23:45;7,59
11.02.2023 00:00;5,22
11.02.2023 00:15;5,00
11.02.2023 00:30;5,00
11.02.2023 00:45;5,00
11.02.2023 01:00;5,00
11.02.2023 01:15;5,18
11.02.2023 01:30;5,00
11.02.2023 01:45;5,00
11.02.2023 02:00;5,00
11.02.2023 02:15;5,00
11.02.2023 02:30;5,00
11.02.2023 02:45;5,00
11.02.2023 03:00;5,00
11.02.2023 03:15;5,00
11.02.2023 03:30;5,00
11.02.2023 03:45;5,00
11.02.2023 04:00;7,09
11.02.2023 04:15;5,00
11.02.2023 04:30;5,00
11.02.2023 04:45;5,00
11.02.2023 05:00;5,00
11.02.2023 05:15;5,00
11.02.2023 05:30;5,00
11.02.2023 05:45;5,00
11.02.2023 06:00;5,00
11.02.2023 06:15;6,50
11.02.2023 06:30;5,00
11.02.2023 06:45;5,00
11.02.2023 07:00;7,86
11.02.2023 07:15;10,16
11.02.2023 07:30;9,62
11.02.2023 07:45;4,90
11.02.2023 08:00;13,21
11.02.2023 08:15;10,14
11.02.2023 08:30;7,93
11.02.2023 08:45;3,86
11.02.2023 09:00;9,91
11.02.2023 09:15;8,93
11.02.2023 09:30;8,59
11.02.2023 09:45;5,75
11.02.2023 10:00;8,42
11.02.2023 10:15;10,04
11.02.2023 10:30;9,44
11.02.2023 10:45;4,26
11.02.2023 11:00;10,07
11.02.2023 11:15;12,87
11.02.2023 11:30;13,06
11.02.2023 11:45;4,48
11.02.2023 12:00;3,91
11.02.2023 12:15;5,15
11.02.2023 12:30;11,22
11.02.2023 12:45;5,61
11.02.2023 13:00;14,59
11.02.2023 13:15;9,50
11.02.2023 13:30;8,77
11.02.2023 13:45;9,40
11.02.2023 14:00;6,43
11.02.2023 14:15;13,27
11.02.2023 14:30;5,32
11.02.2023 14:45;14,05
11.02.2023 15:00;4,33
11.02.2023 15:15;9,93
11.02.2023 15:30;13,80
11.02.2023 15:45;10,29
11.02.2023 16:00;8,49
11.02.2023 16:15;11,17
11.02.2023 16:30;11,05
11.02.2023 16:45;12,38
11.02.2023 17:00;8,38
11.02.2023 17:15;11,80
11.02.2023 17:30;5,00
11.02.2023 17:45;8,33
11.02.2023 18:00;8,10
11.02.2023 18:15;5,00
11.02.2023 18:30;5,00
11.02.2023 18:45;5,00
11.02.2023 19:00;5,00
11.02.2023 19:15;5,00
11.02.2023 19:30;5,00
11.02.2023 19:45;5,00
11.02.2023 20:00;5,00
11.02.2023 20:15;5,00
11.02.2023 20:30;5,00
11.02.2023 20:45;5,00
11.02.2023 21:00;7,06
11.02.2023 21:15;5,00
11.02.2023 21:30;5,00
11.02.2023 21:45;5,00
11.02.2023 22:00;5,00
11.02.2023 22:15;5,00
11.02.2023 22:30;5,00
11.02.2023 22:45;5,00
11.02.2023 23:00;5,92
11.02.2023 23:15;5,00
11.02.2023 23:30;5,00
11.02.2023 23:45;5,00
12.02.2023 00:00;5,00
12.02.2023 00:15;5,00
12.02.2023 00:30;5,00
12.02.2023 00:45;5,00
12.02.2023 01:00;5,00
12.02.2023 01:15;5,00
12.02.2023 01:30;5,00
12.02.2023 01:45;5,00
12.02.2023 02:00;5,00
12.02.2023 02:15;5,00
12.02.2023 02:30;5,00
12.02.2023 02:45;5,00
12.02.2023 03:00;5,00
12.02.2023 03:15;5,00
12.02.2023 03:30;5,00
12.02.2023 03:45;8,35
12.02.2023 04:00;5,00
12.02.2023 04:15;5,00
12.02.2023 04:30;5,00
12.02.2023 04:45;5,00
12.02.2023 05:00;5,00
12.02.2023 05:15;5,00
12.02.2023 05:30;5,00
12.02.2023 05:45;5,00
12.02.2023 06:00;5,64
12.02.2023 06:15;5,00
12.02.2023 06:30;5,00
12.02.2023 06:45;5,00
12.02.2023 07:00;10,56
12.02.2023 07:15;9,83
12.02.2023 07:30;7,36
12.02.2023 07:45;8,67
12.02.2023 08:00;6,57
12.02.2023 08:15;5,65
12.02.2023 08:30;8,88
12.02.2023 08:45;6,51
12.02.2023 09:00;4,52
12.02.2023 09:15;7,90
12.02.2023 09:30;5,83
12.02.2023 09:45;7,83
12.02.2023 10:00;1,59
12.02.2023 10:15;7,65
12.02.2023 10:30;5,74
12.02.2023 10:45;7,01
12.02.2023 11:00;4,52
12.02.2023 11:15;1,33
12.02.2023 11:30;8,11
12.02.2023 11:45;6,07
12.02.2023 12:00;16,00
12.02.2023 12:15;2,63
12.02.2023 12:30;6,84
12.02.2023 12:45;3,03
12.02.2023 13:00;15,18
12.02.2023 13:15;5,07
12.02.2023 13:30;11,85
12.02.2023 13:45;7,77
12.02.2023 14:00;8,80
12.02.2023 14:15;6,42
12.02.2023 14:30;4,11
12.02.2023 14:45;11,56
12.02.2023 15:00;8,73
12.02.2023 15:15;8,78
12.02.2023 15:30;12,41
12.02.2023 15:45;8,87
12.02.2023 16:00;11,21
12.02.2023 16:15;10,29
12.02.2023 16:30;10,82
12.02.2023 16:45;11,63
12.02.2023 17:00;8,11
12.02.2023 17:15;9,05
12.02.2023 17:30;12,80
12.02.2023 17:45;11,35
12.02.2023 18:00;8,94
12.02.2023 18:15;5,00
12.02.2023 18:30;5,00
12.02.2023 18:45;5,43
12.02.2023 19:00;5,00
12.02.2023 19:15;5,00
12.02.2023 19:30;5,01
12.02.2023 19:45;5,00
12.02.2023 20:00;5,84
12.02.2023 20:15;5,00
12.02.2023 20:30;5,98
12.02.2023 20:45;5,00
12.02.2023 21:00;5,00
12.02.2023 21:15;5,00
12.02.2023 21:30;5,00
12.02.2023 21:45;5,00
12.02.2023 22:00;5,00
12.02.2023 22:15;5,00
12.02.2023 22:30;5,00
12.02.2023 22:45;5,00
12.02.2023 23:00;5,00
12.02.2023 23:15;5,00
12.02.2023 23:30;5,00
12.02.2023 23:45;6,32
13.02.2023 00:00;5,32
13.02.2023 00:15;10,10
13.02.2023 00:30;6,30
13.02.2023 00:45;6,79
13.02.2023 01:00;8,93
13.02.2023 01:15;9,33
13.02.2023 01:30;6,57
13.02.2023 01:45;6,01
13.02.2023 02:00;6,68
13.02.2023 02:15;7,47
13.02.2023 02:30;8,57
13.02.2023 02:45;6,80
13.02.2023 03:00;8,03
13.02.2023 03:15;10,07
13.02.2023 03:30;7,55
13.02.2023 03:45;7,41
13.02.2023 04:00;5,00
13.02.2023 04:15;5,00
13.02.2023 04:30;7,57
13.02.2023 04:45;6,60
13.02.2023 05:00;5,76
13.02.2023 05:15;7,28
13.02.2023 05:30;6,67
13.02.2023 05:45;9,05
13.02.2023 06:00;6,96
13.02.2023 06:15;5,30
13.02.2023 06:30;8,77
13.02.2023 06:45;6,36
13.02.2023 07:00;23,69
13.02.2023 07:15;22,62
13.02.2023 07:30;22,80
13.02.2023 07:45;24,67
13.02.2023 08:00;25,95
13.02.2023 08:15;27,96
13.02.2023 08:30;25,77
13.02.2023 08:45;24,54
13.02.2023 09:00;23,90
13.02.2023 09:15;32,05
13.02.2023 09:30;24,62
13.02.2023 09:45;27,20
13.02.2023 10:00;30,66
13.02.2023 10:15;29,37
13.02.2023 10:30;24,66
13.02.2023 10:45;30,32
13.02.2023 11:00;28,45
13.02.2023 11:15;26,03
13.02.2023 11:30;28,40
13.02.2023 11:45;28,21
13.02.2023 12:00;29,57
13.02.2023 12:15;35,26
13.02.2023 12:30;42,03
13.02.2023 12:45;30,39
13.02.2023 13:00;31,66
13.02.2023 13:15;27,16
13.02.2023 13:30;30,45
13.02.2023 13:45;29,53
13.02.2023 14:00;28,64
13.02.2023 14:15;30,97
13.02.2023 14:30;34,12
13.02.2023 14:45;31,49
13.02.2023 15:00;31,99
13.02.2023 15:15;31,05
13.02.2023 15:30;34,37
13.02.2023 15:45;30,68
13.02.2023 16:00;32,97
13.02.2023 16:15;24,35
13.02.2023 16:30;24,37
13.02.2023 16:45;27,77
13.02.2023 17:00;29,93
13.02.2023 17:15;23,35
13.02.2023 17:30;19,20
13.02.2023 17:45;25,07
13.02.2023 18:00;23,12
13.02.2023 18:15;5,00
13.02.2023 18:30;5,00
13.02.2023 18:45;5,00
13.02.2023 19:00;7,01
13.02.2023 19:15;5,54
13.02.2023 19:30;7,78
13.02.2023 19:45;5,00
13.02.2023 20:00;5,08
13.02.2023 20:15;5,00
13.02.2023 20:30;6,28
13.02.2023 20:45;5,71
13.02.2023 21:00;8,39
13.02.2023 21:15;5,00
13.02.2023 21:30;6,88
13.02.2023 21:45;7,91
13.02.2023 22:00;10,50
13.02.2023 22:15;5,83
13.02.2023 22:30;7,44
13.02.2023 22:45;5,00
13.02.2023 23:00;5,00
13.02.2023 23:15;8,48
13.02.2023 23:30;6,78
13.02.2023 23:45;9,15
14.02.2023 00:00;5,00
14.02.2023 00:15;7,82
14.02.2023 00:30;10,52
14.02.2023 00:45;7,62
14.02.2023 01:00;7,34
14.02.2023 01:15;6,80
14.02.2023 01:30;5,00
14.02.2023 01:45;9,49
14.02.2023 02:00;5,56
14.02.2023 02:15;7,79
14.02.2023 02:30;5,00
14.02.2023 02:45;5,00
14.02.2023 03:00;9,65
14.02.2023 03:15;6,09
14.02.2023 03:30;9,69
14.02.2023 03:45;6,63
14.02.2023 04:00;5,00
14.02.2023 04:15;8,57
14.02.2023 04:30;5,60
14.02.2023 04:45;8,18
14.02.2023 05:00;6,83
14.02.2023 05:15;5,00
14.02.2023 05:30;7,11
14.02.2023 05:45;11,18
14.02.2023 06:00;7,77
14.02.2023 06:15;6,67
14.02.2023 06:30;8,93
14.02.2023 06:45;7,20
14.02.2023 07:00;23,03
14.02.2023 07:15;21,48
14.02.2023 07:30;24,12
14.02.2023 07:45;27,11
14.02.2023 08:00;22,17
14.02.2023 08:15;28,22
14.02.2023 08:30;25,79
14.02.2023 08:45;22,59
14.02.2023 09:00;27,70
14.02.2023 09:15;28,56
14.02.2023 09:30;26,55
14.02.2023 09:45;31,61
14.02.2023 10:00;27,87
14.02.2023 10:15;32,46
14.02.2023 10:30;34,51
14.02.2023 10:45;29,37
14.02.2023 11:00;28,12
14.02.2023 11:15;31,23
14.02.2023 11:30;27,03
14.02.2023 11:45;25,98
14.02.2023 12:00;27,57
14.02.2023 12:15;30,68
14.02.2023 12:30;24,05
14.02.2023 12:45;33,38
14.02.2023 13:00;35,51
14.02.2023 13:15;26,85
14.02.2023 13:30;27,96
14.02.2023 13:45;34,67
14.02.2023 14:00;32,47
14.02.2023 14:15;26,89
14.02.2023 14:30;32,53
14.02.2023 14:45;34,10
14.02.2023 15:00;27,27
14.02.2023 15:15;33,60
14.02.2023 15:30;29,87
14.02.2023 15:45;31,25
14.02.2023 16:00;33,94
14.02.2023 16:15;29,89
14.02.2023 16:30;29,78
14.02.2023 16:45;27,55
14.02.2023 17:00;24,74
14.02.2023 17:15;26,04
14.02.2023 17:30;27,60
14.02.2023 17:45;20,84
14.02.2023 18:00;20,50
14.02.2023 18:15;7,04
14.02.2023 18:30;5,00
14.02.2023 18:45;5,20
14.02.2023 19:00;5,94
14.02.2023 19:15;5,00
14.02.2023 19:30;5,00
14.02.2023 19:45;8,19
14.02.2023 20:00;5,00
14.02.2023 20:15;5,00
14.02.2023 20:30;5,52
14.02.2023 20:45;8,25
14.02.2023 21:00;6,39
14.02.2023 21:15;5,85
14.02.2023 21:30;6,87
14.02.2023 21:45;5,00
14.02.2023 22:00;7,77
14.02.2023 22:15;7,55
14.02.2023 22:30;5,96
14.02.2023 22:45;8,79
14.02.2023 23:00;5,00
14.02.2023 23:15;9,04
14.02.2023 23:30;7,09
14.02.2023 23:45;6,11
15.02.2023 00:00;6,74
15.02.2023 00:15;6,56
15.02.2023 00:30;9,22
15.02.2023 00:45;5,00
15.02.2023 01:00;5,25
15.02.2023 01:15;8,85
15.02.2023 01:30;5,58
15.02.2023 01:45;8,58
15.02.2023 02:00;10,17
15.02.2023 02:15;5,97
15.02.2023 02:30;8,14
15.02.2023 02:45;5,00
15.02.2023 03:00;8,28
15.02.2023 03:15;7,17
15.02.2023 03:30;7,72
15.02.2023 03:45;5,48
15.02.2023 04:00;5,00
15.02.2023 04:15;7,78
15.02.2023 04:30;5,00
15.02.2023 04:45;6,14
15.02.2023 05:00;8,66
15.02.2023 05:15;7,16
15.02.2023 05:30;10,67
15.02.2023 05:45;8,83
15.02.2023 06:00;5,47
15.02.2023 06:15;6,83
15.02.2023 06:30;6,68
15.02.2023 06:45;5,00
15.02.2023 07:00;20,70
15.02.2023 07:15;22,22
15.02.2023 07:30;19,99
15.02.2023 07:45;24,83
15.02.2023 08:00;24,75
15.02.2023 08:15;21,77
15.02.2023 08:30;28,45
15.02.2023 08:45;25,75
15.02.2023 09:00;29,52
15.02.2023 09:15;30,40
15.02.2023 09:30;26,53
15.02.2023 09:45;30,64
15.02.2023 10:00;29,01
15.02.2023 10:15;25,45
15.02.2023 10:30;32,08
15.02.2023 10:45;31,69
15.02.2023 11:00;26,78
15.02.2023 11:15;30,62
15.02.2023 11:30;31,26
15.02.2023 11:45;32,47
15.02.2023 12:00;27,81
15.02.2023 12:15;30,97
15.02.2023 12:30;28,32
15.02.2023 12:45;26,43
15.02.2023 13:00;34,70
15.02.2023 13:15;36,22
15.02.2023 13:30;38,51
15.02.2023 13:45;29,29
15.02.2023 14:00;25,21
15.02.2023 14:15;38,85
15.02.2023 14:30;31,97
15.02.2023 14:45;29,40
15.02.2023 15:00;35,38
15.02.2023 15:15;30,44
15.02.2023 15:30;30,60
15.02.2023 15:45;29,33
15.02.2023 16:00;29,46
15.02.2023 16:15;28,18
15.02.2023 16:30;26,85
15.02.2023 16:45;25,36
15.02.2023 17:00;27,96
15.02.2023 17:15;27,59
15.02.2023 17:30;26,18
15.02.2023 17:45;25,51
15.02.2023 18:00;23,23
15.02.2023 18:15;5,71
15.02.2023 18:30;8,45
15.02.2023 18:45;5,00
15.02.2023 19:00;5,00
15.02.2023 19:15;5,00
15.02.2023 19:30;8,93
15.02.2023 19:45;8,66
15.02.2023 20:00;7,75
15.02.2023 20:15;8,92
15.02.2023 20:30;5,02
15.02.2023 20:45;7,47
15.02.2023 21:00;6,52
15.02.2023 21:15;8,47
15.02.2023 21:30;6,54
15.02.2023 21:45;6,00
15.02.2023 22:00;7,86
15.02.2023 22:15;8,53
15.02.2023 22:30;5,44
15.02.2023 22:45;6,65
15.02.2023 23:00;5,00
15.02.2023 23:15;5,00
15.02.2023 23:30;7,18
15.02.2023 23:45;7,99
16.02.2023 00:00;7,29
16.02.2023 00:15;5,00
16.02.2023 00:30;6,07
16.02.2023 00:45;5,00
16.02.2023 01:00;9,51
16.02.2023 01:15;5,00
16.02.2023 01:30;9,28
16.02.2023 01:45;8,66
16.02.2023 02:00;5,00
16.02.2023 02:15;5,00
16.02.2023 02:30;7,47
16.02.2023 02:45;5,08
16.02.2023 03:00;6,97
16.02.2023 03:15;5,80
16.02.2023 03:30;5,00
16.02.2023 03:45;5,00
16.02.2023 04:00;7,22
16.02.2023 04:15;5,64
16.02.2023 04:30;5,66
16.02.2023 04:45;8,16
16.02.2023 05:00;9,11
16.02.2023 05:15;6,22
16.02.2023 05:30;6,09
16.02.2023 05:45;7,77
16.02.2023 06:00;5,00
16.02.2023 06:15;7,21
16.02.2023 06:30;7,87
16.02.2023 06:45;8,13
16.02.2023 07:00;18,68
16.02.2023 07:15;21,78
16.02.2023 07:30;21,36
16.02.2023 07:45;23,85
16.02.2023 08:00;25,57
16.02.2023 08:15;26,60
16.02.2023 08:30;24,05
16.02.2023 08:45;23,35
16.02.2023 09:00;30,69
16.02.2023 09:15;26,67
16.02.2023 09:30;28,88
16.02.2023 09:45;32,62
16.02.2023 10:00;22,79
16.02.2023 10:15;29,55
16.02.2023 10:30;30,07
16.02.2023 10:45;38,46
16.02.2023 11:00;30,74
16.02.2023 11:15;39,33
16.02.2023 11:30;33,88
16.02.2023 11:45;30,18
16.02.2023 12:00;29,08
16.02.2023 12:15;30,86
16.02.2023 12:30;38,24
16.02.2023 12:45;32,48
16.02.2023 13:00;28,79
16.02.2023 13:15;29,93
16.02.2023 13:30;28,34
16.02.2023 13:45;35,77
16.02.2023 14:00;37,45
16.02.2023 14:15;31,37
16.02.2023 14:30;32,11
16.02.2023 14:45;31,78
16.02.2023 15:00;31,11
16.02.2023 15:15;36,11
16.02.2023 15:30;28,78
16.02.2023 15:45;31,07
16.02.2023 16:00;26,68
16.02.2023 16:15;28,83
16.02.2023 16:30;26,79
16.02.2023 16:45;29,21
16.02.2023 17:00;27,57
16.02.2023 17:15;23,20
16.02.2023 17:30;25,97
16.02.2023 17:45;22,69
16.02.2023 18:00;24,32
16.02.2023 18:15;6,77
16.02.2023 18:30;7,56
16.02.2023 18:45;5,00
16.02.2023 19:00;5,59
16.02.2023 19:15;5,85
16.02.2023 19:30;8,48
16.02.2023 19:45;10,12
16.02.2023 20:00;5,16
16.02.2023 20:15;8,92
16.02.2023 20:30;5,00
16.02.2023 20:45;5,00
16.02.2023 21:00;5,00
16.02.2023 21:15;5,00
16.02.2023 21:30;5,00
16.02.2023 21:45;7,59
16.02.2023 22:00;6,34
16.02.2023 22:15;7,53
16.02.2023 22:30;8,15
16.02.2023 22:45;7,30
16.02.2023 23:00;8,08
16.02.2023 23:15;6,63
16.02.2023 23:30;5,00
16.02.2023 23:45;8,88
17.02.2023 00:00;5,58
17.02.2023 00:15;5,00
17.02.2023 00:30;6,40
17.02.2023 00:45;5,00
17.02.2023 01:00;5,92
17.02.2023 01:15;7,45
17.02.2023 01:30;7,46
17.02.2023 01:45;5,00
17.02.2023 02:00;5,78
17.02.2023 02:15;8,91
17.02.2023 02:30;7,75
17.02.2023 02:45;10,91
17.02.2023 03:00;9,12
17.02.2023 03:15;9,05
17.02.2023 03:30;5,00
17.02.2023 03:45;8,29
17.02.2023 04:00;6,65
17.02.2023 04:15;5,66
17.02.2023 04:30;7,09
17.02.2023 04:45;8,65
17.02.2023 05:00;7,76
17.02.2023 05:15;5,00
17.02.2023 05:30;8,24
17.02.2023 05:45;5,48
17.02.2023 06:00;7,19
17.02.2023 06:15;6,15
17.02.2023 06:30;6,32
17.02.2023 06:45;8,29
17.02.2023 07:00;20,45
17.02.2023 07:15;27,08
17.02.2023 07:30;20,11
17.02.2023 07:45;24,71
17.02.2023 08:00;24,44
17.02.2023 08:15;26,62
17.02.2023 08:30;25,64
17.02.2023 08:45;25,40
17.02.2023 09:00;28,17
17.02.2023 09:15;25,90
17.02.2023 09:30;27,25
17.02.2023 09:45;28,47
17.02.2023 10:00;30,46
17.02.2023 10:15;27,12
17.02.2023 10:30;28,28
17.02.2023 10:45;31,47
17.02.2023 11:00;27,05
17.02.2023 11:15;28,46
17.02.2023 11:30;28,93
17.02.2023 11:45;33,30
17.02.2023 12:00;29,58
17.02.2023 12:15;32,10
17.02.2023 12:30;32,98
17.02.2023 12:45;34,30
17.02.2023 13:00;38,04
17.02.2023 13:15;29,96
17.02.2023 13:30;30,24
17.02.2023 13:45;25,14
17.02.2023 14:00;30,59
17.02.2023 14:15;32,79
17.02.2023 14:30;28,97
17.02.2023 14:45;30,91
17.02.2023 15:00;29,52
17.02.2023 15:15;26,75
17.02.2023 15:30;28,08
17.02.2023 15:45;29,94
17.02.2023 16:00;29,48
17.02.2023 16:15;33,69
17.02.2023 16:30;28,37
17.02.2023 16:45;30,15
17.02.2023 17:00;28,03
17.02.2023 17:15;24,39
17.02.2023 17:30;25,08
17.02.2023 17:45;25,38
17.02.2023 18:00;22,15
17.02.2023 18:15;9,14
17.02.2023 18:30;8,80
17.02.2023 18:45;8,60
17.02.2023 19:00;5,84
17.02.2023 19:15;5,00
17.02.2023 19:30;5,53
17.02.2023 19:45;7,15
17.02.2023 20:00;7,85
17.02.2023 20:15;5,00
17.02.2023 20:30;6,74
17.02.2023 20:45;7,07
17.02.2023 21:00;6,20
17.02.2023 21:15;9,34
17.02.2023 21:30;7,60
17.02.2023 21:45;9,38
17.02.2023 22:00;6,33
17.02.2023 22:15;8,63
17.02.2023 22:30;10,03
17.02.2023 22:45;9,38
17.02.2023 23:00;5,00
17.02.2023 23:15;6,25
17.02.2023 23:30;6,07
17.02.2023 23:45;7,74
18.02.2023 00:00;5,00
18.02.2023 00:15;5,00
18.02.2023 00:30;5,00
18.02.2023 00:45;5,00
18.02.2023 01:00;5,58
18.02.2023 01:15;5,00
18.02.2023 01:30;5,00
18.02.2023 01:45;5,00
18.02.2023 02:00;5,00
18.02.2023 02:15;5,00
18.02.2023 02:30;5,00
18.02.2023 02:45;5,00
18.02.2023 03:00;5,00
18.02.2023 03:15;6,15
18.02.2023 03:30;5,00
18.02.2023 03:45;5,00
18.02.2023 04:00;5,00
18.02.2023 04:15;5,22
18.02.2023 04:30;5,00
18.02.2023 04:45;5,00
18.02.2023 05:00;5,00
18.02.2023 05:15;5,00
18.02.2023 05:30;5,00
18.02.2023 05:45;5,00
18.02.2023 06:00;5,00
18.02.2023 06:15;5,00
18.02.2023 06:30;5,00
18.02.2023 06:45;5,00
18.02.2023 07:00;10,05
18.02.2023 07:15;6,07
18.02.2023 07:30;4,46
18.02.2023 07:45;1,59
18.02.2023 08:00;8,57
18.02.2023 08:15;10,32
18.02.2023 08:30;4,99
18.02.2023 08:45;7,73
18.02.2023 09:00;6,12
18.02.2023 09:15;7,60
18.02.2023 09:30;4,53
18.02.2023 09:45;7,78
18.02.2023 10:00;2,63
18.02.2023 10:15;3,17
18.02.2023 10:30;3,03
18.02.2023 10:45;8,94
18.02.2023 11:00;8,14
18.02.2023 11:15;12,55
18.02.2023 11:30;5,46
18.02.2023 11:45;11,98
18.02.2023 12:00;6,80
18.02.2023 12:15;0,42
18.02.2023 12:30;5,01
18.02.2023 12:45;3,99
18.02.2023 13:00;7,04
18.02.2023 13:15;2,55
18.02.2023 13:30;11,09
18.02.2023 13:45;8,11
18.02.2023 14:00;9,67
18.02.2023 14:15;10,11
18.02.2023 14:30;7,42
18.02.2023 14:45;15,21
18.02.2023 15:00;4,91
18.02.2023 15:15;9,88
18.02.2023 15:30;10,11
18.02.2023 15:45;6,10
18.02.2023 16:00;10,08
18.02.2023 16:15;10,00
18.02.2023 16:30;11,78
18.02.2023 16:45;8,87
18.02.2023 17:00;12,41
18.02.2023 17:15;12,74
18.02.2023 17:30;11,75
18.02.2023 17:45;10,02
18.02.2023 18:00;8,54
18.02.2023 18:15;5,00
18.02.2023 18:30;5,64
18.02.2023 18:45;5,00
18.02.2023 19:00;5,00
18.02.2023 19:15;5,00
18.02.2023 19:30;5,00
18.02.2023 19:45;5,00
18.02.2023 20:00;5,00
18.02.2023 20:15;5,00
18.02.2023 20:30;5,00
18.02.2023 20:45;5,00
18.02.2023 21:00;5,00
18.02.2023 21:15;5,00
18.02.2023 21:30;5,00
18.02.2023 21:45;5,00
18.02.2023 22:00;5,00
18.02.2023 22:15;5,25
18.02.2023 22:30;5,00
18.02.2023 22:45;5,00
18.02.2023 23:00;5,00
18.02.2023 23:15;5,00
18.02.2023 23:30;5,00
18.02.2023 23:45;5,00
19.02.2023 00:00;5,00
19.02.2023 00:15;5,00
19.02.2023 00:30;5,51
19.02.2023 00:45;5,00
19.02.2023 01:00;5,00
19.02.2023 01:15;5,00
19.02.2023 01:30;5,00
19.02.2023 01:45;5,00
19.02.2023 02:00;5,00
19.02.2023 02:15;5,00
19.02.2023 02:30;5,00
19.02.2023 02:45;5,00
19.02.2023 03:00;7,47
19.02.2023 03:15;5,07
19.02.2023 03:30;5,00
19.02.2023 03:45;5,00
19.02.2023 04:00;5,00
19.02.2023 04:15;5,00
19.02.2023 04:30;5,00
19.02.2023 04:45;5,00
19.02.2023 05:00;5,00
19.02.2023 05:15;5,00
19.02.2023 05:30;5,00
19.02.2023 05:45;5,00
19.02.2023 06:00;5,88
19.02.2023 06:15;5,00
19.02.2023 06:30;5,00
19.02.2023 06:45;5,00
19.02.2023 07:00;6,83
19.02.2023 07:15;9,70
19.02.2023 07:30;8,87
19.02.2023 07:45;9,82
19.02.2023 08:00;4,79
19.02.2023 08:15;6,78
19.02.2023 08:30;4,91
19.02.2023 08:45;8,67
19.02.2023 09:00;9,45
19.02.2023 09:15;9,00
19.02.2023 09:30;4,26
19.02.2023 09:45;8,62
19.02.2023 10:00;11,33
19.02.2023 10:15;7,48
19.02.2023 10:30;8,77
19.02.2023 10:45;0,29
19.02.2023 11:00;3,91
19.02.2023 11:15;7,29
19.02.2023 11:30;8,25
19.02.2023 11:45;4,91
19.02.2023 12:00;8,41
19.02.2023 12:15;10,40
19.02.2023 12:30;1,19
19.02.2023 12:45;3,76
19.02.2023 13:00;2,44
19.02.2023 13:15;6,42
19.02.2023 13:30;1,92
19.02.2023 13:45;10,30
19.02.2023 14:00;8,14
19.02.2023 14:15;7,21
19.02.2023 14:30;12,99
19.02.2023 14:45;8,85
19.02.2023 15:00;7,09
19.02.2023 15:15;7,93
19.02.2023 15:30;7,45
19.02.2023 15:45;7,10
19.02.2023 16:00;12,55
19.02.2023 16:15;10,91
19.02.2023 16:30;10,71
19.02.2023 16:45;8,48
19.02.2023 17:00;12,26
19.02.2023 17:15;10,56
19.02.2023 17:30;5,37
19.02.2023 17:45;11,07
19.02.2023 18:00;8,94
19.02.2023 18:15;5,10
19.02.2023 18:30;5,00
19.02.2023 18:45;5,00
19.02.2023 19:00;5,00
19.02.2023 19:15;5,00
19.02.2023 19:30;5,00
19.02.2023 19:45;5,00
19.02.2023 20:00;8,21
19.02.2023 20:15;5,00
19.02.2023 20:30;5,00
19.02.2023 20:45;5,00
19.02.2023 21:00;5,00
19.02.2023 21:15;5,00
19.02.2023 21:30;5,00
19.02.2023 21:45;5,00
19.02.2023 22:00;5,00
19.02.2023 22:15;5,00
19.02.2023 22:30;5,00
19.02.2023 22:45;5,00
19.02.2023 23:00;5,00
19.02.2023 23:15;5,00
19.02.2023 23:30;5,00
19.02.2023 23:45;5,00
20.02.2023 00:00;7,75
20.02.2023 00:15;6,62
20.02.2023 00:30;5,00
20.02.2023 00:45;5,32
20.02.2023 01:00;6,21
20.02.2023 01:15;5,00
20.02.2023 01:30;5,25
20.02.2023 01:45;8,04
20.02.2023 02:00;9,59
20.02.2023 02:15;5,89
20.02.2023 02:30;8,25
20.02.2023 02:45;5,00
20.02.2023 03:00;8,05
20.02.2023 03:15;5,12
20.02.2023 03:30;7,35
20.02.2023 03:45;6,24
20.02.2023 04:00;9,37
20.02.2023 04:15;5,00
20.02.2023 04:30;7,99
20.02.2023 04:45;6,17
20.02.2023 05:00;6,42
20.02.2023 05:15;6,36
20.02.2023 05:30;5,04
20.02.2023 05:45;6,70
20.02.2023 06:00;6,61
20.02.2023 06:15;7,22
20.02.2023 06:30;6,90
20.02.2023 06:45;8,33
20.02.2023 07:00;24,11
20.02.2023 07:15;20,53
20.02.2023 07:30;24,15
20.02.2023 07:45;22,44
20.02.2023 08:00;24,73
20.02.2023 08:15;25,80
20.02.2023 08:30;21,33
20.02.2023 08:45;24,63
20.02.2023 09:00;22,71
20.02.2023 09:15;23,73
20.02.2023 09:30;26,57
20.02.2023 09:45;26,78
20.02.2023 10:00;26,34
20.02.2023 10:15;31,44
20.02.2023 10:30;26,12
20.02.2023 10:45;29,27
20.02.2023 11:00;32,60
20.02.2023 11:15;28,51
20.02.2023 11:30;21,56
20.02.2023 11:45;31,44
20.02.2023 12:00;24,90
20.02.2023 12:15;32,45
20.02.2023 12:30;21,07
20.02.2023 12:45;37,61
20.02.2023 13:00;29,26
20.02.2023 13:15;30,88
20.02.2023 13:30;36,68
20.02.2023 13:45;39,70
20.02.2023 14:00;34,49
20.02.2023 14:15;29,62
20.02.2023 14:30;35,59
20.02.2023 14:45;29,05
20.02.2023 15:00;28,43
20.02.2023 15:15;31,30
20.02.2023 15:30;29,40
20.02.2023 15:45;27,58
20.02.2023 16:00;28,58
20.02.2023 16:15;23,97
20.02.2023 16:30;27,78
20.02.2023 16:45;27,78
20.02.2023 17:00;27,68
20.02.2023 17:15;25,21
20.02.2023 17:30;31,15
20.02.2023 17:45;26,44
20.02.2023 18:00;19,95
20.02.2023 18:15;7,20
20.02.2023 18:30;5,52
20.02.2023 18:45;5,00
20.02.2023 19:00;5,00
20.02.2023 19:15;7,60
20.02.2023 19:30;5,37
20.02.2023 19:45;8,67
20.02.2023 20:00;8,72
20.02.2023 20:15;9,48
20.02.2023 20:30;5,03
20.02.2023 20:45;7,68
20.02.2023 21:00;8,00
20.02.2023 21:15;5,78
20.02.2023 21:30;5,19
20.02.2023 21:45;9,95
20.02.2023 22:00;7,19
20.02.2023 22:15;8,00
20.02.2023 22:30;5,09
20.02.2023 22:45;5,00
20.02.2023 23:00;5,59
20.02.2023 23:15;6,48
20.02.2023 23:30;5,00
20.02.2023 23:45;6,71
21.02.2023 00:00;5,00
21.02.2023 00:15;5,00
21.02.2023 00:30;8,07
21.02.2023 00:45;7,93
21.02.2023 01:00;5,94
21.02.2023 01:15;5,00
21.02.2023 01:30;5,00
21.02.2023 01:45;5,98
21.02.2023 02:00;8,01
21.02.2023 02:15;8,58
21.02.2023 02:30;5,73
21.02.2023 02:45;5,00
21.02.2023 03:00;7,26
21.02.2023 03:15;5,08
21.02.2023 03:30;5,69
21.02.2023 03:45;9,37
21.02.2023 04:00;8,38
21.02.2023 04:15;7,04
21.02.2023 04:30;5,00
21.02.2023 04:45;7,15
21.02.2023 05:00;8,85
21.02.2023 05:15;5,97
21.02.2023 05:30;9,43
21.02.2023 05:45;9,31
21.02.2023 06:00;10,05
21.02.2023 06:15;7,33
21.02.2023 06:30;7,90
21.02.2023 06:45;9,55
21.02.2023 07:00;23,10
21.02.2023 07:15;21,52
21.02.2023 07:30;21,34
21.02.2023 07:45;24,87
21.02.2023 08:00;20,66
21.02.2023 08:15;23,71
21.02.2023 08:30;25,05
21.02.2023 08:45;18,66
21.02.2023 09:00;31,02
21.02.2023 09:15;30,00
21.02.2023 09:30;27,25
21.02.2023 09:45;29,68
21.02.2023 10:00;28,84
21.02.2023 10:15;29,43
21.02.2023 10:30;33,15
21.02.2023 10:45;28,35
21.02.2023 11:00;32,99
21.02.2023 11:15;27,25
21.02.2023 11:30;30,04
21.02.2023 11:45;29,29
21.02.2023 12:00;36,61
21.02.2023 12:15;38,08
21.02.2023 12:30;24,62
21.02.2023 12:45;28,81
21.02.2023 13:00;25,63
21.02.2023 13:15;28,83
21.02.2023 13:30;27,13
21.02.2023 13:45;29,91
21.02.2023 14:00;31,52
21.02.2023 14:15;33,91
21.02.2023 14:30;33,37
21.02.2023 14:45;24,47
21.02.2023 15:00;28,78
21.02.2023 15:15;30,41
21.02.2023 15:30;27,72
21.02.2023 15:45;29,43
21.02.2023 16:00;28,59
21.02.2023 16:15;25,27
21.02.2023 16:30;27,84
21.02.2023 16:45;28,16
21.02.2023 17:00;25,81
21.02.2023 17:15;25,75
21.02.2023 17:30;23,08
21.02.2023 17:45;25,93
21.02.2023 18:00;21,82
21.02.2023 18:15;9,63
21.02.2023 18:30;9,78
21.02.2023 18:45;6,56
21.02.2023 19:00;5,00
21.02.2023 19:15;5,00
21.02.2023 19:30;5,00
21.02.2023 19:45;5,00
21.02.2023 20:00;9,48
21.02.2023 20:15;6,96
21.02.2023 20:30;7,50
21.02.2023 20:45;5,00
21.02.2023 21:00;5,00
21.02.2023 21:15;8,50
21.02.2023 21:30;7,30
21.02.2023 21:45;6,43
21.02.2023 22:00;7,85
21.02.2023 22:15;10,00
21.02.2023 22:30;6,28
21.02.2023 22:45;6,86
21.02.2023 23:00;7,11
21.02.2023 23:15;11,51
21.02.2023 23:30;5,00
21.02.2023 23:45;8,09
22.02.2023 00:00;6,48
22.02.2023 00:15;7,85
22.02.2023 00:30;5,40
22.02.2023 00:45;6,62
22.02.2023 01:00;8,14
22.02.2023 01:15;12,94
22.02.2023 01:30;8,33
22.02.2023 01:45;5,02
22.02.2023 02:00;5,87
22.02.2023 02:15;5,81
22.02.2023 02:30;5,00
22.02.2023 02:45;6,05
22.02.2023 03:00;8,18
22.02.2023 03:15;5,00
22.02.2023 03:30;8,81
22.02.2023 03:45;7,69
22.02.2023 04:00;5,25
22.02.2023 04:15;6,43
22.02.2023 04:30;9,91
22.02.2023 04:45;8,18
22.02.2023 05:00;6,73
22.02.2023 05:15;6,24
22.02.2023 05:30;6,87
22.02.2023 05:45;5,69
22.02.2023 06:00;5,00
22.02.2023 06:15;10,80
22.02.2023 06:30;7,02
22.02.2023 06:45;7,51
22.02.2023 07:00;21,91
22.02.2023 07:15;20,87
22.02.2023 07:30;23,40
22.02.2023 07:45;22,16
22.02.2023 08:00;28,68
22.02.2023 08:15;23,22
22.02.2023 08:30;21,77
22.02.2023 08:45;23,52
22.02.2023 09:00;28,29
22.02.2023 09:15;23,27
22.02.2023 09:30;24,19
22.02.2023 09:45;33,73
22.02.2023 10:00;29,63
22.02.2023 10:15;25,27
22.02.2023 10:30;35,87
22.02.2023 10:45;33,71
22.02.2023 11:00;31,29
22.02.2023 11:15;23,58
22.02.2023 11:30;28,41
22.02.2023 11:45;30,00
22.02.2023 12:00;29,01
22.02.2023 12:15;33,58
22.02.2023 12:30;33,64
22.02.2023 12:45;26,36
22.02.2023 13:00;31,46
22.02.2023 13:15;31,55
22.02.2023 13:30;26,11
22.02.2023 13:45;30,30
22.02.2023 14:00;32,18
22.02.2023 14:15;32,76
22.02.2023 14:30;32,06
22.02.2023 14:45;33,58
22.02.2023 15:00;31,68
22.02.2023 15:15;26,39
22.02.2023 15:30;26,99
22.02.2023 15:45;25,65
22.02.2023 16:00;29,76
22.02.2023 16:15;28,58
22.02.2023 16:30;28,25
22.02.2023 16:45;26,76
22.02.2023 17:00;26,42
22.02.2023 17:15;28,28
22.02.2023 17:30;24,26
22.02.2023 17:45;20,98
22.02.2023 18:00;23,87
22.02.2023 18:15;6,30
22.02.2023 18:30;6,78
22.02.2023 18:45;9,93
22.02.2023 19:00;6,67
22.02.2023 19:15;7,29
22.02.2023 19:30;5,00
22.02.2023 19:45;6,27
22.02.2023 20:00;7,93
22.02.2023 20:15;5,00
22.02.2023 20:30;7,12
22.02.2023 20:45;6,92
22.02.2023 21:00;6,80
22.02.2023 21:15;8,79
22.02.2023 21:30;7,38
22.02.2023 21:45;9,67
22.02.2023 22:00;5,00
22.02.2023 22:15;6,99
22.02.2023 22:30;6,88
22.02.2023 22:45;5,00
22.02.2023 23:00;8,63
22.02.2023 23:15;11,36
22.02.2023 23:30;6,68
22.02.2023 23:45;7,72
23.02.2023 00:00;6,87
23.02.2023 00:15;5,28
23.02.2023 00:30;5,00
23.02.2023 00:45;5,29
23.02.2023 01:00;5,00
23.02.2023 01:15;10,11
23.02.2023 01:30;6,47
23.02.2023 01:45;6,01
23.02.2023 02:00;8,48
23.02.2023 02:15;5,00
23.02.2023 02:30;5,17
23.02.2023 02:45;6,84
23.02.2023 03:00;8,76
23.02.2023 03:15;7,71
23.02.2023 03:30;7,20
23.02.2023 03:45;6,86
23.02.2023 04:00;7,51
23.02.2023 04:15;7,11
23.02.2023 04:30;5,00
23.02.2023 04:45;6,80
23.02.2023 05:00;5,00
23.02.2023 05:15;6,87
23.02.2023 05:30;5,74
23.02.2023 05:45;11,78
23.02.2023 06:00;6,62
23.02.2023 06:15;5,00
23.02.2023 06:30;6,44
23.02.2023 06:45;7,74
23.02.2023 07:00;25,29
23.02.2023 07:15;20,58
23.02.2023 07:30;21,04
23.02.2023 07:45;24,89
23.02.2023 08:00;23,44
23.02.2023 08:15;24,18
23.02.2023 08:30;27,25
23.02.2023 08:45;22,51
23.02.2023 09:00;27,79
23.02.2023 09:15;25,21
23.02.2023 09:30;26,06
23.02.2023 09:45;30,15
23.02.2023 10:00;24,41
23.02.2023 10:15;25,87
23.02.2023 10:30;25,91
23.02.2023 10:45;34,30
23.02.2023 11:00;25,54
23.02.2023 11:15;26,29
23.02.2023 11:30;26,99
23.02.2023 11:45;26,35
23.02.2023 12:00;29,69
23.02.2023 12:15;37,21
23.02.2023 12:30;29,31
23.02.2023 12:45;30,54
23.02.2023 13:00;28,74
23.02.2023 13:15;27,79
23.02.2023 13:30;37,72
23.02.2023 13:45;30,76
23.02.2023 14:00;34,40
23.02.2023 14:15;32,46
23.02.2023 14:30;31,80
23.02.2023 14:45;29,05
23.02.2023 15:00;29,73
23.02.2023 15:15;29,13
23.02.2023 15:30;33,15
23.02.2023 15:45;25,97
23.02.2023 16:00;27,80
23.02.2023 16:15;26,81
23.02.2023 16:30;25,15
23.02.2023 16:45;26,82
23.02.2023 17:00;26,98
23.02.2023 17:15;31,99
23.02.2023 17:30;24,53
23.02.2023 17:45;21,36
23.02.2023 18:00;22,89
23.02.2023 18:15;5,00
23.02.2023 18:30;6,52
23.02.2023 18:45;6,74
23.02.2023 19:00;8,29
23.02.2023 19:15;8,65
23.02.2023 19:30;5,70
23.02.2023 19:45;6,40
23.02.2023 20:00;5,17
23.02.2023 20:15;5,00
23.02.2023 20:30;7,32
23.02.2023 20:45;5,00
23.02.2023 21:00;5,88
23.02.2023 21:15;5,00
23.02.2023 21:30;7,80
23.02.2023 21:45;10,31
23.02.2023 22:00;5,00
23.02.2023 22:15;5,00
23.02.2023 22:30;6,45
23.02.2023 22:45;6,74
23.02.2023 23:00;7,14
23.02.2023 23:15;5,81
23.02.2023 23:30;6,30
23.02.2023 23:45;7,44
24.02.2023 00:00;8,78
24.02.2023 00:15;5,00
24.02.2023 00:30;5,96
24.02.2023 00:45;7,12
24.02.2023 01:00;5,00
24.02.2023 01:15;10,16
24.02.2023 01:30;5,42
24.02.2023 01:45;6,61
24.02.2023 02:00;7,81
24.02.2023 02:15;5,51
24.02.2023 02:30;5,00
24.02.2023 02:45;5,84
24.02.2023 03:00;8,75
24.02.2023 03:15;6,02
24.02.2023 03:30;5,00
24.02.2023 03:45;8,55
24.02.2023 04:00;6,03
24.02.2023 04:15;5,67
24.02.2023 04:30;6,99
24.02.2023 04:45;8,24
24.02.2023 05:00;11,46
24.02.2023 05:15;8,35
24.02.2023 05:30;9,01
24.02.2023 05:45;5,68
24.02.2023 06:00;5,00
24.02.2023 06:15;6,82
24.02.2023 06:30;6,91
24.02.2023 06:45;5,00
24.02.2023 07:00;21,56
24.02.2023 07:15;23,24
24.02.2023 07:30;22,85
24.02.2023 07:45;25,36
24.02.2023 08:00;24,51
24.02.2023 08:15;21,58
24.02.2023 08:30;26,13
24.02.2023 08:45;23,63
24.02.2023 09:00;31,63
24.02.2023 09:15;27,88
24.02.2023 09:30;22,63
24.02.2023 09:45;21,39
24.02.2023 10:00;32,24
24.02.2023 10:15;23,69
24.02.2023 10:30;25,37
24.02.2023 10:45;31,43
24.02.2023 11:00;28,94
24.02.2023 11:15;35,50
24.02.2023 11:30;36,28
24.02.2023 11:45;30,70
24.02.2023 12:00;31,40
24.02.2023 12:15;33,94
24.02.2023 12:30;33,10
24.02.2023 12:45;29,93
24.02.2023 13:00;22,95
24.02.2023 13:15;32,56
24.02.2023 13:30;28,44
24.02.2023 13:45;33,49
24.02.2023 14:00;36,09
24.02.2023 14:15;30,73
24.02.2023 14:30;32,00
24.02.2023 14:45;30,43
24.02.2023 15:00;31,46
24.02.2023 15:15;29,61
24.02.2023 15:30;28,65
24.02.2023 15:45;24,82
24.02.2023 16:00;31,67
24.02.2023 16:15;27,84
24.02.2023 16:30;26,04
24.02.2023 16:45;25,46
24.02.2023 17:00;25,90
24.02.2023 17:15;23,15
24.02.2023 17:30;23,22
24.02.2023 17:45;21,32
24.02.2023 18:00;21,49
24.02.2023 18:15;5,22
24.02.2023 18:30;5,00
24.02.2023 18:45;10,74
24.02.2023 19:00;9,20
24.02.2023 19:15;5,14
24.02.2023 19:30;7,24
24.02.2023 19:45;7,53
24.02.2023 20:00;9,08
24.02.2023 20:15;5,06
24.02.2023 20:30;8,88
24.02.2023 20:45;5,60
24.02.2023 21:00;5,00
24.02.2023 21:15;8,14
24.02.2023 21:30;9,28
24.02.2023 21:45;11,87
24.02.2023 22:00;5,00
24.02.2023 22:15;8,09
24.02.2023 22:30;5,88
24.02.2023 22:45;8,26
24.02.2023 23:00;5,00
24.02.2023 23:15;5,00
24.02.2023 23:30;5,14
24.02.2023 23:45;6,85
25.02.2023 00:00;5,00
25.02.2023 00:15;5,00
25.02.2023 00:30;5,00
25.02.2023 00:45;5,00
25.02.2023 01:00;5,91
25.02.2023 01:15;5,00
25.02.2023 01:30;5,00
25.02.2023 01:45;5,40
25.02.2023 02:00;5,00
25.02.2023 02:15;5,00
25.02.2023 02:30;5,82
25.02.2023 02:45;5,00
25.02.2023 03:00;5,00
25.02.2023 03:15;5,00
25.02.2023 03:30;5,32
25.02.2023 03:45;5,00
25.02.2023 04:00;5,00
25.02.2023 04:15;5,00
25.02.2023 04:30;5,00
25.02.2023 04:45;5,00
25.02.2023 05:00;5,00
25.02.2023 05:15;5,00
25.02.2023 05:30;5,00
25.02.2023 05:45;5,00
25.02.2023 06:00;5,00
25.02.2023 06:15;5,00
25.02.2023 06:30;5,00
25.02.2023 06:45;5,00
25.02.2023 07:00;6,87
25.02.2023 07:15;6,34
25.02.2023 07:30;6,90
25.02.2023 07:45;8,76
25.02.2023 08:00;5,15
25.02.2023 08:15;10,77
25.02.2023 08:30;3,78
25.02.2023 08:45;8,70
25.02.2023 09:00;4,80
25.02.2023 09:15;4,99
25.02.2023 09:30;5,64
25.02.2023 09:45;4,15
25.02.2023 10:00;7,90
25.02.2023 10:15;6,22
25.02.2023 10:30;8,61
25.02.2023 10:45;2,33
25.02.2023 11:00;3,44
25.02.2023 11:15;4,97
25.02.2023 11:30;0,00
25.02.2023 11:45;1,51
25.02.2023 12:00;3,41
25.02.2023 12:15;6,44
25.02.2023 12:30;1,62
25.02.2023 12:45;5,97
25.02.2023 13:00;7,82
25.02.2023 13:15;10,83
25.02.2023 13:30;5,27
25.02.2023 13:45;7,48
25.02.2023 14:00;5,09
25.02.2023 14:15;5,78
25.02.2023 14:30;5,81
25.02.2023 14:45;7,49
25.02.2023 15:00;6,25
25.02.2023 15:15;10,38
25.02.2023 15:30;8,67
25.02.2023 15:45;6,16
25.02.2023 16:00;8,11
25.02.2023 16:15;12,75
25.02.2023 16:30;8,02
25.02.2023 16:45;6,18
25.02.2023 17:00;6,23
25.02.2023 17:15;10,50
25.02.2023 17:30;11,16
25.02.2023 17:45;10,17
25.02.2023 18:00;9,25
25.02.2023 18:15;5,00
25.02.2023 18:30;5,00
25.02.2023 18:45;5,00
25.02.2023 19:00;5,00
25.02.2023 19:15;5,00
25.02.2023 19:30;5,00
25.02.2023 19:45;5,00
25.02.2023 20:00;5,00
25.02.2023 20:15;5,00
25.02.2023 20:30;5,00
25.02.2023 20:45;5,00
25.02.2023 21:00;5,00
25.02.2023 21:15;5,00
25.02.2023 21:30;5,40
25.02.2023 21:45;5,00
25.02.2023 22:00;5,00
25.02.2023 22:15;5,85
25.02.2023 22:30;5,00
25.02.2023 22:45;5,00
25.02.2023 23:00;5,00
25.02.2023 23:15;5,00
25.02.2023 23:30;5,00
25.02.2023 23:45;5,00
26.02.2023 00:00;7,81
26.02.2023 00:15;5,00
26.02.2023 00:30;5,00
26.02.2023 00:45;5,00
26.02.2023 01:00;5,00
26.02.2023 01:15;5,00
26.02.2023 01:30;5,00
26.02.2023 01:45;6,04
26.02.2023 02:00;5,00
26.02.2023 02:15;5,00
26.02.2023 02:30;5,37
26.02.2023 02:45;5,00
26.02.2023 03:00;5,00
26.02.2023 03:15;5,00
26.02.2023 03:30;5,00
26.02.2023 03:45;5,00
26.02.2023 04:00;5,00
26.02.2023 04:15;5,00
26.02.2023 04:30;5,00
26.02.2023 04:45;5,00
26.02.2023 05:00;5,00
26.02.2023 05:15;5,00
26.02.2023 05:30;5,00
26.02.2023 05:45;5,00
26.02.2023 06:00;5,00
26.02.2023 06:15;5,00
26.02.2023 06:30;5,00
26.02.2023 06:45;5,00
26.02.2023 07:00;6,49
26.02.2023 07:15;7,28
26.02.2023 07:30;4,04
26.02.2023 07:45;9,55
26.02.2023 08:00;7,59
26.02.2023 08:15;6,99
26.02.2023 08:30;4,27
26.02.2023 08:45;2,52
26.02.2023 09:00;3,19
26.02.2023 09:15;5,97
26.02.2023 09:30;8,38
26.02.2023 09:45;5,88
26.02.2023 10:00;5,65
26.02.2023 10:15;0,00
26.02.2023 10:30;2,95
26.02.2023 10:45;0,00
26.02.2023 11:00;0,87
26.02.2023 11:15;5,76
26.02.2023 11:30;3,48
26.02.2023 11:45;2,45
26.02.2023 12:00;0,37
26.02.2023 12:15;4,01
26.02.2023 12:30;5,14
26.02.2023 12:45;2,40
26.02.2023 13:00;0,85
26.02.2023 13:15;0,00
26.02.2023 13:30;7,54
26.02.2023 13:45;6,35
26.02.2023 14:00;2,92
26.02.2023 14:15;11,93
26.02.2023 14:30;8,60
26.02.2023 14:45;5,63
26.02.2023 15:00;7,84
26.02.2023 15:15;7,56
26.02.2023 15:30;7,87
26.02.2023 15:45;8,96
26.02.2023 16:00;8,45
26.02.2023 16:15;7,49
26.02.2023 16:30;6,70
26.02.2023 16:45;8,60
26.02.2023 17:00;11,67
26.02.2023 17:15;9,97
26.02.2023 17:30;7,21
26.02.2023 17:45;12,94
26.02.2023 18:00;9,54
26.02.2023 18:15;5,00
26.02.2023 18:30;5,00
26.02.2023 18:45;5,00
26.02.2023 19:00;6,08
26.02.2023 19:15;5,00
26.02.2023 19:30;5,00
26.02.2023 19:45;5,47
26.02.2023 20:00;5,00
26.02.2023 20:15;5,00
26.02.2023 20:30;5,00
26.02.2023 20:45;5,00
26.02.2023 21:00;5,00
26.02.2023 21:15;5,00
26.02.2023 21:30;5,00
26.02.2023 21:45;5,00
26.02.2023 22:00;5,00
26.02.2023 22:15;5,00
26.02.2023 22:30;5,00
26.02.2023 22:45;5,00
26.02.2023 23:00;5,00
26.02.2023 23:15;5,00
26.02.2023 23:30;5,70
26.02.2023 23:45;5,00
27.02.2023 00:00;5,92
27.02.2023 00:15;5,66
27.02.2023 00:30;6,32
27.02.2023 00:45;9,94
27.02.2023 01:00;6,30
27.02.2023 01:15;6,62
27.02.2023 01:30;5,70
27.02.2023 01:45;8,86
27.02.2023 02:00;10,58
27.02.2023 02:15;7,57
27.02.2023 02:30;6,83
27.02.2023 02:45;6,74
27.02.2023 03:00;5,00
27.02.2023 03:15;8,15
27.02.2023 03:30;6,93
27.02.2023 03:45;7,52
27.02.2023 04:00;5,24
27.02.2023 04:15;5,90
27.02.2023 04:30;5,84
27.02.2023 04:45;8,71
27.02.2023 05:00;5,91
27.02.2023 05:15;10,83
27.02.2023 05:30;7,53
27.02.2023 05:45;5,00
27.02.2023 06:00;6,41
27.02.2023 06:15;5,36
27.02.2023 06:30;5,00
27.02.2023 06:45;9,83
27.02.2023 07:00;22,79
27.02.2023 07:15;22,09
27.02.2023 07:30;21,88
27.02.2023 07:45;20,63
27.02.2023 08:00;24,18
27.02.2023 08:15;24,90
27.02.2023 08:30;23,09
27.02.2023 08:45;19,83
27.02.2023 09:00;28,07
27.02.2023 09:15;22,34
27.02.2023 09:30;26,38
27.02.2023 09:45;27,55
27.02.2023 10:00;30,61
27.02.2023 10:15;28,49
27.02.2023 10:30;29,37
27.02.2023 10:45;26,91
27.02.2023 11:00;29,87
27.02.2023 11:15;25,10
27.02.2023 11:30;32,79
27.02.2023 11:45;25,12
27.02.2023 12:00;30,56
27.02.2023 12:15;23,27
27.02.2023 12:30;31,52
27.02.2023 12:45;32,13
27.02.2023 13:00;28,57
27.02.2023 13:15;27,04
27.02.2023 13:30;27,56
27.02.2023 13:45;36,58
27.02.2023 14:00;32,88
27.02.2023 14:15;25,41
27.02.2023 14:30;36,05
27.02.2023 14:45;27,45
27.02.2023 15:00;32,59
27.02.2023 15:15;30,40
27.02.2023 15:30;28,32
27.02.2023 15:45;33,59
27.02.2023 16:00;24,05
27.02.2023 16:15;25,25
27.02.2023 16:30;24,20
27.02.2023 16:45;28,75
27.02.2023 17:00;29,62
27.02.2023 17:15;29,27
27.02.2023 17:30;27,19
27.02.2023 17:45;23,09
27.02.2023 18:00;21,48
27.02.2023 18:15;5,00
27.02.2023 18:30;10,74
27.02.2023 18:45;7,60
27.02.2023 19:00;5,68
27.02.2023 19:15;9,32
27.02.2023 19:30;5,00
27.02.2023 19:45;7,48
27.02.2023 20:00;6,32
27.02.2023 20:15;7,94
27.02.2023 20:30;6,54
27.02.2023 20:45;5,00
27.02.2023 21:00;6,82
27.02.2023 21:15;8,76
27.02.2023 21:30;6,61
27.02.2023 21:45;8,21
27.02.2023 22:00;5,00
27.02.2023 22:15;6,61
27.02.2023 22:30;5,42
27.02.2023 22:45;8,16
27.02.2023 23:00;6,73
27.02.2023 23:15;8,04
27.02.2023 23:30;8,84
27.02.2023 23:45;8,05
28.02.2023 00:00;7,20
28.02.2023 00:15;5,00
28.02.2023 00:30;6,65
28.02.2023 00:45;5,59
28.02.2023 01:00;5,97
28.02.2023 01:15;5,90
28.02.2023 01:30;5,00
28.02.2023 01:45;5,00
28.02.2023 02:00;5,32
28.02.2023 02:15;7,04
28.02.2023 02:30;5,00
28.02.2023 02:45;6,69
28.02.2023 03:00;10,45
28.02.2023 03:15;8,70
28.02.2023 03:30;9,94
28.02.2023 03:45;7,44
28.02.2023 04:00;8,99
28.02.2023 04:15;5,21
28.02.2023 04:30;5,37
28.02.2023 04:45;5,00
28.02.2023 05:00;9,03
28.02.2023 05:15;9,73
28.02.2023 05:30;5,55
28.02.2023 05:45;6,15
28.02.2023 06:00;5,15
28.02.2023 06:15;7,42
28.02.2023 06:30;8,90
28.02.2023 06:45;4,78
28.02.2023 07:00;22,08
28.02.2023 07:15;21,02
28.02.2023 07:30;22,40
28.02.2023 07:45;22,90
28.02.2023 08:00;24,96
28.02.2023 08:15;22,88
28.02.2023 08:30;24,27
28.02.2023 08:45;30,50
28.02.2023 09:00;22,83
28.02.2023 09:15;31,38
28.02.2023 09:30;19,64
28.02.2023 09:45;23,42
28.02.2023 10:00;32,71
28.02.2023 10:15;22,87
28.02.2023 10:30;31,20
28.02.2023 10:45;33,67
28.02.2023 11:00;36,67
28.02.2023 11:15;31,64
28.02.2023 11:30;30,28
28.02.2023 11:45;20,38
28.02.2023 12:00;23,98
28.02.2023 12:15;33,18
28.02.2023 12:30;28,89
28.02.2023 12:45;35,93
28.02.2023 13:00;27,64
28.02.2023 13:15;21,41
28.02.2023 13:30;33,73
28.02.2023 13:45;33,69
28.02.2023 14:00;30,29
28.02.2023 14:15;26,31
28.02.2023 14:30;32,36
28.02.2023 14:45;27,46
28.02.2023 15:00;29,02
28.02.2023 15:15;26,40
28.02.2023 15:30;25,70
28.02.2023 15:45;27,46
28.02.2023 16:00;27,30
28.02.2023 16:15;27,02
28.02.2023 16:30;24,66
28.02.2023 16:45;27,21
28.02.2023 17:00;30,36
28.02.2023 17:15;23,83
28.02.2023 17:30;24,03
28.02.2023 17:45;23,91
28.02.2023 18:00;23,75
28.02.2023 18:15;5,53
28.02.2023 18:30;5,00
28.02.2023 18:45;9,37
28.02.2023 19:00;8,17
28.02.2023 19:15;5,00
28.02.2023 19:30;5,44
28.02.2023 19:45;9,79
28.02.2023 20:00;9,55
28.02.2023 20:15;8,53
28.02.2023 20:30;6,30
28.02.2023 20:45;6,82
28.02.2023 21:00;6,39
28.02.2023 21:15;8,91
28.02.2023 21:30;5,00
28.02.2023 21:45;5,04
28.02.2023 22:00;8,67
28.02.2023 22:15;6,57
28.02.2023 22:30;9,41
28.02.2023 22:45;5,31
28.02.2023 23:00;6,54
28.02.2023 23:15;5,00
28.02.2023 23:30;6,67
28.02.2023 23:45;5,00
01.03.2023 00:00;5,67
01.03.2023 00:15;5,00
01.03.2023 00:30;8,03
01.03.2023 00:45;8,08
01.03.2023 01:00;5,00
01.03.2023 01:15;9,31
01.03.2023 01:30;11,64
01.03.2023 01:45;6,74
01.03.2023 02:00;5,36
01.03.2023 02:15;12,29
01.03.2023 02:30;5,00
01.03.2023 02:45;6,68
01.03.2023 03:00;7,00
01.03.2023 03:15;9,33
01.03.2023 03:30;7,36
01.03.2023 03:45;5,65
01.03.2023 04:00;5,00
01.03.2023 04:15;5,96
01.03.2023 04:30;5,00
01.03.2023 04:45;6,74
01.03.2023 05:00;5,51
01.03.2023 05:15;5,00
01.03.2023 05:30;9,15
01.03.2023 05:45;5,65
01.03.2023 06:00;5,00
01.03.2023 06:15;6,31
01.03.2023 06:30;6,78
01.03.2023 06:45;4,69
01.03.2023 07:00;21,38
01.03.2023 07:15;19,28
01.03.2023 07:30;25,71
01.03.2023 07:45;24,11
01.03.2023 08:00;23,64
01.03.2023 08:15;22,50
01.03.2023 08:30;24,76
01.03.2023 08:45;22,63
01.03.2023 09:00;27,23
01.03.2023 09:15;21,78
01.03.2023 09:30;26,40
01.03.2023 09:45;25,35
01.03.2023 10:00;24,31
01.03.2023 10:15;27,40
01.03.2023 10:30;31,86
01.03.2023 10:45;32,56
01.03.2023 11:00;27,59
01.03.2023 11:15;35,28
01.03.2023 11:30;23,75
01.03.2023 11:45;28,69
01.03.2023 12:00;39,74
01.03.2023 12:15;30,94
01.03.2023 12:30;26,61
01.03.2023 12:45;23,60
01.03.2023 13:00;30,89
01.03.2023 13:15;30,53
01.03.2023 13:30;30,31
01.03.2023 13:45;23,87
01.03.2023 14:00;31,89
01.03.2023 14:15;33,14
01.03.2023 14:30;27,41
01.03.2023 14:45;27,30
01.03.2023 15:00;27,91
01.03.2023 15:15;27,94
01.03.2023 15:30;22,85
01.03.2023 15:45;27,31
01.03.2023 16:00;27,74
01.03.2023 16:15;28,35
01.03.2023 16:30;25,82
01.03.2023 16:45;27,13
01.03.2023 17:00;27,60
01.03.2023 17:15;25,38
01.03.2023 17:30;23,52
01.03.2023 17:45;22,85
01.03.2023 18:00;23,30
01.03.2023 18:15;9,47
01.03.2023 18:30;5,39
01.03.2023 18:45;6,84
01.03.2023 19:00;7,32
01.03.2023 19:15;5,00
01.03.2023 19:30;6,68
01.03.2023 19:45;5,00
01.03.2023 20:00;5,00
01.03.2023 20:15;7,38
01.03.2023 20:30;5,88
01.03.2023 20:45;7,05
01.03.2023 21:00;6,61
01.03.2023 21:15;5,00
01.03.2023 21:30;6,55
01.03.2023 21:45;5,00
01.03.2023 22:00;9,43
01.03.2023 22:15;5,00
01.03.2023 22:30;6,25
01.03.2023 22:45;5,00
01.03.2023 23:00;7,78
01.03.2023 23:15;5,98
01.03.2023 23:30;5,61
01.03.2023 23:45;8,35
02.03.2023 00:00;6,69
02.03.2023 00:15;7,67
02.03.2023 00:30;5,00
02.03.2023 00:45;5,00
02.03.2023 01:00;6,85
02.03.2023 01:15;5,99
02.03.2023 01:30;7,89
02.03.2023 01:45;6,47
02.03.2023 02:00;7,04
02.03.2023 02:15;5,00
02.03.2023 02:30;10,41
02.03.2023 02:45;6,30
02.03.2023 03:00;8,03
02.03.2023 03:15;5,00
02.03.2023 03:30;7,25
02.03.2023 03:45;5,00
02.03.2023 04:00;7,54
02.03.2023 04:15;5,92
02.03.2023 04:30;6,69
02.03.2023 04:45;8,03
02.03.2023 05:00;5,00
02.03.2023 05:15;5,26
02.03.2023 05:30;7,55
02.03.2023 05:45;10,83
02.03.2023 06:00;6,36
02.03.2023 06:15;7,81
02.03.2023 06:30;6,42
02.03.2023 06:45;10,35
02.03.2023 07:00;17,40
02.03.2023 07:15;21,64
02.03.2023 07:30;17,27
02.03.2023 07:45;20,08
02.03.2023 08:00;24,90
02.03.2023 08:15;21,16
02.03.2023 08:30;23,98
02.03.2023 08:45;26,85
02.03.2023 09:00;27,57
02.03.2023 09:15;28,37
02.03.2023 09:30;23,29
02.03.2023 09:45;29,39
02.03.2023 10:00;31,54
02.03.2023 10:15;25,35
02.03.2023 10:30;29,12
02.03.2023 10:45;29,84
02.03.2023 11:00;25,31
02.03.2023 11:15;28,69
02.03.2023 11:30;18,74
02.03.2023 11:45;26,29
02.03.2023 12:00;30,10
02.03.2023 12:15;37,52
02.03.2023 12:30;28,49
02.03.2023 12:45;29,89
02.03.2023 13:00;30,75
02.03.2023 13:15;22,83
02.03.2023 13:30;25,88
02.03.2023 13:45;35,90
02.03.2023 14:00;24,62
02.03.2023 14:15;33,62
02.03.2023 14:30;25,89
02.03.2023 14:45;24,58
02.03.2023 15:00;27,05
02.03.2023 15:15;29,16
02.03.2023 15:30;26,30
02.03.2023 15:45;27,69
02.03.2023 16:00;27,97
02.03.2023 16:15;22,55
02.03.2023 16:30;25,13
02.03.2023 16:45;25,90
02.03.2023 17:00;26,30
02.03.2023 17:15;28,25
02.03.2023 17:30;24,15
02.03.2023 17:45;23,13
02.03.2023 18:00;19,90
02.03.2023 18:15;8,27
02.03.2023 18:30;7,00
02.03.2023 18:45;5,79
02.03.2023 19:00;5,00
02.03.2023 19:15;9,52
02.03.2023 19:30;5,00
02.03.2023 19:45;5,45
02.03.2023 20:00;7,35
02.03.2023 20:15;5,00
02.03.2023 20:30;5,00
02.03.2023 20:45;5,00
02.03.2023 21:00;8,07
02.03.2023 21:15;5,54
02.03.2023 21:30;12,49
02.03.2023 21:45;5,00
02.03.2023 22:00;5,00
02.03.2023 22:15;5,50
02.03.2023 22:30;7,12
02.03.2023 22:45;5,69
02.03.2023 23:00;7,86
02.03.2023 23:15;5,00
02.03.2023 23:30;5,00
02.03.2023 23:45;5,00
03.03.2023 00:00;5,00
03.03.2023 00:15;5,59
03.03.2023 00:30;6,02
03.03.2023 00:45;5,36
03.03.2023 01:00;9,11
03.03.2023 01:15;9,08
03.03.2023 01:30;5,95
03.03.2023 01:45;5,00
03.03.2023 02:00;5,49
03.03.2023 02:15;5,42
03.03.2023 02:30;5,31
03.03.2023 02:45;5,23
03.03.2023 03:00;5,31
03.03.2023 03:15;5,85
03.03.2023 03:30;5,35
03.03.2023 03:45;7,04
03.03.2023 04:00;7,34
03.03.2023 04:15;5,00
03.03.2023 04:30;9,16
03.03.2023 04:45;5,00
03.03.2023 05:00;5,00
03.03.2023 05:15;7,38
03.03.2023 05:30;5,00
03.03.2023 05:45;7,26
03.03.2023 06:00;5,00
03.03.2023 06:15;9,41
03.03.2023 06:30;7,97
03.03.2023 06:45;4,32
03.03.2023 07:00;17,48
03.03.2023 07:15;24,21
03.03.2023 07:30;19,75
03.03.2023 07:45;22,38
03.03.2023 08:00;20,51
03.03.2023 08:15;20,76
03.03.2023 08:30;25,30
03.03.2023 08:45;28,59
03.03.2023 09:00;26,92
03.03.2023 09:15;23,03
03.03.2023 09:30;24,92
03.03.2023 09:45;26,12
03.03.2023 10:00;19,95
03.03.2023 10:15;29,88
03.03.2023 10:30;26,38
03.03.2023 10:45;26,04
03.03.2023 11:00;25,42
03.03.2023 11:15;24,88
03.03.2023 11:30;26,39
03.03.2023 11:45;38,18
03.03.2023 12:00;26,52
03.03.2023 12:15;30,17
03.03.2023 12:30;23,48
03.03.2023 12:45;26,73
03.03.2023 13:00;31,65
03.03.2023 13:15;28,60
03.03.2023 13:30;31,84
03.03.2023 13:45;27,25
03.03.2023 14:00;32,61
03.03.2023 14:15;25,54
03.03.2023 14:30;33,95
03.03.2023 14:45;24,71
03.03.2023 15:00;29,91
03.03.2023 15:15;24,24
03.03.2023 15:30;28,27
03.03.2023 15:45;23,27
03.03.2023 16:00;29,14
03.03.2023 16:15;25,72
03.03.2023 16:30;27,66
03.03.2023 16:45;27,04
03.03.2023 17:00;22,26
03.03.2023 17:15;23,43
03.03.2023 17:30;25,93
03.03.2023 17:45;23,66
03.03.2023 18:00;24,43
03.03.2023 18:15;7,43
03.03.2023 18:30;5,00
03.03.2023 18:45;5,03
03.03.2023 19:00;6,83
03.03.2023 19:15;5,00
03.03.2023 19:30;9,97
03.03.2023 19:45;7,50
03.03.2023 20:00;9,08
03.03.2023 20:15;5,00
03.03.2023 20:30;9,11
03.03.2023 20:45;11,08
03.03.2023 21:00;5,00
03.03.2023 21:15;8,16
03.03.2023 21:30;6,62
03.03.2023 21:45;5,00
03.03.2023 22:00;7,61
03.03.2023 22:15;8,29
03.03.2023 22:30;5,42
03.03.2023 22:45;8,95
03.03.2023 23:00;5,00
03.03.2023 23:15;5,00
03.03.2023 23:30;6,89
03.03.2023 23:45;6,67
04.03.2023 00:00;5,00
04.03.2023 00:15;5,00
04.03.2023 00:30;5,00
04.03.2023 00:45;5,00
04.03.2023 01:00;5,00
04.03.2023 01:15;5,00
04.03.2023 01:30;5,00
04.03.2023 01:45;6,75
04.03.2023 02:00;5,00
04.03.2023 02:15;6,85
04.03.2023 02:30;5,00
04.03.2023 02:45;5,00
04.03.2023 03:00;5,38
04.03.2023 03:15;5,00
04.03.2023 03:30;5,00
04.03.2023 03:45;5,09
04.03.2023 04:00;5,00
04.03.2023 04:15;5,00
04.03.2023 04:30;5,00
04.03.2023 04:45;5,00
04.03.2023 05:00;5,00
04.03.2023 05:15;5,00
04.03.2023 05:30;5,00
04.03.2023 05:45;5,00
04.03.2023 06:00;5,95
04.03.2023 06:15;5,00
04.03.2023 06:30;5,00
04.03.2023 06:45;4,82
04.03.2023 07:00;5,22
04.03.2023 07:15;9,31
04.03.2023 07:30;11,24
04.03.2023 07:45;7,06
04.03.2023 08:00;11,93
04.03.2023 08:15;4,67
04.03.2023 08:30;4,30
04.03.2023 08:45;10,56
04.03.2023 09:00;8,81
04.03.2023 09:15;7,42
04.03.2023 09:30;10,76
04.03.2023 09:45;7,66
04.03.2023 10:00;0,84
04.03.2023 10:15;7,77
04.03.2023 10:30;1,89
04.03.2023 10:45;6,07
04.03.2023 11:00;5,36
04.03.2023 11:15;0,00
04.03.2023 11:30;0,45
04.03.2023 11:45;4,93
04.03.2023 12:00;0,41
04.03.2023 12:15;7,08
04.03.2023 12:30;0,00
04.03.2023 12:45;7,77
04.03.2023 13:00;2,96
04.03.2023 13:15;2,16
04.03.2023 13:30;9,01
04.03.2023 13:45;0,15
04.03.2023 14:00;11,33
04.03.2023 14:15;0,32
04.03.2023 14:30;11,84
04.03.2023 14:45;11,67
04.03.2023 15:00;10,08
04.03.2023 15:15;11,83
04.03.2023 15:30;7,13
04.03.2023 15:45;3,59
04.03.2023 16:00;10,39
04.03.2023 16:15;8,36
04.03.2023 16:30;8,34
04.03.2023 16:45;11,42
04.03.2023 17:00;9,66
04.03.2023 17:15;10,57
04.03.2023 17:30;14,80
04.03.2023 17:45;8,77
04.03.2023 18:00;8,18
04.03.2023 18:15;5,00
04.03.2023 18:30;5,00
04.03.2023 18:45;5,00
04.03.2023 19:00;5,00
04.03.2023 19:15;5,00
04.03.2023 19:30;5,00
04.03.2023 19:45;5,00
04.03.2023 20:00;5,00
04.03.2023 20:15;5,00
04.03.2023 20:30;5,00
04.03.2023 20:45;5,00
04.03.2023 21:00;5,00
04.03.2023 21:15;5,00
04.03.2023 21:30;5,00
04.03.2023 21:45;5,00
04.03.2023 22:00;5,00
04.03.2023 22:15;5,08
04.03.2023 22:30;7,05
04.03.2023 22:45;5,00
04.03.2023 23:00;5,00
04.03.2023 23:15;5,00
04.03.2023 23:30;5,00
04.03.2023 23:45;5,71
05.03.2023 00:00;5,00
05.03.2023 00:15;5,00
05.03.2023 00:30;5,39
05.03.2023 00:45;5,00
05.03.2023 01:00;5,00
05.03.2023 01:15;5,00
05.03.2023 01:30;5,00
05.03.2023 01:45;5,64
05.03.2023 02:00;5,00
05.03.2023 02:15;5,00
05.03.2023 02:30;7,92
05.03.2023 02:45;5,00
05.03.2023 03:00;5,00
05.03.2023 03:15;5,00
05.03.2023 03:30;5,00
05.03.2023 03:45;7,42
05.03.2023 04:00;5,00
05.03.2023 04:15;5,00
05.03.2023 04:30;5,00
05.03.2023 04:45;5,00
05.03.2023 05:00;5,00
05.03.2023 05:15;5,00
05.03.2023 05:30;5,00
05.03.2023 05:45;5,00
05.03.2023 06:00;5,00
05.03.2023 06:15;5,00
05.03.2023 06:30;6,05
05.03.2023 06:45;4,50
05.03.2023 07:00;5,26
05.03.2023 07:15;6,31
05.03.2023 07:30;2,62
05.03.2023 07:45;9,99
05.03.2023 08:00;8,56
05.03.2023 08:15;6,97
05.03.2023 08:30;7,99
05.03.2023 08:45;2,67
05.03.2023 09:00;4,38
05.03.2023 09:15;6,88
05.03.2023 09:30;5,83
05.03.2023 09:45;0,00
05.03.2023 10:00;3,29
05.03.2023 10:15;0,93
05.03.2023 10:30;6,64
05.03.2023 10:45;9,76
05.03.2023 11:00;1,86
05.03.2023 11:15;1,41
05.03.2023 11:30;3,20
05.03.2023 11:45;11,35
05.03.2023 12:00;4,62
05.03.2023 12:15;8,38
05.03.2023 12:30;3,32
05.03.2023 12:45;1,42
05.03.2023 13:00;3,74
05.03.2023 13:15;1,65
05.03.2023 13:30;0,00
05.03.2023 13:45;4,72
05.03.2023 14:00;1,40
05.03.2023 14:15;9,66
05.03.2023 14:30;12,94
05.03.2023 14:45;1,62
05.03.2023 15:00;9,99
05.03.2023 15:15;3,69
05.03.2023 15:30;6,58
05.03.2023 15:45;3,67
05.03.2023 16:00;8,92
05.03.2023 16:15;8,34
05.03.2023 16:30;7,91
05.03.2023 16:45;5,95
05.03.2023 17:00;10,98
05.03.2023 17:15;7,67
05.03.2023 17:30;10,90
05.03.2023 17:45;8,61
05.03.2023 18:00;8,57
05.03.2023 18:15;5,00
05.03.2023 18:30;5,00
05.03.2023 18:45;5,00
05.03.2023 19:00;5,70
05.03.2023 19:15;5,00
05.03.2023 19:30;5,00
05.03.2023 19:45;5,64
05.03.2023 20:00;5,00
05.03.2023 20:15;5,00
05.03.2023 20:30;5,00
05.03.2023 20:45;5,00
05.03.2023 21:00;6,38
05.03.2023 21:15;5,00
05.03.2023 21:30;5,00
05.03.2023 21:45;5,00
05.03.2023 22:00;5,00
05.03.2023 22:15;5,00
05.03.2023 22:30;5,00
05.03.2023 22:45;5,00
05.03.2023 23:00;5,00
05.03.2023 23:15;5,00
05.03.2023 23:30;5,00
05.03.2023 23:45;5,00
06.03.2023 00:00;7,77
06.03.2023 00:15;6,15
06.03.2023 00:30;6,71
06.03.2023 00:45;5,84
06.03.2023 01:00;5,00
06.03.2023 01:15;7,10
06.03.2023 01:30;10,37
06.03.2023 01:45;5,00
06.03.2023 02:00;5,04
06.03.2023 02:15;5,00
06.03.2023 02:30;8,04
06.03.2023 02:45;7,48
06.03.2023 03:00;6,27
06.03.2023 03:15;5,00
06.03.2023 03:30;6,77
06.03.2023 03:45;5,00
06.03.2023 04:00;6,87
06.03.2023 04:15;8,33
06.03.2023 04:30;5,00
06.03.2023 04:45;5,00
06.03.2023 05:00;9,75
06.03.2023 05:15;5,36
06.03.2023 05:30;8,86
06.03.2023 05:45;6,28
06.03.2023 06:00;6,26
06.03.2023 06:15;7,46
06.03.2023 06:30;5,00
06.03.2023 06:45;5,78
06.03.2023 07:00;20,18
06.03.2023 07:15;19,20
06.03.2023 07:30;22,11
06.03.2023 07:45;21,59
06.03.2023 08:00;21,08
06.03.2023 08:15;19,87
06.03.2023 08:30;29,78
06.03.2023 08:45;22,62
06.03.2023 09:00;26,47
06.03.2023 09:15;22,89
06.03.2023 09:30;17,39
06.03.2023 09:45;24,94
06.03.2023 10:00;24,57
06.03.2023 10:15;29,31
06.03.2023 10:30;32,11
06.03.2023 10:45;24,30
06.03.2023 11:00;28,34
06.03.2023 11:15;30,31
06.03.2023 11:30;34,19
06.03.2023 11:45;23,55
06.03.2023 12:00;21,67
06.03.2023 12:15;24,86
06.03.2023 12:30;24,45
06.03.2023 12:45;25,22
06.03.2023 13:00;25,72
06.03.2023 13:15;23,86
06.03.2023 13:30;27,65
06.03.2023 13:45;30,49
06.03.2023 14:00;22,83
06.03.2023 14:15;25,51
06.03.2023 14:30;33,60
06.03.2023 14:45;30,96
06.03.2023 15:00;27,25
06.03.2023 15:15;29,47
06.03.2023 15:30;26,75
06.03.2023 15:45;28,70
06.03.2023 16:00;24,34
06.03.2023 16:15;26,42
06.03.2023 16:30;27,48
06.03.2023 16:45;25,80
06.03.2023 17:00;24,90
06.03.2023 17:15;22,37
06.03.2023 17:30;22,67
06.03.2023 17:45;19,93
06.03.2023 18:00;21,98
06.03.2023 18:15;5,00
06.03.2023 18:30;6,06
06.03.2023 18:45;9,33
06.03.2023 19:00;8,99
06.03.2023 19:15;6,52
06.03.2023 19:30;6,41
06.03.2023 19:45;10,35
06.03.2023 20:00;7,63
06.03.2023 20:15;5,93
06.03.2023 20:30;5,00
06.03.2023 20:45;7,37
06.03.2023 21:00;8,25
06.03.2023 21:15;5,32
06.03.2023 21:30;7,17
06.03.2023 21:45;5,86
06.03.2023 22:00;6,22
06.03.2023 22:15;5,00
06.03.2023 22:30;6,14
06.03.2023 22:45;8,53
06.03.2023 23:00;5,32
06.03.2023 23:15;6,69
06.03.2023 23:30;5,07
06.03.2023 23:45;7,31
07.03.2023 00:00;6,14
07.03.2023 00:15;5,00
07.03.2023 00:30;9,24
07.03.2023 00:45;8,43
07.03.2023 01:00;5,37
07.03.2023 01:15;7,57
07.03.2023 01:30;7,65
07.03.2023 01:45;7,86
07.03.2023 02:00;5,00
07.03.2023 02:15;8,59
07.03.2023 02:30;5,44
07.03.2023 02:45;5,86
07.03.2023 03:00;11,85
07.03.2023 03:15;7,18
07.03.2023 03:30;5,80
07.03.2023 03:45;5,00
07.03.2023 04:00;9,35
07.03.2023 04:15;5,00
07.03.2023 04:30;5,00
07.03.2023 04:45;5,91
07.03.2023 05:00;9,41
07.03.2023 05:15;8,12
07.03.2023 05:30;6,26
07.03.2023 05:45;7,19
07.03.2023 06:00;5,37
07.03.2023 06:15;6,85
07.03.2023 06:30;6,69
07.03.2023 06:45;7,42
07.03.2023 07:00;21,42
07.03.2023 07:15;21,10
07.03.2023 07:30;19,66
07.03.2023 07:45;24,12
07.03.2023 08:00;21,50
07.03.2023 08:15;20,81
07.03.2023 08:30;22,38
07.03.2023 08:45;23,63
07.03.2023 09:00;27,27
07.03.2023 09:15;21,42
07.03.2023 09:30;25,26
07.03.2023 09:45;29,36
07.03.2023 10:00;28,26
07.03.2023 10:15;22,73
07.03.2023 10:30;26,51
07.03.2023 10:45;35,35
07.03.2023 11:00;23,01
07.03.2023 11:15;25,85
07.03.2023 11:30;26,79
07.03.2023 11:45;29,77
07.03.2023 12:00;36,03
07.03.2023 12:15;26,36
07.03.2023 12:30;32,62
07.03.2023 12:45;32,31
07.03.2023 13:00;30,42
07.03.2023 13:15;25,89
07.03.2023 13:30;25,51
07.03.2023 13:45;26,76
07.03.2023 14:00;30,32
07.03.2023 14:15;25,95
07.03.2023 14:30;25,34
07.03.2023 14:45;22,80
07.03.2023 15:00;30,11
07.03.2023 15:15;26,43
07.03.2023 15:30;27,68
07.03.2023 15:45;26,46
07.03.2023 16:00;21,98
07.03.2023 16:15;29,72
07.03.2023 16:30;25,48
07.03.2023 16:45;27,02
07.03.2023 17:00;24,72
07.03.2023 17:15;24,86
07.03.2023 17:30;24,01
07.03.2023 17:45;25,59
07.03.2023 18:00;19,44
07.03.2023 18:15;7,79
07.03.2023 18:30;8,78
07.03.2023 18:45;8,01
07.03.2023 19:00;11,22
07.03.2023 19:15;5,52
07.03.2023 19:30;8,49
07.03.2023 19:45;6,36
07.03.2023 20:00;9,04
07.03.2023 20:15;6,56
07.03.2023 20:30;5,80
07.03.2023 20:45;9,19
07.03.2023 21:00;5,59
07.03.2023 21:15;5,00
07.03.2023 21:30;5,54
07.03.2023 21:45;7,81
07.03.2023 22:00;9,36
07.03.2023 22:15;6,80
07.03.2023 22:30;9,21
07.03.2023 22:45;5,00
07.03.2023 23:00;5,69
07.03.2023 23:15;6,00
07.03.2023 23:30;6,35
07.03.2023 23:45;6,74
08.03.2023 00:00;7,94
08.03.2023 00:15;5,67
08.03.2023 00:30;6,84
08.03.2023 00:45;6,47
08.03.2023 01:00;5,00
08.03.2023 01:15;6,34
08.03.2023 01:30;6,28
08.03.2023 01:45;6,23
08.03.2023 02:00;6,63
08.03.2023 02:15;6,71
08.03.2023 02:30;5,70
08.03.2023 02:45;9,11
08.03.2023 03:00;5,00
08.03.2023 03:15;5,12
08.03.2023 03:30;12,12
08.03.2023 03:45;5,00
08.03.2023 04:00;5,00
08.03.2023 04:15;8,03
08.03.2023 04:30;5,00
08.03.2023 04:45;6,09
08.03.2023 05:00;10,85
08.03.2023 05:15;5,00
08.03.2023 05:30;5,00
08.03.2023 05:45;5,00
08.03.2023 06:00;8,36
08.03.2023 06:15;8,81
08.03.2023 06:30;5,31
08.03.2023 06:45;6,89
08.03.2023 07:00;22,74
08.03.2023 07:15;23,18
08.03.2023 07:30;20,56
08.03.2023 07:45;15,90
08.03.2023 08:00;21,07
08.03.2023 08:15;26,05
08.03.2023 08:30;20,64
08.03.2023 08:45;26,64
08.03.2023 09:00;27,65
08.03.2023 09:15;23,92
08.03.2023 09:30;21,24
08.03.2023 09:45;22,86
08.03.2023 10:00;33,02
08.03.2023 10:15;24,46
08.03.2023 10:30;28,59
08.03.2023 10:45;22,33
08.03.2023 11:00;25,66
08.03.2023 11:15;29,23
08.03.2023 11:30;25,85
08.03.2023 11:45;23,41
08.03.2023 12:00;29,67
08.03.2023 12:15;25,00
08.03.2023 12:30;29,29
08.03.2023 12:45;26,15
08.03.2023 13:00;33,87
08.03.2023 13:15;28,75
08.03.2023 13:30;33,24
08.03.2023 13:45;28,74
08.03.2023 14:00;20,28
08.03.2023 14:15;31,11
08.03.2023 14:30;30,97
08.03.2023 14:45;25,61
08.03.2023 15:00;24,05
08.03.2023 15:15;27,94
08.03.2023 15:30;25,70
08.03.2023 15:45;22,72
08.03.2023 16:00;24,96
08.03.2023 16:15;25,52
08.03.2023 16:30;23,35
08.03.2023 16:45;26,54
08.03.2023 17:00;26,18
08.03.2023 17:15;27,07
08.03.2023 17:30;24,07
08.03.2023 17:45;23,74
08.03.2023 18:00;21,00
08.03.2023 18:15;6,93
08.03.2023 18:30;7,44
08.03.2023 18:45;6,37
08.03.2023 19:00;5,00
08.03.2023 19:15;7,23
08.03.2023 19:30;7,29
08.03.2023 19:45;5,20
08.03.2023 20:00;5,00
08.03.2023 20:15;9,51
08.03.2023 20:30;7,55
08.03.2023 20:45;6,10
08.03.2023 21:00;5,00
08.03.2023 21:15;5,00
08.03.2023 21:30;9,17
08.03.2023 21:45;6,84
08.03.2023 22:00;5,46
08.03.2023 22:15;7,58
08.03.2023 22:30;5,00
08.03.2023 22:45;9,56
08.03.2023 23:00;9,27
08.03.2023 23:15;5,63
08.03.2023 23:30;5,31
08.03.2023 23:45;5,00
09.03.2023 00:00;5,00
09.03.2023 00:15;5,00
09.03.2023 00:30;6,82
09.03.2023 00:45;5,90
09.03.2023 01:00;5,00
09.03.2023 01:15;5,99
09.03.2023 01:30;7,56
09.03.2023 01:45;7,61
09.03.2023 02:00;5,00
09.03.2023 02:15;6,29
09.03.2023 02:30;5,00
09.03.2023 02:45;8,35
09.03.2023 03:00;8,12
09.03.2023 03:15;5,00
09.03.2023 03:30;5,02
09.03.2023 03:45;5,63
09.03.2023 04:00;5,00
09.03.2023 04:15;7,22
09.03.2023 04:30;6,01
09.03.2023 04:45;8,49
09.03.2023 05:00;5,00
09.03.2023 05:15;5,31
09.03.2023 05:30;5,00
09.03.2023 05:45;5,00
09.03.2023 06:00;5,00
09.03.2023 06:15;8,54
09.03.2023 06:30;4,96
09.03.2023 06:45;5,95
09.03.2023 07:00;19,19
09.03.2023 07:15;18,34
09.03.2023 07:30;20,56
09.03.2023 07:45;23,68
09.03.2023 08:00;17,64
09.03.2023 08:15;25,60
09.03.2023 08:30;23,08
09.03.2023 08:45;20,50
09.03.2023 09:00;22,26
09.03.2023 09:15;23,05
09.03.2023 09:30;21,33
09.03.2023 09:45;21,11
09.03.2023 10:00;20,79
09.03.2023 10:15;17,72
09.03.2023 10:30;17,26
09.03.2023 10:45;26,91
09.03.2023 11:00;23,38
09.03.2023 11:15;19,67
09.03.2023 11:30;26,87
09.03.2023 11:45;30,50
09.03.2023 12:00;30,75
09.03.2023 12:15;21,51
09.03.2023 12:30;30,55
09.03.2023 12:45;28,79
09.03.2023 13:00;24,12
09.03.2023 13:15;29,98
09.03.2023 13:30;36,39
09.03.2023 13:45;29,85
09.03.2023 14:00;24,03
09.03.2023 14:15;26,04
09.03.2023 14:30;29,48
09.03.2023 14:45;29,97
09.03.2023 15:00;32,51
09.03.2023 15:15;26,80
09.03.2023 15:30;21,66
09.03.2023 15:45;24,52
09.03.2023 16:00;30,99
09.03.2023 16:15;28,58
09.03.2023 16:30;26,42
09.03.2023 16:45;24,25
09.03.2023 17:00;28,17
09.03.2023 17:15;22,21
09.03.2023 17:30;25,01
09.03.2023 17:45;20,34
09.03.2023 18:00;23,97
09.03.2023 18:15;6,03
09.03.2023 18:30;9,09
09.03.2023 18:45;7,53
09.03.2023 19:00;5,00
09.03.2023 19:15;9,40
09.03.2023 19:30;9,65
09.03.2023 19:45;8,32
09.03.2023 20:00;5,03
09.03.2023 20:15;5,94
09.03.2023 20:30;6,84
09.03.2023 20:45;5,14
09.03.2023 21:00;9,94
09.03.2023 21:15;6,84
09.03.2023 21:30;5,00
09.03.2023 21:45;7,23
09.03.2023 22:00;5,85
09.03.2023 22:15;6,40
09.03.2023 22:30;5,81
09.03.2023 22:45;8,16
09.03.2023 23:00;8,79
09.03.2023 23:15;7,12
09.03.2023 23:30;5,87
09.03.2023 23:45;6,47
10.03.2023 00:00;6,58
10.03.2023 00:15;5,00
10.03.2023 00:30;7,70
10.03.2023 00:45;7,46
10.03.2023 01:00;9,62
10.03.2023 01:15;9,05
10.03.2023 01:30;5,17
10.03.2023 01:45;8,18
10.03.2023 02:00;5,00
10.03.2023 02:15;7,93
10.03.2023 02:30;5,51
10.03.2023 02:45;5,00
10.03.2023 03:00;7,10
10.03.2023 03:15;5,00
10.03.2023 03:30;5,00
10.03.2023 03:45;6,18
10.03.2023 04:00;6,70
10.03.2023 04:15;5,80
10.03.2023 04:30;5,00
10.03.2023 04:45;5,00
10.03.2023 05:00;7,32
10.03.2023 05:15;7,70
10.03.2023 05:30;6,51
10.03.2023 05:45;8,85
10.03.2023 06:00;7,33
10.03.2023 06:15;5,04
10.03.2023 06:30;5,73
10.03.2023 06:45;3,57
10.03.2023 07:00;19,45
10.03.2023 07:15;22,27
10.03.2023 07:30;20,26
10.03.2023 07:45;26,46
10.03.2023 08:00;18,46
10.03.2023 08:15;21,92
10.03.2023 08:30;22,63
10.03.2023 08:45;24,56
10.03.2023 09:00;25,03
10.03.2023 09:15;23,93
10.03.2023 09:30;22,89
10.03.2023 09:45;26,19
10.03.2023 10:00;25,99
10.03.2023 10:15;30,53
10.03.2023 10:30;27,50
10.03.2023 10:45;24,73
10.03.2023 11:00;34,87
10.03.2023 11:15;26,49
10.03.2023 11:30;26,65
10.03.2023 11:45;30,83
10.03.2023 12:00;35,68
10.03.2023 12:15;25,79
10.03.2023 12:30;27,98
10.03.2023 12:45;18,72
10.03.2023 13:00;26,75
10.03.2023 13:15;24,17
10.03.2023 13:30;28,61
10.03.2023 13:45;19,78
10.03.2023 14:00;34,04
10.03.2023 14:15;25,73
10.03.2023 14:30;27,24
10.03.2023 14:45;24,33
10.03.2023 15:00;21,59
10.03.2023 15:15;28,73
10.03.2023 15:30;23,05
10.03.2023 15:45;21,28
10.03.2023 16:00;28,72
10.03.2023 16:15;22,37
10.03.2023 16:30;21,78
10.03.2023 16:45;27,57
10.03.2023 17:00;23,60
10.03.2023 17:15;23,60
10.03.2023 17:30;20,26
10.03.2023 17:45;26,52
10.03.2023 18:00;19,22
10.03.2023 18:15;6,66
10.03.2023 18:30;8,36
10.03.2023 18:45;7,38
10.03.2023 19:00;6,42
10.03.2023 19:15;5,00
10.03.2023 19:30;5,00
10.03.2023 19:45;6,91
10.03.2023 20:00;5,00
10.03.2023 20:15;6,95
10.03.2023 20:30;7,90
10.03.2023 20:45;8,46
10.03.2023 21:00;5,00
10.03.2023 21:15;10,93
10.03.2023 21:30;8,07
10.03.2023 21:45;6,53
10.03.2023 22:00;8,72
10.03.2023 22:15;11,27
10.03.2023 22:30;5,00
10.03.2023 22:45;6,09
10.03.2023 23:00;5,00
10.03.2023 23:15;6,92
10.03.2023 23:30;7,27
10.03.2023 23:45;6,46
11.03.2023 00:00;5,00
11.03.2023 00:15;5,00
11.03.2023 00:30;5,00
11.03.2023 00:45;5,52
11.03.2023 01:00;5,00
11.03.2023 01:15;5,00
11.03.2023 01:30;5,00
11.03.2023 01:45;5,00
11.03.2023 02:00;5,00
11.03.2023 02:15;5,00
11.03.2023 02:30;5,00
11.03.2023 02:45;5,00
11.03.2023 03:00;5,00
11.03.2023 03:15;5,00
11.03.2023 03:30;5,00
11.03.2023 03:45;5,00
11.03.2023 04:00;5,00
11.03.2023 04:15;6,20
11.03.2023 04:30;5,00
11.03.2023 04:45;5,00
11.03.2023 05:00;5,00
11.03.2023 05:15;6,21
11.03.2023 05:30;5,00
11.03.2023 05:45;5,00
11.03.2023 06:00;5,00
11.03.2023 06:15;5,00
11.03.2023 06:30;4,54
11.03.2023 06:45;3,88
11.03.2023 07:00;4,04
11.03.2023 07:15;5,50
11.03.2023 07:30;5,58
11.03.2023 07:45;10,41
11.03.2023 08:00;0,32
11.03.2023 08:15;8,22
11.03.2023 08:30;4,44
11.03.2023 08:45;5,71
11.03.2023 09:00;2,35
11.03.2023 09:15;0,00
11.03.2023 09:30;5,34
11.03.2023 09:45;0,00
11.03.2023 10:00;4,19
11.03.2023 10:15;2,71
11.03.2023 10:30;0,00
11.03.2023 10:45;6,25
11.03.2023 11:00;1,31
11.03.2023 11:15;6,91
11.03.2023 11:30;10,45
11.03.2023 11:45;9,58
11.03.2023 12:00;5,55
11.03.2023 12:15;1,92
11.03.2023 12:30;11,33
11.03.2023 12:45;4,50
11.03.2023 13:00;3,16
11.03.2023 13:15;2,92
11.03.2023 13:30;6,60
11.03.2023 13:45;2,39
11.03.2023 14:00;4,54
11.03.2023 14:15;1,94
11.03.2023 14:30;10,92
11.03.2023 14:45;4,96
11.03.2023 15:00;9,49
11.03.2023 15:15;6,95
11.03.2023 15:30;8,01
11.03.2023 15:45;6,85
11.03.2023 16:00;3,50
11.03.2023 16:15;6,91
11.03.2023 16:30;6,99
11.03.2023 16:45;5,38
11.03.2023 17:00;7,33
11.03.2023 17:15;9,37
11.03.2023 17:30;10,22
11.03.2023 17:45;7,04
11.03.2023 18:00;10,70
11.03.2023 18:15;5,00
11.03.2023 18:30;5,00
11.03.2023 18:45;5,00
11.03.2023 19:00;5,00
11.03.2023 19:15;5,00
11.03.2023 19:30;5,00
11.03.2023 19:45;5,00
11.03.2023 20:00;5,00
11.03.2023 20:15;5,00
11.03.2023 20:30;5,00
11.03.2023 20:45;5,00
11.03.2023 21:00;5,53
11.03.2023 21:15;5,00
11.03.2023 21:30;5,00
11.03.2023 21:45;5,47
11.03.2023 22:00;5,48
11.03.2023 22:15;5,00
11.03.2023 22:30;5,00
11.03.2023 22:45;5,00
11.03.2023 23:00;5,00
11.03.2023 23:15;5,00
11.03.2023 23:30;6,10
11.03.2023 23:45;5,00
12.03.2023 00:00;5,00
12.03.2023 00:15;5,00
12.03.2023 00:30;5,00
12.03.2023 00:45;5,00
12.03.2023 01:00;5,00
12.03.2023 01:15;5,00
12.03.2023 01:30;5,00
12.03.2023 01:45;5,00
12.03.2023 02:00;5,00
12.03.2023 02:15;6,17
12.03.2023 02:30;5,97
12.03.2023 02:45;5,00
12.03.2023 03:00;5,00
12.03.2023 03:15;5,00
12.03.2023 03:30;5,00
12.03.2023 03:45;5,00
12.03.2023 04:00;5,00
12.03.2023 04:15;5,00
12.03.2023 04:30;8,48
12.03.2023 04:45;5,00
12.03.2023 05:00;5,00
12.03.2023 05:15;5,00
12.03.2023 05:30;5,00
12.03.2023 05:45;5,00
12.03.2023 06:00;5,00
12.03.2023 06:15;5,00
12.03.2023 06:30;4,53
12.03.2023 06:45;3,12
12.03.2023 07:00;4,66
12.03.2023 07:15;4,81
12.03.2023 07:30;7,52
12.03.2023 07:45;1,77
12.03.2023 08:00;6,40
12.03.2023 08:15;5,50
12.03.2023 08:30;0,37
12.03.2023 08:45;0,00
12.03.2023 09:00;7,65
12.03.2023 09:15;4,09
12.03.2023 09:30;9,51
12.03.2023 09:45;3,48
12.03.2023 10:00;3,60
12.03.2023 10:15;7,92
12.03.2023 10:30;0,00
12.03.2023 10:45;4,75
12.03.2023 11:00;2,54
12.03.2023 11:15;5,44
12.03.2023 11:30;2,20
12.03.2023 11:45;1,93
12.03.2023 12:00;10,79
12.03.2023 12:15;5,51
12.03.2023 12:30;0,65
12.03.2023 12:45;0,43
12.03.2023 13:00;0,00
12.03.2023 13:15;2,75
12.03.2023 13:30;0,00
12.03.2023 13:45;7,13
12.03.2023 14:00;9,45
12.03.2023 14:15;1,09
12.03.2023 14:30;4,99
12.03.2023 14:45;7,46
12.03.2023 15:00;7,57
12.03.2023 15:15;5,82
12.03.2023 15:30;7,19
12.03.2023 15:45;5,46
12.03.2023 16:00;10,08
12.03.2023 16:15;4,87
12.03.2023 16:30;9,53
12.03.2023 16:45;7,50
12.03.2023 17:00;6,30
12.03.2023 17:15;10,39
12.03.2023 17:30;9,41
12.03.2023 17:45;8,27
12.03.2023 18:00;10,46
12.03.2023 18:15;5,00
12.03.2023 18:30;5,00
12.03.2023 18:45;5,40
12.03.2023 19:00;5,68
12.03.2023 19:15;5,75
12.03.2023 19:30;5,00
12.03.2023 19:45;5,07
12.03.2023 20:00;5,00
12.03.2023 20:15;5,00
12.03.2023 20:30;5,00
12.03.2023 20:45;5,95
12.03.2023 21:00;5,00
12.03.2023 21:15;5,00
12.03.2023 21:30;5,00
12.03.2023 21:45;5,00
12.03.2023 22:00;5,00
12.03.2023 22:15;5,00
12.03.2023 22:30;5,00
12.03.2023 22:45;5,00
12.03.2023 23:00;5,00
12.03.2023 23:15;5,00
12.03.2023 23:30;5,00
12.03.2023 23:45;5,00
13.03.2023 00:00;5,00
13.03.2023 00:15;5,00
13.03.2023 00:30;6,50
13.03.2023 00:45;5,41
13.03.2023 01:00;10,48
13.03.2023 01:15;10,17
13.03.2023 01:30;5,00
13.03.2023 01:45;7,61
13.03.2023 02:00;8,00
13.03.2023 02:15;5,31
13.03.2023 02:30;5,00
13.03.2023 02:45;6,48
13.03.2023 03:00;6,15
13.03.2023 03:15;5,63
13.03.2023 03:30;7,39
13.03.2023 03:45;5,00
13.03.2023 04:00;5,00
13.03.2023 04:15;6,72
13.03.2023 04:30;7,27
13.03.2023 04:45;5,00
13.03.2023 05:00;8,36
13.03.2023 05:15;5,00
13.03.2023 05:30;5,34
13.03.2023 05:45;5,98
13.03.2023 06:00;5,23
13.03.2023 06:15;5,37
13.03.2023 06:30;9,34
13.03.2023 06:45;4,03
13.03.2023 07:00;24,89
13.03.2023 07:15;20,50
13.03.2023 07:30;18,78
13.03.2023 07:45;21,91
13.03.2023 08:00;24,66
13.03.2023 08:15;16,67
13.03.2023 08:30;21,44
13.03.2023 08:45;24,90
13.03.2023 09:00;23,70
13.03.2023 09:15;15,63
13.03.2023 09:30;26,22
13.03.2023 09:45;23,47
13.03.2023 10:00;25,44
13.03.2023 10:15;19,19
13.03.2023 10:30;18,73
13.03.2023 10:45;22,65
13.03.2023 11:00;30,85
13.03.2023 11:15;39,86
13.03.2023 11:30;29,59
13.03.2023 11:45;22,71
13.03.2023 12:00;24,15
13.03.2023 12:15;31,83
13.03.2023 12:30;35,41
13.03.2023 12:45;21,14
13.03.2023 13:00;20,68
13.03.2023 13:15;27,05
13.03.2023 13:30;24,36
13.03.2023 13:45;23,47
13.03.2023 14:00;24,83
13.03.2023 14:15;26,43
13.03.2023 14:30;21,99
13.03.2023 14:45;25,59
13.03.2023 15:00;23,75
13.03.2023 15:15;25,75
13.03.2023 15:30;25,34
13.03.2023 15:45;25,68
13.03.2023 16:00;26,20
13.03.2023 16:15;26,74
13.03.2023 16:30;22,79
13.03.2023 16:45;26,01
13.03.2023 17:00;23,61
13.03.2023 17:15;22,63
13.03.2023 17:30;20,16
13.03.2023 17:45;26,52
13.03.2023 18:00;20,40
13.03.2023 18:15;6,31
13.03.2023 18:30;8,52
13.03.2023 18:45;13,56
13.03.2023 19:00;5,00
13.03.2023 19:15;7,40
13.03.2023 19:30;5,09
13.03.2023 19:45;5,42
13.03.2023 20:00;5,06
13.03.2023 20:15;5,00
13.03.2023 20:30;6,42
13.03.2023 20:45;5,00
13.03.2023 21:00;8,39
13.03.2023 21:15;6,61
13.03.2023 21:30;7,35
13.03.2023 21:45;5,57
13.03.2023 22:00;5,77
13.03.2023 22:15;7,08
13.03.2023 22:30;5,00
13.03.2023 22:45;5,78
13.03.2023 23:00;5,00
13.03.2023 23:15;5,00
13.03.2023 23:30;5,00
13.03.2023 23:45;9,18
14.03.2023 00:00;5,11
14.03.2023 00:15;8,81
14.03.2023 00:30;8,63
14.03.2023 00:45;5,00
14.03.2023 01:00;5,00
14.03.2023 01:15;11,61
14.03.2023 01:30;9,99
14.03.2023 01:45;6,42
14.03.2023 02:00;7,00
14.03.2023 02:15;5,23
14.03.2023 02:30;7,35
14.03.2023 02:45;5,05
14.03.2023 03:00;5,00
14.03.2023 03:15;5,00
14.03.2023 03:30;6,53
14.03.2023 03:45;5,00
14.03.2023 04:00;6,35
14.03.2023 04:15;5,00
14.03.2023 04:30;5,00
14.03.2023 04:45;8,19
14.03.2023 05:00;6,98
14.03.2023 05:15;6,47
14.03.2023 05:30;8,25
14.03.2023 05:45;7,45
14.03.2023 06:00;9,38
14.03.2023 06:15;5,57
14.03.2023 06:30;4,45
14.03.2023 06:45;2,71
14.03.2023 07:00;18,95
14.03.2023 07:15;24,13
14.03.2023 07:30;22,30
14.03.2023 07:45;20,04
14.03.2023 08:00;15,84
14.03.2023 08:15;20,47
14.03.2023 08:30;19,42
14.03.2023 08:45;24,09
14.03.2023 09:00;21,93
14.03.2023 09:15;23,40
14.03.2023 09:30;17,85
14.03.2023 09:45;21,52
14.03.2023 10:00;16,43
14.03.2023 10:15;18,20
14.03.2023 10:30;19,91
14.03.2023 10:45;22,92
14.03.2023 11:00;24,49
14.03.2023 11:15;26,29
14.03.2023 11:30;30,53
14.03.2023 11:45;30,29
14.03.2023 12:00;30,51
14.03.2023 12:15;22,95
14.03.2023 12:30;28,59
14.03.2023 12:45;25,80
14.03.2023 13:00;27,39
14.03.2023 13:15;31,54
14.03.2023 13:30;26,25
14.03.2023 13:45;28,35
14.03.2023 14:00;29,16
14.03.2023 14:15;32,07
14.03.2023 14:30;24,64
14.03.2023 14:45;24,14
14.03.2023 15:00;26,48
14.03.2023 15:15;32,19
14.03.2023 15:30;25,26
14.03.2023 15:45;24,80
14.03.2023 16:00;28,15
14.03.2023 16:15;27,62
14.03.2023 16:30;30,54
14.03.2023 16:45;22,34
14.03.2023 17:00;20,22
14.03.2023 17:15;26,65
14.03.2023 17:30;22,55
14.03.2023 17:45;21,52
14.03.2023 18:00;19,12
14.03.2023 18:15;5,38
14.03.2023 18:30;5,00
14.03.2023 18:45;10,67
14.03.2023 19:00;6,44
14.03.2023 19:15;6,37
14.03.2023 19:30;7,66
14.03.2023 19:45;8,41
14.03.2023 20:00;8,38
14.03.2023 20:15;8,63
14.03.2023 20:30;5,23
14.03.2023 20:45;5,89
14.03.2023 21:00;8,03
14.03.2023 21:15;5,43
14.03.2023 21:30;6,48
14.03.2023 21:45;7,28
14.03.2023 22:00;8,06
14.03.2023 22:15;5,00
14.03.2023 22:30;7,92
14.03.2023 22:45;6,02
14.03.2023 23:00;7,90
14.03.2023 23:15;8,04
14.03.2023 23:30;9,70
14.03.2023 23:45;9,19
15.03.2023 00:00;9,17
15.03.2023 00:15;9,36
15.03.2023 00:30;7,06
15.03.2023 00:45;6,54
15.03.2023 01:00;8,22
15.03.2023 01:15;7,94
15.03.2023 01:30;5,86
15.03.2023 01:45;7,28
15.03.2023 02:00;6,40
15.03.2023 02:15;5,00
15.03.2023 02:30;9,06
15.03.2023 02:45;6,58
15.03.2023 03:00;10,57
15.03.2023 03:15;5,00
15.03.2023 03:30;5,36
15.03.2023 03:45;6,54
15.03.2023 04:00;8,75
15.03.2023 04:15;7,27
15.03.2023 04:30;7,10
15.03.2023 04:45;5,00
15.03.2023 05:00;5,00
15.03.2023 05:15;7,12
15.03.2023 05:30;5,00
15.03.2023 05:45;5,41
15.03.2023 06:00;7,48
15.03.2023 06:15;4,93
15.03.2023 06:30;8,69
15.03.2023 06:45;7,31
15.03.2023 07:00;15,30
15.03.2023 07:15;16,93
15.03.2023 07:30;15,70
15.03.2023 07:45;16,59
15.03.2023 08:00;20,87
15.03.2023 08:15;17,26
15.03.2023 08:30;22,46
15.03.2023 08:45;19,67
15.03.2023 09:00;24,45
15.03.2023 09:15;17,58
15.03.2023 09:30;23,56
15.03.2023 09:45;23,54
15.03.2023 10:00;16,58
15.03.2023 10:15;27,24
15.03.2023 10:30;24,92
15.03.2023 10:45;25,85
15.03.2023 11:00;28,28
15.03.2023 11:15;30,23
15.03.2023 11:30;28,86
15.03.2023 11:45;24,21
15.03.2023 12:00;23,23
15.03.2023 12:15;22,27
15.03.2023 12:30;38,18
15.03.2023 12:45;33,10
15.03.2023 13:00;27,15
15.03.2023 13:15;25,00
15.03.2023 13:30;31,17
15.03.2023 13:45;23,20
15.03.2023 14:00;26,96
15.03.2023 14:15;21,69
15.03.2023 14:30;28,46
15.03.2023 14:45;30,30
15.03.2023 15:00;30,09
15.03.2023 15:15;22,32
15.03.2023 15:30;28,76
15.03.2023 15:45;24,31
15.03.2023 16:00;19,71
15.03.2023 16:15;30,19
15.03.2023 16:30;27,19
15.03.2023 16:45;27,13
15.03.2023 17:00;25,35
15.03.2023 17:15;27,10
15.03.2023 17:30;23,92
15.03.2023 17:45;22,41
15.03.2023 18:00;22,27
15.03.2023 18:15;8,96
15.03.2023 18:30;5,00
15.03.2023 18:45;5,17
15.03.2023 19:00;5,86
15.03.2023 19:15;5,00
15.03.2023 19:30;6,75
15.03.2023 19:45;5,00
15.03.2023 20:00;6,58
15.03.2023 20:15;8,20
15.03.2023 20:30;5,52
15.03.2023 20:45;9,83
15.03.2023 21:00;5,00
15.03.2023 21:15;8,86
15.03.2023 21:30;7,82
15.03.2023 21:45;5,00
15.03.2023 22:00;11,90
15.03.2023 22:15;6,35
15.03.2023 22:30;5,00
15.03.2023 22:45;5,00
15.03.2023 23:00;6,03
15.03.2023 23:15;6,22
15.03.2023 23:30;6,68
15.03.2023 23:45;5,88
16.03.2023 00:00;7,73
16.03.2023 00:15;5,69
16.03.2023 00:30;5,00
16.03.2023 00:45;6,16
16.03.2023 01:00;5,00
16.03.2023 01:15;7,17
16.03.2023 01:30;5,00
16.03.2023 01:45;6,79
16.03.2023 02:00;9,09
16.03.2023 02:15;5,00
16.03.2023 02:30;8,58
16.03.2023 02:45;5,59
16.03.2023 03:00;9,97
16.03.2023 03:15;5,73
16.03.2023 03:30;5,00
16.03.2023 03:45;7,84
16.03.2023 04:00;5,59
16.03.2023 04:15;5,00
16.03.2023 04:30;5,51
16.03.2023 04:45;6,37
16.03.2023 05:00;9,15
16.03.2023 05:15;5,00
16.03.2023 05:30;6,51
16.03.2023 05:45;7,71
16.03.2023 06:00;6,85
16.03.2023 06:15;9,06
16.03.2023 06:30;5,37
16.03.2023 06:45;4,19
16.03.2023 07:00;19,72
16.03.2023 07:15;21,93
16.03.2023 07:30;18,80
16.03.2023 07:45;22,54
16.03.2023 08:00;18,57
16.03.2023 08:15;18,32
16.03.2023 08:30;19,06
16.03.2023 08:45;20,81
16.03.2023 09:00;11,80
16.03.2023 09:15;27,04
16.03.2023 09:30;24,26
16.03.2023 09:45;17,06
16.03.2023 10:00;24,70
16.03.2023 10:15;34,65
16.03.2023 10:30;26,27
16.03.2023 10:45;14,12
16.03.2023 11:00;33,76
16.03.2023 11:15;22,70
16.03.2023 11:30;35,40
16.03.2023 11:45;23,14
16.03.2023 12:00;22,96
16.03.2023 12:15;29,88
16.03.2023 12:30;27,22
16.03.2023 12:45;28,76
16.03.2023 13:00;24,17
16.03.2023 13:15;28,20
16.03.2023 13:30;22,51
16.03.2023 13:45;29,40
16.03.2023 14:00;22,08
16.03.2023 14:15;21,54
16.03.2023 14:30;22,85
16.03.2023 14:45;19,18
16.03.2023 15:00;26,25
16.03.2023 15:15;27,89
16.03.2023 15:30;25,90
16.03.2023 15:45;25,19
16.03.2023 16:00;25,19
16.03.2023 16:15;25,78
16.03.2023 16:30;24,23
16.03.2023 16:45;22,36
16.03.2023 17:00;25,23
16.03.2023 17:15;23,94
16.03.2023 17:30;25,49
16.03.2023 17:45;23,34
16.03.2023 18:00;23,91
16.03.2023 18:15;5,00
16.03.2023 18:30;5,63
16.03.2023 18:45;5,01
16.03.2023 19:00;7,09
16.03.2023 19:15;5,74
16.03.2023 19:30;7,92
16.03.2023 19:45;5,00
16.03.2023 20:00;6,55
16.03.2023 20:15;7,83
16.03.2023 20:30;5,00
16.03.2023 20:45;10,70
16.03.2023 21:00;5,89
16.03.2023 21:15;5,00
16.03.2023 21:30;6,78
16.03.2023 21:45;6,53
16.03.2023 22:00;6,30
16.03.2023 22:15;8,44
16.03.2023 22:30;7,96
16.03.2023 22:45;7,06
16.03.2023 23:00;7,36
16.03.2023 23:15;6,25
16.03.2023 23:30;10,01
16.03.2023 23:45;5,00
17.03.2023 00:00;6,73
17.03.2023 00:15;6,58
17.03.2023 00:30;8,07
17.03.2023 00:45;5,00
17.03.2023 01:00;5,00
17.03.2023 01:15;6,76
17.03.2023 01:30;7,01
17.03.2023 01:45;9,43
17.03.2023 02:00;5,00
17.03.2023 02:15;8,76
17.03.2023 02:30;11,18
17.03.2023 02:45;5,69
17.03.2023 03:00;5,00
17.03.2023 03:15;5,63
17.03.2023 03:30;6,48
17.03.2023 03:45;7,58
17.03.2023 04:00;5,26
17.03.2023 04:15;9,56
17.03.2023 04:30;5,00
17.03.2023 04:45;5,00
17.03.2023 05:00;8,66
17.03.2023 05:15;5,00
17.03.2023 05:30;6,04
17.03.2023 05:45;12,68
17.03.2023 06:00;6,42
17.03.2023 06:15;4,74
17.03.2023 06:30;5,60
17.03.2023 06:45;4,53
17.03.2023 07:00;18,91
17.03.2023 07:15;18,70
17.03.2023 07:30;18,99
17.03.2023 07:45;22,46
17.03.2023 08:00;19,46
17.03.2023 08:15;22,11
17.03.2023 08:30;21,12
17.03.2023 08:45;27,38
17.03.2023 09:00;17,50
17.03.2023 09:15;22,56
17.03.2023 09:30;21,92
17.03.2023 09:45;16,48
17.03.2023 10:00;23,90
17.03.2023 10:15;17,94
17.03.2023 10:30;28,38
17.03.2023 10:45;24,15
17.03.2023 11:00;32,18
17.03.2023 11:15;24,26
17.03.2023 11:30;25,55
17.03.2023 11:45;27,56
17.03.2023 12:00;21,53
17.03.2023 12:15;24,71
17.03.2023 12:30;27,08
17.03.2023 12:45;27,94
17.03.2023 13:00;22,86
17.03.2023 13:15;32,87
17.03.2023 13:30;26,66
17.03.2023 13:45;34,64
17.03.2023 14:00;29,18
17.03.2023 14:15;30,02
17.03.2023 14:30;25,16
17.03.2023 14:45;30,02
17.03.2023 15:00;33,05
17.03.2023 15:15;26,60
17.03.2023 15:30;28,60
17.03.2023 15:45;30,17
17.03.2023 16:00;21,85
17.03.2023 16:15;25,72
17.03.2023 16:30;25,69
17.03.2023 16:45;22,31
17.03.2023 17:00;22,56
17.03.2023 17:15;21,13
17.03.2023 17:30;19,34
17.03.2023 17:45;22,83
17.03.2023 18:00;23,30
17.03.2023 18:15;6,00
17.03.2023 18:30;9,32
17.03.2023 18:45;5,04
17.03.2023 19:00;5,00
17.03.2023 19:15;6,31
17.03.2023 19:30;6,28
17.03.2023 19:45;7,99
17.03.2023 20:00;5,00
17.03.2023 20:15;9,18
17.03.2023 20:30;10,38
17.03.2023 20:45;6,37
17.03.2023 21:00;8,95
17.03.2023 21:15;5,00
17.03.2023 21:30;8,60
17.03.2023 21:45;8,54
17.03.2023 22:00;8,17
17.03.2023 22:15;6,42
17.03.2023 22:30;5,00
17.03.2023 22:45;5,16
17.03.2023 23:00;5,20
17.03.2023 23:15;5,00
17.03.2023 23:30;6,69
17.03.2023 23:45;5,61
18.03.2023 00:00;5,00
18.03.2023 00:15;5,00
18.03.2023 00:30;5,00
18.03.2023 00:45;5,00
18.03.2023 01:00;5,00
18.03.2023 01:15;5,00
18.03.2023 01:30;5,00
18.03.2023 01:45;5,00
18.03.2023 02:00;5,00
18.03.2023 02:15;5,00
18.03.2023 02:30;5,00
18.03.2023 02:45;5,45
18.03.2023 03:00;5,00
18.03.2023 03:15;5,00
18.03.2023 03:30;5,00
18.03.2023 03:45;5,00
18.03.2023 04:00;5,00
18.03.2023 04:15;5,00
18.03.2023 04:30;5,00
18.03.2023 04:45;5,65
18.03.2023 05:00;5,00
18.03.2023 05:15;5,06
18.03.2023 05:30;5,00
18.03.2023 05:45;5,00
18.03.2023 06:00;5,00
18.03.2023 06:15;4,60
18.03.2023 06:30;3,80
18.03.2023 06:45;3,10
18.03.2023 07:00;6,58
18.03.2023 07:15;5,97
18.03.2023 07:30;8,56
18.03.2023 07:45;5,10
18.03.2023 08:00;0,71
18.03.2023 08:15;5,40
18.03.2023 08:30;8,19
18.03.2023 08:45;3,82
18.03.2023 09:00;10,55
18.03.2023 09:15;9,92
18.03.2023 09:30;6,30
18.03.2023 09:45;2,78
18.03.2023 10:00;2,79
18.03.2023 10:15;0,00
18.03.2023 10:30;3,98
18.03.2023 10:45;8,63
18.03.2023 11:00;0,00
18.03.2023 11:15;7,54
18.03.2023 11:30;7,61
18.03.2023 11:45;4,09
18.03.2023 12:00;12,61
18.03.2023 12:15;0,00
18.03.2023 12:30;0,00
18.03.2023 12:45;0,00
18.03.2023 13:00;0,00
18.03.2023 13:15;0,56
18.03.2023 13:30;2,78
18.03.2023 13:45;0,00
18.03.2023 14:00;3,00
18.03.2023 14:15;7,86
18.03.2023 14:30;9,51
18.03.2023 14:45;7,06
18.03.2023 15:00;4,25
18.03.2023 15:15;0,95
18.03.2023 15:30;0,94
18.03.2023 15:45;11,50
18.03.2023 16:00;6,84
18.03.2023 16:15;6,60
18.03.2023 16:30;7,36
18.03.2023 16:45;4,36
18.03.2023 17:00;9,87
18.03.2023 17:15;9,05
18.03.2023 17:30;11,34
18.03.2023 17:45;7,92
18.03.2023 18:00;6,01
18.03.2023 18:15;5,00
18.03.2023 18:30;5,00
18.03.2023 18:45;5,00
18.03.2023 19:00;5,00
18.03.2023 19:15;5,00
18.03.2023 19:30;5,00
18.03.2023 19:45;6,52
18.03.2023 20:00;5,00
18.03.2023 20:15;5,00
18.03.2023 20:30;5,00
18.03.2023 20:45;5,00
18.03.2023 21:00;5,00
18.03.2023 21:15;5,00
18.03.2023 21:30;5,00
18.03.2023 21:45;5,00
18.03.2023 22:00;5,00
18.03.2023 22:15;5,00
18.03.2023 22:30;5,00
18.03.2023 22:45;5,00
18.03.2023 23:00;5,00
18.03.2023 23:15;5,00
18.03.2023 23:30;5,14
18.03.2023 23:45;5,00
19.03.2023 00:00;5,00
19.03.2023 00:15;5,00
19.03.2023 00:30;5,00
19.03.2023 00:45;5,00
19.03.2023 01:00;5,35
19.03.2023 01:15;5,00
19.03.2023 01:30;5,00
19.03.2023 01:45;5,30
19.03.2023 02:00;5,00
19.03.2023 02:15;5,00
19.03.2023 02:30;5,00
19.03.2023 02:45;5,00
19.03.2023 03:00;5,00
19.03.2023 03:15;5,90
19.03.2023 03:30;5,00
19.03.2023 03:45;5,00
19.03.2023 04:00;5,00
19.03.2023 04:15;5,00
19.03.2023 04:30;5,00
19.03.2023 04:45;5,00
19.03.2023 05:00;5,00
19.03.2023 05:15;5,00
19.03.2023 05:30;7,15
19.03.2023 05:45;5,00
19.03.2023 06:00;5,00
19.03.2023 06:15;4,51
19.03.2023 06:30;3,16
19.03.2023 06:45;3,69
19.03.2023 07:00;5,19
19.03.2023 07:15;4,27
19.03.2023 07:30;2,40
19.03.2023 07:45;5,58
19.03.2023 08:00;0,00
19.03.2023 08:15;3,30
19.03.2023 08:30;6,61
19.03.2023 08:45;0,00
19.03.2023 09:00;5,08
19.03.2023 09:15;0,00
19.03.2023 09:30;5,01
19.03.2023 09:45;0,82
19.03.2023 10:00;2,41
19.03.2023 10:15;0,00
19.03.2023 10:30;0,00
19.03.2023 10:45;0,83
19.03.2023 11:00;3,27
19.03.2023 11:15;0,30
19.03.2023 11:30;0,00
19.03.2023 11:45;3,14
19.03.2023 12:00;3,24
19.03.2023 12:15;13,85
19.03.2023 12:30;12,00
19.03.2023 12:45;0,00
19.03.2023 13:00;0,00
19.03.2023 13:15;4,00
19.03.2023 13:30;8,33
19.03.2023 13:45;0,00
19.03.2023 14:00;4,53
19.03.2023 14:15;3,91
19.03.2023 14:30;2,01
19.03.2023 14:45;11,30
19.03.2023 15:00;1,21
19.03.2023 15:15;3,26
19.03.2023 15:30;2,20
19.03.2023 15:45;2,96
19.03.2023 16:00;4,79
19.03.2023 16:15;5,60
19.03.2023 16:30;3,32
19.03.2023 16:45;4,90
19.03.2023 17:00;5,75
19.03.2023 17:15;7,50
19.03.2023 17:30;5,58
19.03.2023 17:45;6,37
19.03.2023 18:00;12,78
19.03.2023 18:15;5,00
19.03.2023 18:30;5,00
19.03.2023 18:45;5,00
19.03.2023 19:00;5,00
19.03.2023 19:15;5,00
19.03.2023 19:30;5,00
19.03.2023 19:45;5,00
19.03.2023 20:00;5,00
19.03.2023 20:15;5,12
19.03.2023 20:30;5,00
19.03.2023 20:45;6,03
19.03.2023 21:00;5,00
19.03.2023 21:15;5,00
19.03.2023 21:30;6,41
19.03.2023 21:45;5,00
19.03.2023 22:00;5,00
19.03.2023 22:15;5,00
19.03.2023 22:30;5,00
19.03.2023 22:45;5,00
19.03.2023 23:00;5,00
19.03.2023 23:15;5,00
19.03.2023 23:30;5,03
19.03.2023 23:45;5,00
20.03.2023 00:00;6,91
20.03.2023 00:15;8,02
20.03.2023 00:30;5,88
20.03.2023 00:45;5,00
20.03.2023 01:00;5,20
20.03.2023 01:15;6,41
20.03.2023 01:30;5,00
20.03.2023 01:45;5,41
20.03.2023 02:00;5,37
20.03.2023 02:15;10,66
20.03.2023 02:30;5,00
20.03.2023 02:45;6,05
20.03.2023 03:00;9,86
20.03.2023 03:15;6,65
20.03.2023 03:30;7,91
20.03.2023 03:45;6,61
20.03.2023 04:00;5,07
20.03.2023 04:15;5,00
20.03.2023 04:30;6,82
20.03.2023 04:45;5,00
20.03.2023 05:00;5,00
20.03.2023 05:15;5,41
20.03.2023 05:30;9,90
20.03.2023 05:45;11,22
20.03.2023 06:00;6,84
20.03.2023 06:15;4,96
20.03.2023 06:30;3,77
20.03.2023 06:45;4,86
20.03.2023 07:00;22,25
20.03.2023 07:15;19,73
20.03.2023 07:30;15,65
20.03.2023 07:45;21,21
20.03.2023 08:00;18,99
20.03.2023 08:15;18,40
20.03.2023 08:30;18,54
20.03.2023 08:45;25,88
20.03.2023 09:00;29,12
20.03.2023 09:15;20,59
20.03.2023 09:30;26,40
20.03.2023 09:45;25,12
20.03.2023 10:00;23,94
20.03.2023 10:15;22,08
20.03.2023 10:30;30,34
20.03.2023 10:45;29,07
20.03.2023 11:00;30,49
20.03.2023 11:15;33,37
20.03.2023 11:30;33,92
20.03.2023 11:45;17,02
20.03.2023 12:00;24,46
20.03.2023 12:15;15,28
20.03.2023 12:30;24,68
20.03.2023 12:45;25,46
20.03.2023 13:00;25,31
20.03.2023 13:15;22,58
20.03.2023 13:30;32,56
20.03.2023 13:45;29,82
20.03.2023 14:00;26,34
20.03.2023 14:15;33,90
20.03.2023 14:30;20,82
20.03.2023 14:45;19,42
20.03.2023 15:00;33,43
20.03.2023 15:15;30,87
20.03.2023 15:30;24,97
20.03.2023 15:45;26,01
20.03.2023 16:00;18,27
20.03.2023 16:15;22,82
20.03.2023 16:30;23,15
20.03.2023 16:45;23,84
20.03.2023 17:00;25,82
20.03.2023 17:15;22,10
20.03.2023 17:30;20,38
20.03.2023 17:45;21,46
20.03.2023 18:00;18,29
20.03.2023 18:15;5,00
20.03.2023 18:30;8,35
20.03.2023 18:45;8,15
20.03.2023 19:00;7,13
20.03.2023 19:15;5,00
20.03.2023 19:30;5,69
20.03.2023 19:45;5,00
20.03.2023 20:00;8,76
20.03.2023 20:15;5,24
20.03.2023 20:30;5,00
20.03.2023 20:45;6,47
20.03.2023 21:00;5,13
20.03.2023 21:15;9,37
20.03.2023 21:30;5,00
20.03.2023 21:45;5,00
20.03.2023 22:00;5,00
20.03.2023 22:15;6,35
20.03.2023 22:30;5,28
20.03.2023 22:45;5,00
20.03.2023 23:00;8,79
20.03.2023 23:15;7,74
20.03.2023 23:30;6,35
20.03.2023 23:45;9,14
21.03.2023 00:00;7,72
21.03.2023 00:15;5,00
21.03.2023 00:30;5,00
21.03.2023 00:45;8,03
21.03.2023 01:00;7,19
21.03.2023 01:15;6,73
21.03.2023 01:30;5,00
21.03.2023 01:45;7,61
21.03.2023 02:00;5,00
21.03.2023 02:15;6,19
21.03.2023 02:30;9,29
21.03.2023 02:45;5,07
21.03.2023 03:00;5,00
21.03.2023 03:15;5,00
21.03.2023 03:30;8,38
21.03.2023 03:45;6,90
21.03.2023 04:00;6,14
21.03.2023 04:15;5,37
21.03.2023 04:30;7,36
21.03.2023 04:45;5,00
21.03.2023 05:00;7,00
21.03.2023 05:15;5,00
21.03.2023 05:30;5,00
21.03.2023 05:45;5,12
21.03.2023 06:00;5,64
21.03.2023 06:15;5,26
21.03.2023 06:30;5,53
21.03.2023 06:45;2,97
21.03.2023 07:00;16,83
21.03.2023 07:15;18,49
21.03.2023 07:30;19,57
21.03.2023 07:45;18,54
21.03.2023 08:00;21,22
21.03.2023 08:15;22,08
21.03.2023 08:30;17,03
21.03.2023 08:45;22,79
21.03.2023 09:00;15,49
21.03.2023 09:15;22,76
21.03.2023 09:30;20,95
21.03.2023 09:45;28,44
21.03.2023 10:00;29,35
21.03.2023 10:15;30,34
21.03.2023 10:30;29,56
21.03.2023 10:45;33,45
21.03.2023 11:00;24,82
21.03.2023 11:15;25,33
21.03.2023 11:30;27,73
21.03.2023 11:45;24,91
21.03.2023 12:00;28,31
21.03.2023 12:15;28,80
21.03.2023 12:30;28,98
21.03.2023 12:45;24,90
21.03.2023 13:00;21,83
21.03.2023 13:15;25,51
21.03.2023 13:30;30,12
21.03.2023 13:45;18,34
21.03.2023 14:00;18,65
21.03.2023 14:15;25,50
21.03.2023 14:30;19,69
21.03.2023 14:45;24,67
21.03.2023 15:00;27,22
21.03.2023 15:15;23,72
21.03.2023 15:30;20,18
21.03.2023 15:45;30,67
21.03.2023 16:00;26,35
21.03.2023 16:15;20,95
21.03.2023 16:30;24,08
21.03.2023 16:45;23,80
21.03.2023 17:00;21,35
21.03.2023 17:15;24,87
21.03.2023 17:30;24,61
21.03.2023 17:45;20,80
21.03.2023 18:00;24,35
21.03.2023 18:15;5,00
21.03.2023 18:30;7,91
21.03.2023 18:45;5,00
21.03.2023 19:00;9,14
21.03.2023 19:15;6,68
21.03.2023 19:30;5,05
21.03.2023 19:45;7,72
21.03.2023 20:00;8,18
21.03.2023 20:15;7,68
21.03.2023 20:30;5,00
21.03.2023 20:45;5,42
21.03.2023 21:00;6,38
21.03.2023 21:15;6,31
21.03.2023 21:30;7,89
21.03.2023 21:45;5,00
21.03.2023 22:00;7,06
21.03.2023 22:15;5,81
21.03.2023 22:30;5,00
21.03.2023 22:45;5,00
21.03.2023 23:00;5,96
21.03.2023 23:15;5,00
21.03.2023 23:30;5,00
21.03.2023 23:45;5,00
22.03.2023 00:00;7,44
22.03.2023 00:15;5,00
22.03.2023 00:30;5,95
22.03.2023 00:45;9,46
22.03.2023 01:00;8,37
22.03.2023 01:15;8,18
22.03.2023 01:30;5,38
22.03.2023 01:45;7,47
22.03.2023 02:00;5,91
22.03.2023 02:15;5,99
22.03.2023 02:30;7,20
22.03.2023 02:45;5,19
22.03.2023 03:00;9,36
22.03.2023 03:15;6,06
22.03.2023 03:30;7,62
22.03.2023 03:45;9,29
22.03.2023 04:00;8,44
22.03.2023 04:15;5,00
22.03.2023 04:30;7,27
22.03.2023 04:45;8,08
22.03.2023 05:00;8,16
22.03.2023 05:15;5,00
22.03.2023 05:30;5,06
22.03.2023 05:45;8,37
22.03.2023 06:00;5,00
22.03.2023 06:15;4,74
22.03.2023 06:30;7,98
22.03.2023 06:45;3,12
22.03.2023 07:00;18,82
22.03.2023 07:15;20,11
22.03.2023 07:30;18,73
22.03.2023 07:45;14,14
22.03.2023 08:00;22,95
22.03.2023 08:15;19,00
22.03.2023 08:30;19,26
22.03.2023 08:45;21,89
22.03.2023 09:00;16,45
22.03.2023 09:15;23,01
22.03.2023 09:30;22,13
22.03.2023 09:45;16,34
22.03.2023 10:00;17,12
22.03.2023 10:15;28,09
22.03.2023 10:30;23,85
22.03.2023 10:45;27,98
22.03.2023 11:00;26,28
22.03.2023 11:15;21,87
22.03.2023 11:30;16,13
22.03.2023 11:45;15,45
22.03.2023 12:00;21,59
22.03.2023 12:15;20,10
22.03.2023 12:30;31,37
22.03.2023 12:45;30,01
22.03.2023 13:00;22,25
22.03.2023 13:15;25,04
22.03.2023 13:30;20,05
22.03.2023 13:45;30,07
22.03.2023 14:00;27,92
22.03.2023 14:15;23,63
22.03.2023 14:30;28,22
22.03.2023 14:45;29,49
22.03.2023 15:00;27,17
22.03.2023 15:15;29,34
22.03.2023 15:30;19,44
22.03.2023 15:45;21,98
22.03.2023 16:00;25,33
22.03.2023 16:15;23,21
22.03.2023 16:30;28,44
22.03.2023 16:45;25,17
22.03.2023 17:00;24,78
22.03.2023 17:15;23,94
22.03.2023 17:30;21,25
22.03.2023 17:45;22,48
22.03.2023 18:00;22,88
22.03.2023 18:15;5,00
22.03.2023 18:30;6,49
22.03.2023 18:45;6,63
22.03.2023 19:00;5,00
22.03.2023 19:15;11,01
22.03.2023 19:30;5,00
22.03.2023 19:45;5,00
22.03.2023 20:00;9,01
22.03.2023 20:15;7,81
22.03.2023 20:30;5,00
22.03.2023 20:45;7,59
22.03.2023 21:00;9,31
22.03.2023 21:15;6,32
22.03.2023 21:30;11,58
22.03.2023 21:45;5,00
22.03.2023 22:00;7,77
22.03.2023 22:15;8,71
22.03.2023 22:30;8,16
22.03.2023 22:45;5,97
22.03.2023 23:00;5,80
22.03.2023 23:15;7,27
22.03.2023 23:30;8,01
22.03.2023 23:45;7,58
23.03.2023 00:00;8,44
23.03.2023 00:15;5,00
23.03.2023 00:30;5,91
23.03.2023 00:45;5,00
23.03.2023 01:00;5,59
23.03.2023 01:15;8,40
23.03.2023 01:30;6,58
23.03.2023 01:45;11,58
23.03.2023 02:00;6,75
23.03.2023 02:15;6,48
23.03.2023 02:30;6,58
23.03.2023 02:45;5,09
23.03.2023 03:00;6,25
23.03.2023 03:15;8,62
23.03.2023 03:30;6,59
23.03.2023 03:45;5,00
23.03.2023 04:00;5,00
23.03.2023 04:15;5,46
23.03.2023 04:30;6,51
23.03.2023 04:45;8,75
23.03.2023 05:00;5,00
23.03.2023 05:15;5,73
23.03.2023 05:30;6,65
23.03.2023 05:45;5,00
23.03.2023 06:00;4,92
23.03.2023 06:15;4,30
23.03.2023 06:30;2,81
23.03.2023 06:45;3,11
23.03.2023 07:00;16,75
23.03.2023 07:15;16,28
23.03.2023 07:30;17,81
23.03.2023 07:45;20,32
23.03.2023 08:00;24,34
23.03.2023 08:15;19,88
23.03.2023 08:30;20,30
23.03.2023 08:45;17,04
23.03.2023 09:00;26,51
23.03.2023 09:15;20,11
23.03.2023 09:30;17,42
23.03.2023 09:45;22,68
23.03.2023 10:00;16,06
23.03.2023 10:15;15,59
23.03.2023 10:30;22,86
23.03.2023 10:45;25,40
23.03.2023 11:00;26,37
23.03.2023 11:15;24,86
23.03.2023 11:30;28,69
23.03.2023 11:45;31,39
23.03.2023 12:00;37,38
23.03.2023 12:15;27,03
23.03.2023 12:30;18,83
23.03.2023 12:45;33,85
23.03.2023 13:00;26,14
23.03.2023 13:15;23,62
23.03.2023 13:30;25,24
23.03.2023 13:45;21,19
23.03.2023 14:00;29,90
23.03.2023 14:15;32,12
23.03.2023 14:30;27,20
23.03.2023 14:45;25,36
23.03.2023 15:00;33,49
23.03.2023 15:15;23,29
23.03.2023 15:30;26,99
23.03.2023 15:45;23,31
23.03.2023 16:00;24,32
23.03.2023 16:15;24,72
23.03.2023 16:30;22,66
23.03.2023 16:45;22,38
23.03.2023 17:00;25,54
23.03.2023 17:15;24,47
23.03.2023 17:30;19,81
23.03.2023 17:45;21,55
23.03.2023 18:00;19,85
23.03.2023 18:15;5,71
23.03.2023 18:30;10,37
23.03.2023 18:45;5,75
23.03.2023 19:00;7,09
23.03.2023 19:15;7,45
23.03.2023 19:30;5,00
23.03.2023 19:45;5,00
23.03.2023 20:00;5,00
23.03.2023 20:15;5,00
23.03.2023 20:30;5,00
23.03.2023 20:45;7,45
23.03.2023 21:00;10,47
23.03.2023 21:15;6,66
23.03.2023 21:30;5,00
23.03.2023 21:45;5,08
23.03.2023 22:00;5,45
23.03.2023 22:15;5,00
23.03.2023 22:30;8,09
23.03.2023 22:45;7,99
23.03.2023 23:00;5,00
23.03.2023 23:15;7,82
23.03.2023 23:30;9,42
23.03.2023 23:45;10,17
24.03.2023 00:00;12,08
24.03.2023 00:15;5,00
24.03.2023 00:30;12,00
24.03.2023 00:45;5,64
24.03.2023 01:00;5,17
24.03.2023 01:15;7,00
24.03.2023 01:30;5,19
24.03.2023 01:45;7,15
24.03.2023 02:00;5,00
24.03.2023 02:15;5,87
24.03.2023 02:30;8,92
24.03.2023 02:45;6,24
24.03.2023 03:00;6,63
24.03.2023 03:15;7,30
24.03.2023 03:30;8,69
24.03.2023 03:45;5,00
24.03.2023 04:00;7,52
24.03.2023 04:15;5,81
24.03.2023 04:30;6,68
24.03.2023 04:45;8,47
24.03.2023 05:00;5,00
24.03.2023 05:15;5,00
24.03.2023 05:30;5,00
24.03.2023 05:45;5,25
24.03.2023 06:00;8,73
24.03.2023 06:15;5,36
24.03.2023 06:30;3,39
24.03.2023 06:45;2,44
24.03.2023 07:00;16,44
24.03.2023 07:15;18,10
24.03.2023 07:30;19,82
24.03.2023 07:45;14,43
24.03.2023 08:00;20,75
24.03.2023 08:15;24,91
24.03.2023 08:30;16,35
24.03.2023 08:45;17,04
24.03.2023 09:00;21,46
24.03.2023 09:15;21,93
24.03.2023 09:30;19,40
24.03.2023 09:45;17,96
24.03.2023 10:00;17,92
24.03.2023 10:15;22,21
24.03.2023 10:30;27,62
24.03.2023 10:45;22,29
24.03.2023 11:00;19,13
24.03.2023 11:15;23,24
24.03.2023 11:30;25,00
24.03.2023 11:45;22,28
24.03.2023 12:00;31,69
24.03.2023 12:15;22,50
24.03.2023 12:30;24,12
24.03.2023 12:45;37,39
24.03.2023 13:00;26,21
24.03.2023 13:15;26,20
24.03.2023 13:30;20,44
24.03.2023 13:45;23,10
24.03.2023 14:00;30,79
24.03.2023 14:15;21,14
24.03.2023 14:30;27,81
24.03.2023 14:45;28,40
24.03.2023 15:00;27,35
24.03.2023 15:15;26,93
24.03.2023 15:30;19,86
24.03.2023 15:45;22,02
24.03.2023 16:00;21,42
24.03.2023 16:15;27,81
24.03.2023 16:30;26,43
24.03.2023 16:45;21,75
24.03.2023 17:00;17,10
24.03.2023 17:15;22,64
24.03.2023 17:30;19,23
24.03.2023 17:45;21,74
24.03.2023 18:00;21,88
24.03.2023 18:15;5,00
24.03.2023 18:30;8,59
24.03.2023 18:45;7,96
24.03.2023 19:00;8,30
24.03.2023 19:15;6,37
24.03.2023 19:30;5,00
24.03.2023 19:45;8,31
24.03.2023 20:00;5,81
24.03.2023 20:15;5,00
24.03.2023 20:30;9,05
24.03.2023 20:45;10,55
24.03.2023 21:00;6,27
24.03.2023 21:15;10,67
24.03.2023 21:30;6,53
24.03.2023 21:45;5,59
24.03.2023 22:00;5,09
24.03.2023 22:15;9,62
24.03.2023 22:30;5,00
24.03.2023 22:45;7,82
24.03.2023 23:00;5,23
24.03.2023 23:15;5,43
24.03.2023 23:30;8,41
24.03.2023 23:45;5,59
25.03.2023 00:00;5,00
25.03.2023 00:15;5,00
25.03.2023 00:30;5,73
25.03.2023 00:45;5,00
25.03.2023 01:00;5,00
25.03.2023 01:15;5,00
25.03.2023 01:30;5,00
25.03.2023 01:45;5,00
25.03.2023 02:00;5,00
25.03.2023 02:15;5,00
25.03.2023 02:30;5,00
25.03.2023 02:45;5,00
25.03.2023 03:00;5,00
25.03.2023 03:15;5,00
25.03.2023 03:30;5,00
25.03.2023 03:45;6,31
25.03.2023 04:00;5,00
25.03.2023 04:15;5,00
25.03.2023 04:30;5,00
25.03.2023 04:45;5,00
25.03.2023 05:00;5,00
25.03.2023 05:15;5,00
25.03.2023 05:30;5,00
25.03.2023 05:45;5,00
25.03.2023 06:00;5,76
25.03.2023 06:15;3,55
25.03.2023 06:30;3,48
25.03.2023 06:45;3,33
25.03.2023 07:00;7,12
25.03.2023 07:15;0,62
25.03.2023 07:30;5,22
25.03.2023 07:45;10,93
25.03.2023 08:00;3,68
25.03.2023 08:15;1,54
25.03.2023 08:30;0,19
25.03.2023 08:45;3,95
25.03.2023 09:00;2,04
25.03.2023 09:15;3,45
25.03.2023 09:30;0,00
25.03.2023 09:45;10,32
25.03.2023 10:00;1,04
25.03.2023 10:15;0,00
25.03.2023 10:30;0,00
25.03.2023 10:45;1,34
25.03.2023 11:00;1,49
25.03.2023 11:15;0,00
25.03.2023 11:30;0,98
25.03.2023 11:45;0,00
25.03.2023 12:00;0,39
25.03.2023 12:15;0,00
25.03.2023 12:30;11,16
25.03.2023 12:45;9,64
25.03.2023 13:00;0,00
25.03.2023 13:15;0,00
25.03.2023 13:30;0,00
25.03.2023 13:45;1,20
25.03.2023 14:00;0,00
25.03.2023 14:15;1,18
25.03.2023 14:30;10,27
25.03.2023 14:45;0,00
25.03.2023 15:00;5,16
25.03.2023 15:15;4,22
25.03.2023 15:30;4,86
25.03.2023 15:45;9,48
25.03.2023 16:00;7,75
25.03.2023 16:15;4,97
25.03.2023 16:30;5,07
25.03.2023 16:45;8,14
25.03.2023 17:00;1,81
25.03.2023 17:15;2,87
25.03.2023 17:30;7,21
25.03.2023 17:45;12,45
25.03.2023 18:00;7,74
25.03.2023 18:15;5,00
25.03.2023 18:30;5,00
25.03.2023 18:45;5,00
25.03.2023 19:00;5,00
25.03.2023 19:15;5,00
25.03.2023 19:30;5,00
25.03.2023 19:45;5,00
25.03.2023 20:00;5,00
25.03.2023 20:15;5,00
25.03.2023 20:30;5,00
25.03.2023 20:45;5,00
25.03.2023 21:00;5,00
25.03.2023 21:15;5,00
25.03.2023 21:30;5,00
25.03.2023 21:45;5,00
25.03.2023 22:00;5,00
25.03.2023 22:15;5,00
25.03.2023 22:30;5,00
25.03.2023 22:45;5,00
25.03.2023 23:00;5,00
25.03.2023 23:15;5,00
25.03.2023 23:30;5,00
25.03.2023 23:45;5,00
26.03.2023 00:00;5,00
26.03.2023 00:15;5,00
26.03.2023 00:30;5,00
26.03.2023 00:45;5,00
26.03.2023 01:00;5,00
26.03.2023 01:15;5,00
26.03.2023 01:30;5,00
26.03.2023 01:45;5,00
26.03.2023 02:00;5,00
26.03.2023 02:15;5,00
26.03.2023 02:30;5,00
26.03.2023 02:45;5,00
26.03.2023 03:00;5,00
26.03.2023 03:15;5,00
26.03.2023 03:30;5,00
26.03.2023 03:45;5,20
26.03.2023 04:00;5,00
26.03.2023 04:15;5,00
26.03.2023 04:30;5,00
26.03.2023 04:45;5,00
26.03.2023 05:00;5,00
26.03.2023 05:15;5,00
26.03.2023 05:30;5,00
26.03.2023 05:45;5,00
26.03.2023 06:00;4,68
26.03.2023 06:15;4,23
26.03.2023 06:30;3,08
26.03.2023 06:45;1,56
26.03.2023 07:00;4,59
26.03.2023 07:15;7,25
26.03.2023 07:30;7,53
26.03.2023 07:45;9,29
26.03.2023 08:00;3,27
26.03.2023 08:15;7,75
26.03.2023 08:30;1,20
26.03.2023 08:45;7,65
26.03.2023 09:00;0,00
26.03.2023 09:15;0,00
26.03.2023 09:30;0,00
26.03.2023 09:45;2,00
26.03.2023 10:00;5,79
26.03.2023 10:15;0,00
26.03.2023 10:30;8,16
26.03.2023 10:45;6,42
26.03.2023 11:00;0,00
26.03.2023 11:15;1,09
26.03.2023 11:30;0,00
26.03.2023 11:45;0,00
26.03.2023 12:00;0,00
26.03.2023 12:15;0,00
26.03.2023 12:30;4,04
26.03.2023 12:45;0,00
26.03.2023 13:00;1,02
26.03.2023 13:15;0,93
26.03.2023 13:30;0,00
26.03.2023 13:45;4,63
26.03.2023 14:00;6,57
26.03.2023 14:15;0,00
26.03.2023 14:30;6,75
26.03.2023 14:45;1,67
26.03.2023 15:00;0,00
26.03.2023 15:15;6,36
26.03.2023 15:30;6,25
26.03.2023 15:45;0,00
26.03.2023 16:00;4,89
26.03.2023 16:15;10,57
26.03.2023 16:30;2,70
26.03.2023 16:45;8,85
26.03.2023 17:00;6,67
26.03.2023 17:15;11,91
26.03.2023 17:30;4,54
26.03.2023 17:45;7,56
26.03.2023 18:00;6,16
26.03.2023 18:15;5,00
26.03.2023 18:30;5,00
26.03.2023 18:45;5,00
26.03.2023 19:00;5,00
26.03.2023 19:15;5,00
26.03.2023 19:30;5,00
26.03.2023 19:45;5,00
26.03.2023 20:00;5,00
26.03.2023 20:15;5,00
26.03.2023 20:30;5,00
26.03.2023 20:45;5,86
26.03.2023 21:00;5,00
26.03.2023 21:15;5,00
26.03.2023 21:30;5,00
26.03.2023 21:45;5,00
26.03.2023 22:00;5,00
26.03.2023 22:15;5,00
26.03.2023 22:30;5,00
26.03.2023 22:45;5,00
26.03.2023 23:00;5,00
26.03.2023 23:15;5,00
26.03.2023 23:30;5,00
26.03.2023 23:45;5,00
27.03.2023 00:00;6,02
27.03.2023 00:15;8,06
27.03.2023 00:30;7,89
27.03.2023 00:45;6,26
27.03.2023 01:00;5,00
27.03.2023 01:15;12,29
27.03.2023 01:30;9,80
27.03.2023 01:45;7,75
27.03.2023 02:00;5,00
27.03.2023 02:15;6,08
27.03.2023 02:30;5,22
27.03.2023 02:45;8,84
27.03.2023 03:00;6,83
27.03.2023 03:15;5,00
27.03.2023 03:30;5,37
27.03.2023 03:45;8,55
27.03.2023 04:00;9,51
27.03.2023 04:15;9,36
27.03.2023 04:30;7,82
27.03.2023 04:45;5,80
27.03.2023 05:00;5,00
27.03.2023 05:15;6,90
27.03.2023 05:30;6,30
27.03.2023 05:45;6,59
27.03.2023 06:00;5,65
27.03.2023 06:15;3,59
27.03.2023 06:30;5,23
27.03.2023 06:45;4,52
27.03.2023 07:00;20,22
27.03.2023 07:15;19,68
27.03.2023 07:30;17,81
27.03.2023 07:45;20,87
27.03.2023 08:00;15,68
27.03.2023 08:15;19,82
27.03.2023 08:30;18,71
27.03.2023 08:45;29,18
27.03.2023 09:00;20,52
27.03.2023 09:15;28,56
27.03.2023 09:30;26,62
27.03.2023 09:45;27,90
27.03.2023 10:00;17,69
27.03.2023 10:15;25,06
27.03.2023 10:30;22,35
27.03.2023 10:45;16,67
27.03.2023 11:00;31,01
27.03.2023 11:15;22,37
27.03.2023 11:30;24,97
27.03.2023 11:45;22,63
27.03.2023 12:00;26,06
27.03.2023 12:15;18,98
27.03.2023 12:30;19,21
27.03.2023 12:45;33,74
27.03.2023 13:00;27,01
27.03.2023 13:15;26,97
27.03.2023 13:30;24,46
27.03.2023 13:45;19,21
27.03.2023 14:00;24,77
27.03.2023 14:15;20,58
27.03.2023 14:30;23,43
27.03.2023 14:45;22,36
27.03.2023 15:00;17,70
27.03.2023 15:15;22,52
27.03.2023 15:30;22,53
27.03.2023 15:45;30,27
27.03.2023 16:00;24,64
27.03.2023 16:15;22,05
27.03.2023 16:30;19,43
27.03.2023 16:45;25,98
27.03.2023 17:00;20,44
27.03.2023 17:15;23,46
27.03.2023 17:30;20,36
27.03.2023 17:45;16,50
27.03.2023 18:00;16,71
27.03.2023 18:15;5,15
27.03.2023 18:30;8,42
27.03.2023 18:45;7,88
27.03.2023 19:00;8,14
27.03.2023 19:15;5,00
27.03.2023 19:30;9,54
27.03.2023 19:45;5,00
27.03.2023 20:00;6,73
27.03.2023 20:15;6,29
27.03.2023 20:30;5,96
27.03.2023 20:45;8,98
27.03.2023 21:00;5,00
27.03.2023 21:15;5,00
27.03.2023 21:30;6,35
27.03.2023 21:45;5,51
27.03.2023 22:00;13,06
27.03.2023 22:15;7,66
27.03.2023 22:30;5,49
27.03.2023 22:45;5,00
27.03.2023 23:00;5,00
27.03.2023 23:15;5,00
27.03.2023 23:30;6,54
27.03.2023 23:45;9,16
28.03.2023 00:00;8,54
28.03.2023 00:15;6,75
28.03.2023 00:30;5,65
28.03.2023 00:45;6,83
28.03.2023 01:00;5,26
28.03.2023 01:15;9,73
28.03.2023 01:30;5,91
28.03.2023 01:45;6,12
28.03.2023 02:00;5,00
28.03.2023 02:15;5,90
28.03.2023 02:30;7,97
28.03.2023 02:45;5,00
28.03.2023 03:00;5,00
28.03.2023 03:15;7,88
28.03.2023 03:30;5,00
28.03.2023 03:45;8,41
28.03.2023 04:00;5,23
28.03.2023 04:15;5,52
28.03.2023 04:30;5,00
28.03.2023 04:45;7,05
28.03.2023 05:00;11,21
28.03.2023 05:15;7,86
28.03.2023 05:30;5,00
28.03.2023 05:45;8,56
28.03.2023 06:00;5,23
28.03.2023 06:15;8,55
28.03.2023 06:30;5,20
28.03.2023 06:45;4,53
28.03.2023 07:00;13,05
28.03.2023 07:15;17,24
28.03.2023 07:30;19,74
28.03.2023 07:45;13,04
28.03.2023 08:00;13,87
28.03.2023 08:15;15,68
28.03.2023 08:30;17,61
28.03.2023 08:45;23,43
28.03.2023 09:00;17,10
28.03.2023 09:15;29,99
28.03.2023 09:30;23,30
28.03.2023 09:45;19,14
28.03.2023 10:00;21,69
28.03.2023 10:15;22,61
28.03.2023 10:30;15,99
28.03.2023 10:45;23,23
28.03.2023 11:00;24,91
28.03.2023 11:15;18,41
28.03.2023 11:30;21,92
28.03.2023 11:45;23,29
28.03.2023 12:00;29,09
28.03.2023 12:15;19,15
28.03.2023 12:30;23,26
28.03.2023 12:45;24,04
28.03.2023 13:00;16,76
28.03.2023 13:15;29,86
28.03.2023 13:30;19,30
28.03.2023 13:45;29,24
28.03.2023 14:00;19,11
28.03.2023 14:15;25,99
28.03.2023 14:30;28,52
28.03.2023 14:45;25,35
28.03.2023 15:00;24,89
28.03.2023 15:15;26,55
28.03.2023 15:30;17,66
28.03.2023 15:45;21,53
28.03.2023 16:00;20,71
28.03.2023 16:15;20,68
28.03.2023 16:30;24,91
28.03.2023 16:45;24,54
28.03.2023 17:00;22,55
28.03.2023 17:15;26,50
28.03.2023 17:30;20,68
28.03.2023 17:45;20,20
28.03.2023 18:00;20,59
28.03.2023 18:15;6,04
28.03.2023 18:30;5,86
28.03.2023 18:45;8,58
28.03.2023 19:00;6,59
28.03.2023 19:15;7,72
28.03.2023 19:30;8,36
28.03.2023 19:45;7,07
28.03.2023 20:00;5,00
28.03.2023 20:15;5,00
28.03.2023 20:30;6,59
28.03.2023 20:45;5,95
28.03.2023 21:00;6,47
28.03.2023 21:15;6,26
28.03.2023 21:30;11,46
28.03.2023 21:45;5,00
28.03.2023 22:00;5,00
28.03.2023 22:15;6,96
28.03.2023 22:30;5,54
28.03.2023 22:45;6,92
28.03.2023 23:00;7,46
28.03.2023 23:15;8,86
28.03.2023 23:30;5,00
28.03.2023 23:45;5,18
29.03.2023 00:00;7,14
29.03.2023 00:15;7,82
29.03.2023 00:30;10,67
29.03.2023 00:45;8,19
29.03.2023 01:00;6,16
29.03.2023 01:15;5,00
29.03.2023 01:30;5,15
29.03.2023 01:45;5,09
29.03.2023 02:00;7,59
29.03.2023 02:15;6,79
29.03.2023 02:30;5,00
29.03.2023 02:45;5,41
29.03.2023 03:00;8,03
29.03.2023 03:15;6,98
29.03.2023 03:30;7,42
29.03.2023 03:45;7,04
29.03.2023 04:00;9,53
29.03.2023 04:15;6,75
29.03.2023 04:30;5,51
29.03.2023 04:45;5,00
29.03.2023 05:00;6,78
29.03.2023 05:15;5,00
29.03.2023 05:30;5,91
29.03.2023 05:45;5,87
29.03.2023 06:00;3,91
29.03.2023 06:15;4,63
29.03.2023 06:30;5,45
29.03.2023 06:45;4,82
29.03.2023 07:00;17,38
29.03.2023 07:15;15,45
29.03.2023 07:30;15,03
29.03.2023 07:45;19,01
29.03.2023 08:00;22,66
29.03.2023 08:15;19,16
29.03.2023 08:30;21,66
29.03.2023 08:45;22,82
29.03.2023 09:00;16,08
29.03.2023 09:15;12,88
29.03.2023 09:30;25,24
29.03.2023 09:45;24,38
29.03.2023 10:00;29,53
29.03.2023 10:15;21,95
29.03.2023 10:30;19,87
29.03.2023 10:45;23,78
29.03.2023 11:00;19,80
29.03.2023 11:15;21,00
29.03.2023 11:30;24,51
29.03.2023 11:45;22,79
29.03.2023 12:00;23,28
29.03.2023 12:15;26,03
29.03.2023 12:30;28,21
29.03.2023 12:45;29,31
29.03.2023 13:00;25,72
29.03.2023 13:15;21,44
29.03.2023 13:30;25,40
29.03.2023 13:45;20,01
29.03.2023 14:00;22,40
29.03.2023 14:15;19,35
29.03.2023 14:30;29,01
29.03.2023 14:45;20,77
29.03.2023 15:00;29,20
29.03.2023 15:15;19,50
29.03.2023 15:30;21,12
29.03.2023 15:45;24,84
29.03.2023 16:00;26,29
29.03.2023 16:15;23,85
29.03.2023 16:30;21,21
29.03.2023 16:45;20,31
29.03.2023 17:00;20,14
29.03.2023 17:15;22,89
29.03.2023 17:30;19,30
29.03.2023 17:45;18,53
29.03.2023 18:00;21,48
29.03.2023 18:15;6,21
29.03.2023 18:30;7,94
29.03.2023 18:45;5,00
29.03.2023 19:00;5,00
29.03.2023 19:15;5,21
29.03.2023 19:30;5,00
29.03.2023 19:45;6,12
29.03.2023 20:00;5,00
29.03.2023 20:15;7,76
29.03.2023 20:30;5,70
29.03.2023 20:45;6,58
29.03.2023 21:00;6,59
29.03.2023 21:15;6,67
29.03.2023 21:30;6,23
29.03.2023 21:45;7,30
29.03.2023 22:00;5,00
29.03.2023 22:15;9,08
29.03.2023 22:30;5,81
29.03.2023 22:45;5,00
29.03.2023 23:00;6,65
29.03.2023 23:15;5,00
29.03.2023 23:30;7,61
29.03.2023 23:45;10,70
30.03.2023 00:00;5,00
30.03.2023 00:15;6,93
30.03.2023 00:30;5,00
30.03.2023 00:45;7,17
30.03.2023 01:00;5,00
30.03.2023 01:15;5,01
30.03.2023 01:30;5,00
30.03.2023 01:45;7,73
30.03.2023 02:00;8,28
30.03.2023 02:15;6,31
30.03.2023 02:30;5,00
30.03.2023 02:45;9,44
30.03.2023 03:00;5,00
30.03.2023 03:15;5,00
30.03.2023 03:30;7,18
30.03.2023 03:45;5,00
30.03.2023 04:00;8,24
30.03.2023 04:15;5,50
30.03.2023 04:30;7,47
30.03.2023 04:45;9,07
30.03.2023 05:00;5,00
30.03.2023 05:15;5,13
30.03.2023 05:30;6,11
30.03.2023 05:45;9,34
30.03.2023 06:00;4,43
30.03.2023 06:15;2,75
30.03.2023 06:30;3,98
30.03.2023 06:45;0,10
30.03.2023 07:00;14,95
30.03.2023 07:15;13,64
30.03.2023 07:30;20,03
30.03.2023 07:45;14,79
30.03.2023 08:00;16,93
30.03.2023 08:15;21,66
30.03.2023 08:30;23,29
30.03.2023 08:45;22,73
30.03.2023 09:00;23,98
30.03.2023 09:15;16,67
30.03.2023 09:30;17,87
30.03.2023 09:45;18,15
30.03.2023 10:00;23,00
30.03.2023 10:15;22,34
30.03.2023 10:30;28,51
30.03.2023 10:45;15,97
30.03.2023 11:00;29,57
30.03.2023 11:15;29,16
30.03.2023 11:30;16,09
30.03.2023 11:45;23,29
30.03.2023 12:00;23,90
30.03.2023 12:15;24,57
30.03.2023 12:30;13,68
30.03.2023 12:45;25,29
30.03.2023 13:00;27,07
30.03.2023 13:15;16,81
30.03.2023 13:30;27,67
30.03.2023 13:45;17,48
30.03.2023 14:00;30,22
30.03.2023 14:15;27,86
30.03.2023 14:30;28,22
30.03.2023 14:45;19,27
30.03.2023 15:00;17,43
30.03.2023 15:15;26,17
30.03.2023 15:30;19,57
30.03.2023 15:45;20,11
30.03.2023 16:00;19,51
30.03.2023 16:15;23,99
30.03.2023 16:30;19,05
30.03.2023 16:45;21,34
30.03.2023 17:00;20,39
30.03.2023 17:15;22,97
30.03.2023 17:30;19,80
30.03.2023 17:45;22,49
30.03.2023 18:00;19,97
30.03.2023 18:15;6,67
30.03.2023 18:30;5,27
30.03.2023 18:45;5,00
30.03.2023 19:00;5,00
30.03.2023 19:15;5,00
30.03.2023 19:30;5,62
30.03.2023 19:45;6,69
30.03.2023 20:00;8,28
30.03.2023 20:15;5,37
30.03.2023 20:30;5,00
30.03.2023 20:45;5,00
30.03.2023 21:00;7,22
30.03.2023 21:15;9,03
30.03.2023 21:30;8,80
30.03.2023 21:45;7,68
30.03.2023 22:00;7,54
30.03.2023 22:15;9,66
30.03.2023 22:30;6,93
30.03.2023 22:45;7,56
30.03.2023 23:00;5,62
30.03.2023 23:15;5,00
30.03.2023 23:30;5,00
30.03.2023 23:45;6,25
31.03.2023 00:00;6,37
31.03.2023 00:15;10,10
31.03.2023 00:30;6,41
31.03.2023 00:45;8,61
31.03.2023 01:00;5,38
31.03.2023 01:15;5,63
31.03.2023 01:30;5,00
31.03.2023 01:45;5,00
31.03.2023 02:00;7,30
31.03.2023 02:15;6,26
31.03.2023 02:30;8,13
31.03.2023 02:45;6,61
31.03.2023 03:00;5,54
31.03.2023 03:15;10,55
31.03.2023 03:30;6,06
31.03.2023 03:45;8,57
31.03.2023 04:00;5,45
31.03.2023 04:15;7,67
31.03.2023 04:30;8,10
31.03.2023 04:45;6,67
31.03.2023 05:00;5,00
31.03.2023 05:15;6,28
31.03.2023 05:30;8,71
31.03.2023 05:45;7,26
31.03.2023 06:00;6,11
31.03.2023 06:15;3,04
31.03.2023 06:30;3,15
31.03.2023 06:45;5,41
31.03.2023 07:00;20,31
31.03.2023 07:15;20,57
31.03.2023 07:30;17,56
31.03.2023 07:45;16,52
31.03.2023 08:00;18,19
31.03.2023 08:15;12,99
31.03.2023 08:30;12,06
31.03.2023 08:45;18,00
31.03.2023 09:00;15,99
31.03.2023 09:15;23,97
31.03.2023 09:30;19,06
31.03.2023 09:45;16,46
31.03.2023 10:00;28,85
31.03.2023 10:15;23,60
31.03.2023 10:30;22,85
31.03.2023 10:45;26,64
31.03.2023 11:00;24,35
31.03.2023 11:15;15,73
31.03.2023 11:30;24,51
31.03.2023 11:45;22,37
31.03.2023 12:00;25,65
31.03.2023 12:15;26,26
31.03.2023 12:30;16,81
31.03.2023 12:45;27,88
31.03.2023 13:00;25,06
31.03.2023 13:15;32,79
31.03.2023 13:30;22,66
31.03.2023 13:45;24,88
31.03.2023 14:00;17,16
31.03.2023 14:15;26,16
31.03.2023 14:30;26,32
31.03.2023 14:45;23,54
31.03.2023 15:00;31,24
31.03.2023 15:15;27,57
31.03.2023 15:30;22,22
31.03.2023 15:45;22,21
31.03.2023 16:00;15,59
31.03.2023 16:15;19,97
31.03.2023 16:30;25,95
31.03.2023 16:45;26,12
31.03.2023 17:00;20,32
31.03.2023 17:15;19,41
31.03.2023 17:30;21,16
31.03.2023 17:45;18,17
31.03.2023 18:00;16,86
31.03.2023 18:15;7,59
31.03.2023 18:30;7,64
31.03.2023 18:45;9,42
31.03.2023 19:00;5,00
31.03.2023 19:15;7,63
31.03.2023 19:30;5,68
31.03.2023 19:45;8,63
31.03.2023 20:00;8,29
31.03.2023 20:15;6,67
31.03.2023 20:30;5,57
31.03.2023 20:45;8,17
31.03.2023 21:00;7,54
31.03.2023 21:15;5,00
31.03.2023 21:30;5,00
31.03.2023 21:45;5,67
31.03.2023 22:00;9,28
31.03.2023 22:15;8,54
31.03.2023 22:30;5,00
31.03.2023 22:45;5,00
31.03.2023 23:00;8,80
31.03.2023 23:15;5,00
31.03.2023 23:30;7,27
31.03.2023 23:45;5,02
01.04.2023 00:00;5,73
01.04.2023 00:15;5,00
01.04.2023 00:30;5,00
01.04.2023 00:45;5,00
01.04.2023 01:00;5,00
01.04.2023 01:15;5,00
01.04.2023 01:30;5,00
01.04.2023 01:45;5,00
01.04.2023 02:00;5,00
01.04.2023 02:15;5,00
01.04.2023 02:30;5,00
01.04.2023 02:45;5,00
01.04.2023 03:00;5,00
01.04.2023 03:15;5,00
01.04.2023 03:30;5,00
01.04.2023 03:45;5,00
01.04.2023 04:00;5,00
01.04.2023 04:15;5,79
01.04.2023 04:30;5,00
01.04.2023 04:45;5,00
01.04.2023 05:00;7,11
01.04.2023 05:15;5,00
01.04.2023 05:30;5,00
01.04.2023 05:45;5,70
01.04.2023 06:00;3,78
01.04.2023 06:15;2,84
01.04.2023 06:30;3,12
01.04.2023 06:45;2,08
01.04.2023 07:00;3,36
01.04.2023 07:15;7,16
01.04.2023 07:30;2,57
01.04.2023 07:45;4,41
01.04.2023 08:00;2,38
01.04.2023 08:15;5,21
01.04.2023 08:30;0,00
01.04.2023 08:45;4,79
01.04.2023 09:00;3,10
01.04.2023 09:15;0,00
01.04.2023 09:30;3,71
01.04.2023 09:45;0,00
01.04.2023 10:00;1,79
01.04.2023 10:15;0,00
01.04.2023 10:30;0,00
01.04.2023 10:45;0,00
01.04.2023 11:00;6,72
01.04.2023 11:15;8,29
01.04.2023 11:30;0,00
01.04.2023 11:45;6,24
01.04.2023 12:00;4,48
01.04.2023 12:15;0,00
01.04.2023 12:30;0,00
01.04.2023 12:45;3,35
01.04.2023 13:00;12,98
01.04.2023 13:15;1,90
01.04.2023 13:30;0,00
01.04.2023 13:45;7,74
01.04.2023 14:00;5,22
01.04.2023 14:15;0,00
01.04.2023 14:30;0,82
01.04.2023 14:45;0,00
01.04.2023 15:00;6,21
01.04.2023 15:15;0,00
01.04.2023 15:30;6,46
01.04.2023 15:45;7,94
01.04.2023 16:00;8,52
01.04.2023 16:15;8,30
01.04.2023 16:30;5,22
01.04.2023 16:45;6,69
01.04.2023 17:00;9,18
01.04.2023 17:15;3,07
01.04.2023 17:30;6,09
01.04.2023 17:45;6,67
01.04.2023 18:00;5,11
01.04.2023 18:15;4,72
01.04.2023 18:30;5,00
01.04.2023 18:45;5,00
01.04.2023 19:00;5,00
01.04.2023 19:15;5,00
01.04.2023 19:30;5,00
01.04.2023 19:45;5,00
01.04.2023 20:00;5,00
01.04.2023 20:15;5,00
01.04.2023 20:30;5,00
01.04.2023 20:45;5,00
01.04.2023 21:00;5,00
01.04.2023 21:15;5,00
01.04.2023 21:30;8,81
01.04.2023 21:45;5,00
01.04.2023 22:00;5,00
01.04.2023 22:15;5,00
01.04.2023 22:30;5,00
01.04.2023 22:45;5,00
01.04.2023 23:00;5,00
01.04.2023 23:15;5,00
01.04.2023 23:30;5,00
01.04.2023 23:45;5,00
02.04.2023 00:00;5,00
02.04.2023 00:15;5,00
02.04.2023 00:30;5,44
02.04.2023 00:45;5,00
02.04.2023 01:00;5,00
02.04.2023 01:15;5,53
02.04.2023 01:30;5,00
02.04.2023 01:45;5,00
02.04.2023 02:00;6,59
02.04.2023 02:15;5,00
02.04.2023 02:30;5,00
02.04.2023 02:45;5,00
02.04.2023 03:00;5,00
02.04.2023 03:15;5,00
02.04.2023 03:30;5,00
02.04.2023 03:45;5,00
02.04.2023 04:00;5,00
02.04.2023 04:15;5,00
02.04.2023 04:30;5,00
02.04.2023 04:45;5,03
02.04.2023 05:00;5,00
02.04.2023 05:15;5,00
02.04.2023 05:30;5,00
02.04.2023 05:45;5,15
02.04.2023 06:00;3,30
02.04.2023 06:15;2,42
02.04.2023 06:30;2,48
02.04.2023 06:45;0,06
02.04.2023 07:00;1,46
02.04.2023 07:15;1,70
02.04.2023 07:30;2,18
02.04.2023 07:45;0,73
02.04.2023 08:00;3,16
02.04.2023 08:15;2,87
02.04.2023 08:30;0,00
02.04.2023 08:45;7,21
02.04.2023 09:00;8,77
02.04.2023 09:15;5,63
02.04.2023 09:30;12,78
02.04.2023 09:45;1,15
02.04.2023 10:00;7,60
02.04.2023 10:15;0,00
02.04.2023 10:30;8,30
02.04.2023 10:45;0,00
02.04.2023 11:00;0,00
02.04.2023 11:15;0,00
02.04.2023 11:30;12,18
02.04.2023 11:45;0,00
02.04.2023 12:00;0,00
02.04.2023 12:15;0,00
02.04.2023 12:30;0,00
02.04.2023 12:45;0,00
02.04.2023 13:00;8,01
02.04.2023 13:15;0,00
02.04.2023 13:30;4,11
02.04.2023 13:45;0,67
02.04.2023 14:00;3,90
02.04.2023 14:15;1,11
02.04.2023 14:30;6,07
02.04.2023 14:45;4,28
02.04.2023 15:00;3,27
02.04.2023 15:15;5,49
02.04.2023 15:30;7,17
02.04.2023 15:45;2,23
02.04.2023 16:00;1,10
02.04.2023 16:15;0,99
02.04.2023 16:30;6,55
02.04.2023 16:45;9,10
02.04.2023 17:00;6,27
02.04.2023 17:15;0,19
02.04.2023 17:30;4,30
02.04.2023 17:45;5,78
02.04.2023 18:00;7,54
02.04.2023 18:15;4,60
02.04.2023 18:30;5,00
02.04.2023 18:45;5,00
02.04.2023 19:00;5,00
02.04.2023 19:15;5,00
02.04.2023 19:30;5,00
02.04.2023 19:45;5,00
02.04.2023 20:00;5,00
02.04.2023 20:15;5,00
02.04.2023 20:30;5,00
02.04.2023 20:45;5,00
02.04.2023 21:00;5,00
02.04.2023 21:15;5,17
02.04.2023 21:30;5,00
02.04.2023 21:45;5,00
02.04.2023 22:00;5,00
02.04.2023 22:15;5,00
02.04.2023 22:30;5,00
02.04.2023 22:45;5,00
02.04.2023 23:00;5,00
02.04.2023 23:15;5,00
02.04.2023 23:30;5,00
02.04.2023 23:45;5,00
03.04.2023 00:00;5,23
03.04.2023 00:15;8,09
03.04.2023 00:30;7,62
03.04.2023 00:45;6,17
03.04.2023 01:00;5,11
03.04.2023 01:15;5,00
03.04.2023 01:30;9,04
03.04.2023 01:45;7,39
03.04.2023 02:00;5,00
03.04.2023 02:15;7,64
03.04.2023 02:30;6,06
03.04.2023 02:45;5,63
03.04.2023 03:00;7,07
03.04.2023 03:15;5,00
03.04.2023 03:30;5,52
03.04.2023 03:45;6,45
03.04.2023 04:00;5,20
03.04.2023 04:15;7,54
03.04.2023 04:30;9,94
03.04.2023 04:45;5,00
03.04.2023 05:00;5,00
03.04.2023 05:15;5,00
03.04.2023 05:30;5,90
03.04.2023 05:45;4,47
03.04.2023 06:00;5,15
03.04.2023 06:15;5,95
03.04.2023 06:30;0,60
03.04.2023 06:45;0,80
03.04.2023 07:00;16,75
03.04.2023 07:15;18,14
03.04.2023 07:30;17,17
03.04.2023 07:45;15,92
03.04.2023 08:00;23,98
03.04.2023 08:15;22,78
03.04.2023 08:30;24,03
03.04.2023 08:45;16,94
03.04.2023 09:00;23,33
03.04.2023 09:15;13,44
03.04.2023 09:30;28,76
03.04.2023 09:45;14,70
03.04.2023 10:00;12,80
03.04.2023 10:15;25,03
03.04.2023 10:30;22,23
03.04.2023 10:45;24,76
03.04.2023 11:00;17,90
03.04.2023 11:15;12,99
03.04.2023 11:30;16,84
03.04.2023 11:45;24,42
03.04.2023 12:00;17,36
03.04.2023 12:15;15,37
03.04.2023 12:30;21,78
03.04.2023 12:45;16,65
03.04.2023 13:00;22,88
03.04.2023 13:15;23,26
03.04.2023 13:30;23,82
03.04.2023 13:45;28,32
03.04.2023 14:00;26,17
03.04.2023 14:15;26,19
03.04.2023 14:30;23,50
03.04.2023 14:45;23,14
03.04.2023 15:00;20,89
03.04.2023 15:15;19,25
03.04.2023 15:30;17,50
03.04.2023 15:45;27,19
03.04.2023 16:00;20,51
03.04.2023 16:15;18,99
03.04.2023 16:30;18,01
03.04.2023 16:45;23,16
03.04.2023 17:00;18,68
03.04.2023 17:15;20,00
03.04.2023 17:30;17,32
03.04.2023 17:45;19,03
03.04.2023 18:00;18,17
03.04.2023 18:15;4,37
03.04.2023 18:30;7,67
03.04.2023 18:45;5,00
03.04.2023 19:00;7,33
03.04.2023 19:15;7,57
03.04.2023 19:30;5,00
03.04.2023 19:45;5,00
03.04.2023 20:00;5,76
03.04.2023 20:15;6,77
03.04.2023 20:30;5,90
03.04.2023 20:45;7,07
03.04.2023 21:00;9,73
03.04.2023 21:15;5,19
03.04.2023 21:30;5,00
03.04.2023 21:45;7,86
03.04.2023 22:00;9,57
03.04.2023 22:15;6,99
03.04.2023 22:30;5,00
03.04.2023 22:45;5,96
03.04.2023 23:00;5,00
03.04.2023 23:15;7,49
03.04.2023 23:30;5,00
03.04.2023 23:45;5,60
04.04.2023 00:00;5,00
04.04.2023 00:15;6,44
04.04.2023 00:30;5,46
04.04.2023 00:45;6,54
04.04.2023 01:00;6,23
04.04.2023 01:15;5,00
04.04.2023 01:30;7,44
04.04.2023 01:45;6,09
04.04.2023 02:00;5,00
04.04.2023 02:15;10,67
04.04.2023 02:30;7,14
04.04.2023 02:45;5,88
04.04.2023 03:00;9,02
04.04.2023 03:15;9,87
04.04.2023 03:30;5,90
04.04.2023 03:45;6,88
04.04.2023 04:00;5,00
04.04.2023 04:15;5,89
04.04.2023 04:30;5,79
04.04.2023 04:45;6,56
04.04.2023 05:00;6,85
04.04.2023 05:15;7,31
04.04.2023 05:30;6,66
04.04.2023 05:45;4,26
04.04.2023 06:00;2,95
04.04.2023 06:15;1,97
04.04.2023 06:30;1,07
04.04.2023 06:45;3,97
04.04.2023 07:00;14,48
04.04.2023 07:15;12,90
04.04.2023 07:30;15,49
04.04.2023 07:45;13,71
04.04.2023 08:00;16,26
04.04.2023 08:15;13,40
04.04.2023 08:30;17,21
04.04.2023 08:45;17,86
04.04.2023 09:00;17,11
04.04.2023 09:15;13,92
04.04.2023 09:30;14,78
04.04.2023 09:45;20,87
04.04.2023 10:00;16,85
04.04.2023 10:15;19,20
04.04.2023 10:30;18,82
04.04.2023 10:45;27,70
04.04.2023 11:00;13,72
04.04.2023 11:15;30,44
04.04.2023 11:30;28,38
04.04.2023 11:45;19,19
04.04.2023 12:00;35,45
04.04.2023 12:15;15,77
04.04.2023 12:30;23,54
04.04.2023 12:45;15,76
04.04.2023 13:00;15,75
04.04.2023 13:15;26,11
04.04.2023 13:30;16,47
04.04.2023 13:45;29,36
04.04.2023 14:00;20,09
04.04.2023 14:15;27,97
04.04.2023 14:30;18,05
04.04.2023 14:45;17,43
04.04.2023 15:00;25,83
04.04.2023 15:15;19,11
04.04.2023 15:30;21,78
04.04.2023 15:45;22,80
04.04.2023 16:00;17,59
04.04.2023 16:15;17,89
04.04.2023 16:30;18,05
04.04.2023 16:45;18,49
04.04.2023 17:00;25,96
04.04.2023 17:15;21,52
04.04.2023 17:30;17,20
04.04.2023 17:45;21,00
04.04.2023 18:00;20,54
04.04.2023 18:15;7,69
04.04.2023 18:30;7,19
04.04.2023 18:45;5,00
04.04.2023 19:00;5,88
04.04.2023 19:15;5,00
04.04.2023 19:30;5,78
04.04.2023 19:45;8,15
04.04.2023 20:00;6,80
04.04.2023 20:15;8,48
04.04.2023 20:30;6,87
04.04.2023 20:45;5,00
04.04.2023 21:00;5,00
04.04.2023 21:15;6,49
04.04.2023 21:30;5,76
04.04.2023 21:45;5,00
04.04.2023 22:00;5,00
04.04.2023 22:15;5,00
04.04.2023 22:30;5,80
04.04.2023 22:45;7,52
04.04.2023 23:00;6,57
04.04.2023 23:15;9,40
04.04.2023 23:30;5,00
04.04.2023 23:45;7,95
05.04.2023 00:00;6,27
05.04.2023 00:15;7,56
05.04.2023 00:30;5,30
05.04.2023 00:45;8,32
05.04.2023 01:00;6,76
05.04.2023 01:15;5,00
05.04.2023 01:30;6,15
05.04.2023 01:45;5,69
05.04.2023 02:00;7,15
05.04.2023 02:15;5,00
05.04.2023 02:30;6,11
05.04.2023 02:45;6,96
05.04.2023 03:00;6,24
05.04.2023 03:15;8,87
05.04.2023 03:30;7,72
05.04.2023 03:45;6,16
05.04.2023 04:00;6,61
05.04.2023 04:15;6,76
05.04.2023 04:30;6,98
05.04.2023 04:45;5,00
05.04.2023 05:00;5,57
05.04.2023 05:15;5,00
05.04.2023 05:30;8,73
05.04.2023 05:45;5,48
05.04.2023 06:00;4,05
05.04.2023 06:15;5,88
05.04.2023 06:30;4,92
05.04.2023 06:45;1,42
05.04.2023 07:00;17,43
05.04.2023 07:15;14,33
05.04.2023 07:30;14,59
05.04.2023 07:45;18,95
05.04.2023 08:00;14,40
05.04.2023 08:15;14,91
05.04.2023 08:30;15,88
05.04.2023 08:45;17,76
05.04.2023 09:00;21,41
05.04.2023 09:15;20,42
05.04.2023 09:30;18,18
05.04.2023 09:45;13,23
05.04.2023 10:00;22,55
05.04.2023 10:15;22,32
05.04.2023 10:30;13,78
05.04.2023 10:45;18,79
05.04.2023 11:00;23,24
05.04.2023 11:15;16,52
05.04.2023 11:30;16,99
05.04.2023 11:45;18,72
05.04.2023 12:00;21,85
05.04.2023 12:15;22,37
05.04.2023 12:30;30,64
05.04.2023 12:45;19,05
05.04.2023 13:00;25,32
05.04.2023 13:15;21,07
05.04.2023 13:30;24,46
05.04.2023 13:45;18,16
05.04.2023 14:00;21,14
05.04.2023 14:15;22,15
05.04.2023 14:30;21,42
05.04.2023 14:45;22,52
05.04.2023 15:00;26,99
05.04.2023 15:15;22,07
05.04.2023 15:30;30,54
05.04.2023 15:45;21,56
05.04.2023 16:00;21,23
05.04.2023 16:15;16,62
05.04.2023 16:30;22,42
05.04.2023 16:45;23,76
05.04.2023 17:00;18,69
05.04.2023 17:15;22,48
05.04.2023 17:30;21,98
05.04.2023 17:45;19,06
05.04.2023 18:00;16,41
05.04.2023 18:15;4,42
05.04.2023 18:30;6,39
05.04.2023 18:45;5,17
05.04.2023 19:00;5,49
05.04.2023 19:15;8,22
05.04.2023 19:30;7,64
05.04.2023 19:45;8,93
05.04.2023 20:00;5,00
05.04.2023 20:15;5,49
05.04.2023 20:30;7,69
05.04.2023 20:45;7,07
05.04.2023 21:00;9,24
05.04.2023 21:15;7,01
05.04.2023 21:30;9,87
05.04.2023 21:45;7,25
05.04.2023 22:00;8,30
05.04.2023 22:15;5,53
05.04.2023 22:30;6,20
05.04.2023 22:45;8,00
05.04.2023 23:00;9,40
05.04.2023 23:15;7,63
05.04.2023 23:30;6,01
05.04.2023 23:45;8,93
06.04.2023 00:00;5,00
06.04.2023 00:15;5,00
06.04.2023 00:30;7,52
06.04.2023 00:45;6,19
06.04.2023 01:00;7,37
06.04.2023 01:15;6,29
06.04.2023 01:30;7,30
06.04.2023 01:45;5,00
06.04.2023 02:00;7,30
06.04.2023 02:15;8,15
06.04.2023 02:30;8,60
06.04.2023 02:45;10,19
06.04.2023 03:00;6,65
06.04.2023 03:15;6,71
06.04.2023 03:30;5,00
06.04.2023 03:45;5,10
06.04.2023 04:00;5,77
06.04.2023 04:15;8,26
06.04.2023 04:30;5,00
06.04.2023 04:45;7,75
06.04.2023 05:00;6,15
06.04.2023 05:15;5,80
06.04.2023 05:30;6,66
06.04.2023 05:45;4,56
06.04.2023 06:00;3,65
06.04.2023 06:15;1,86
06.04.2023 06:30;3,84
06.04.2023 06:45;2,12
06.04.2023 07:00;13,40
06.04.2023 07:15;16,22
06.04.2023 07:30;19,14
06.04.2023 07:45;15,14
06.04.2023 08:00;17,87
06.04.2023 08:15;16,66
06.04.2023 08:30;15,57
06.04.2023 08:45;19,52
06.04.2023 09:00;19,19
06.04.2023 09:15;27,56
06.04.2023 09:30;24,02
06.04.2023 09:45;22,83
06.04.2023 10:00;15,60
06.04.2023 10:15;17,27
06.04.2023 10:30;25,40
06.04.2023 10:45;26,68
06.04.2023 11:00;16,46
06.04.2023 11:15;22,52
06.04.2023 11:30;18,20
06.04.2023 11:45;15,30
06.04.2023 12:00;22,68
06.04.2023 12:15;23,36
06.04.2023 12:30;21,47
06.04.2023 12:45;24,87
06.04.2023 13:00;22,68
06.04.2023 13:15;29,25
06.04.2023 13:30;26,25
06.04.2023 13:45;18,82
06.04.2023 14:00;22,69
06.04.2023 14:15;15,56
06.04.2023 14:30;16,30
06.04.2023 14:45;19,30
06.04.2023 15:00;21,49
06.04.2023 15:15;22,57
06.04.2023 15:30;19,26
06.04.2023 15:45;20,87
06.04.2023 16:00;21,82
06.04.2023 16:15;23,02
06.04.2023 16:30;17,27
06.04.2023 16:45;18,62
06.04.2023 17:00;19,65
06.04.2023 17:15;22,92
06.04.2023 17:30;17,07
06.04.2023 17:45;15,12
06.04.2023 18:00;19,97
06.04.2023 18:15;6,09
06.04.2023 18:30;5,00
06.04.2023 18:45;5,00
06.04.2023 19:00;9,23
06.04.2023 19:15;8,99
06.04.2023 19:30;5,00
06.04.2023 19:45;5,24
06.04.2023 20:00;9,49
06.04.2023 20:15;5,21
06.04.2023 20:30;5,18
06.04.2023 20:45;5,59
06.04.2023 21:00;5,00
06.04.2023 21:15;5,00
06.04.2023 21:30;8,26
06.04.2023 21:45;5,00
06.04.2023 22:00;6,65
06.04.2023 22:15;7,93
06.04.2023 22:30;5,00
06.04.2023 22:45;5,00
06.04.2023 23:00;8,58
06.04.2023 23:15;7,22
06.04.2023 23:30;5,00
06.04.2023 23:45;8,56
07.04.2023 00:00;8,56
07.04.2023 00:15;6,68
07.04.2023 00:30;5,00
07.04.2023 00:45;5,32
07.04.2023 01:00;6,72
07.04.2023 01:15;5,77
07.04.2023 01:30;8,02
07.04.2023 01:45;5,00
07.04.2023 02:00;5,00
07.04.2023 02:15;6,50
07.04.2023 02:30;5,16
07.04.2023 02:45;5,00
07.04.2023 03:00;5,00
07.04.2023 03:15;6,18
07.04.2023 03:30;6,04
07.04.2023 03:45;7,45
07.04.2023 04:00;6,28
07.04.2023 04:15;5,88
07.04.2023 04:30;8,50
07.04.2023 04:45;5,00
07.04.2023 05:00;7,22
07.04.2023 05:15;5,00
07.04.2023 05:30;5,00
07.04.2023 05:45;3,97
07.04.2023 06:00;6,54
07.04.2023 06:15;4,42
07.04.2023 06:30;3,52
07.04.2023 06:45;0,00
07.04.2023 07:00;17,63
07.04.2023 07:15;12,63
07.04.2023 07:30;15,84
07.04.2023 07:45;14,08
07.04.2023 08:00;18,54
07.04.2023 08:15;14,59
07.04.2023 08:30;13,32
07.04.2023 08:45;22,69
07.04.2023 09:00;23,74
07.04.2023 09:15;16,14
07.04.2023 09:30;15,69
07.04.2023 09:45;15,92
07.04.2023 10:00;12,07
07.04.2023 10:15;18,85
07.04.2023 10:30;26,45
07.04.2023 10:45;21,09
07.04.2023 11:00;20,89
07.04.2023 11:15;26,41
07.04.2023 11:30;27,94
07.04.2023 11:45;32,21
07.04.2023 12:00;22,79
07.04.2023 12:15;22,89
07.04.2023 12:30;17,91
07.04.2023 12:45;21,11
07.04.2023 13:00;28,51
07.04.2023 13:15;15,82
07.04.2023 13:30;31,76
07.04.2023 13:45;25,39
07.04.2023 14:00;15,42
07.04.2023 14:15;27,27
07.04.2023 14:30;27,34
07.04.2023 14:45;12,93
07.04.2023 15:00;17,55
07.04.2023 15:15;19,10
07.04.2023 15:30;20,67
07.04.2023 15:45;18,36
07.04.2023 16:00;30,41
07.04.2023 16:15;22,05
07.04.2023 16:30;16,37
07.04.2023 16:45;24,56
07.04.2023 17:00;20,88
07.04.2023 17:15;14,04
07.04.2023 17:30;21,14
07.04.2023 17:45;19,78
07.04.2023 18:00;18,51
07.04.2023 18:15;6,95
07.04.2023 18:30;4,99
07.04.2023 18:45;6,82
07.04.2023 19:00;5,00
07.04.2023 19:15;6,96
07.04.2023 19:30;10,05
07.04.2023 19:45;5,00
07.04.2023 20:00;5,00
07.04.2023 20:15;5,00
07.04.2023 20:30;6,40
07.04.2023 20:45;5,00
07.04.2023 21:00;6,99
07.04.2023 21:15;7,84
07.04.2023 21:30;7,21
07.04.2023 21:45;5,00
07.04.2023 22:00;8,13
07.04.2023 22:15;8,02
07.04.2023 22:30;7,80
07.04.2023 22:45;6,89
07.04.2023 23:00;6,58
07.04.2023 23:15;8,21
07.04.2023 23:30;9,99
07.04.2023 23:45;5,00
08.04.2023 00:00;5,00
08.04.2023 00:15;5,00
08.04.2023 00:30;5,00
08.04.2023 00:45;5,00
08.04.2023 01:00;5,00
08.04.2023 01:15;5,00
08.04.2023 01:30;5,00
08.04.2023 01:45;5,00
08.04.2023 02:00;5,00
08.04.2023 02:15;5,00
08.04.2023 02:30;5,00
08.04.2023 02:45;5,00
08.04.2023 03:00;5,00
08.04.2023 03:15;5,00
08.04.2023 03:30;5,00
08.04.2023 03:45;5,00
08.04.2023 04:00;5,00
08.04.2023 04:15;5,00
08.04.2023 04:30;5,27
08.04.2023 04:45;5,00
08.04.2023 05:00;5,00
08.04.2023 05:15;5,00
08.04.2023 05:30;4,88
08.04.2023 05:45;3,58
08.04.2023 06:00;2,68
08.04.2023 06:15;2,34
08.04.2023 06:30;1,31
08.04.2023 06:45;0,00
08.04.2023 07:00;0,00
08.04.2023 07:15;2,99
08.04.2023 07:30;6,17
08.04.2023 07:45;0,05
08.04.2023 08:00;5,01
08.04.2023 08:15;0,00
08.04.2023 08:30;0,00
08.04.2023 08:45;0,45
08.04.2023 09:00;3,87
08.04.2023 09:15;3,75
08.04.2023 09:30;0,00
08.04.2023 09:45;1,55
08.04.2023 10:00;1,96
08.04.2023 10:15;0,00
08.04.2023 10:30;0,00
08.04.2023 10:45;5,78
08.04.2023 11:00;0,00
08.04.2023 11:15;3,67
08.04.2023 11:30;0,00
08.04.2023 11:45;0,00
08.04.2023 12:00;0,00
08.04.2023 12:15;0,86
08.04.2023 12:30;7,24
08.04.2023 12:45;0,00
08.04.2023 13:00;0,00
08.04.2023 13:15;4,35
08.04.2023 13:30;0,00
08.04.2023 13:45;2,77
08.04.2023 14:00;3,92
08.04.2023 14:15;4,29
08.04.2023 14:30;0,00
08.04.2023 14:45;0,00
08.04.2023 15:00;2,59
08.04.2023 15:15;2,26
08.04.2023 15:30;0,00
08.04.2023 15:45;0,00
08.04.2023 16:00;0,00
08.04.2023 16:15;8,62
08.04.2023 16:30;6,48
08.04.2023 16:45;1,94
08.04.2023 17:00;2,42
08.04.2023 17:15;1,02
08.04.2023 17:30;3,07
08.04.2023 17:45;2,70
08.04.2023 18:00;6,46
08.04.2023 18:15;3,82
08.04.2023 18:30;4,84
08.04.2023 18:45;5,94
08.04.2023 19:00;5,00
08.04.2023 19:15;5,00
08.04.2023 19:30;5,00
08.04.2023 19:45;5,48
08.04.2023 20:00;5,00
08.04.2023 20:15;5,00
08.04.2023 20:30;5,00
08.04.2023 20:45;5,00
08.04.2023 21:00;5,00
08.04.2023 21:15;5,00
08.04.2023 21:30;5,00
08.04.2023 21:45;5,00
08.04.2023 22:00;5,00
08.04.2023 22:15;5,00
08.04.2023 22:30;5,00
08.04.2023 22:45;5,00
08.04.2023 23:00;5,00
08.04.2023 23:15;6,06
08.04.2023 23:30;5,00
08.04.2023 23:45;5,00
09.04.2023 00:00;5,00
09.04.2023 00:15;5,16
09.04.2023 00:30;5,00
09.04.2023 00:45;5,00
09.04.2023 01:00;5,00
09.04.2023 01:15;5,00
09.04.2023 01:30;5,00
09.04.2023 01:45;5,00
09.04.2023 02:00;5,91
09.04.2023 02:15;5,00
09.04.2023 02:30;5,00
09.04.2023 02:45;5,00
09.04.2023 03:00;5,00
09.04.2023 03:15;5,00
09.04.2023 03:30;5,00
09.04.2023 03:45;5,00
09.04.2023 04:00;5,00
09.04.2023 04:15;5,00
09.04.2023 04:30;5,00
09.04.2023 04:45;5,00
09.04.2023 05:00;5,00
09.04.2023 05:15;6,50
09.04.2023 05:30;4,74
09.04.2023 05:45;3,83
09.04.2023 06:00;2,18
09.04.2023 06:15;2,69
09.04.2023 06:30;0,21
09.04.2023 06:45;0,00
09.04.2023 07:00;0,60
09.04.2023 07:15;1,55
09.04.2023 07:30;4,34
09.04.2023 07:45;2,94
09.04.2023 08:00;0,00
09.04.2023 08:15;0,00
09.04.2023 08:30;2,43
09.04.2023 08:45;0,00
09.04.2023 09:00;6,47
09.04.2023 09:15;0,00
09.04.2023 09:30;0,00
09.04.2023 09:45;0,00
09.04.2023 10:00;0,00
09.04.2023 10:15;1,53
09.04.2023 10:30;0,00
09.04.2023 10:45;0,00
09.04.2023 11:00;0,00
09.04.2023 11:15;0,00
09.04.2023 11:30;10,86
09.04.2023 11:45;10,86
09.04.2023 12:00;0,00
09.04.2023 12:15;5,89
09.04.2023 12:30;4,38
09.04.2023 12:45;0,36
09.04.2023 13:00;0,00
09.04.2023 13:15;0,00
09.04.2023 13:30;0,00
09.04.2023 13:45;0,00
09.04.2023 14:00;13,21
09.04.2023 14:15;0,13
09.04.2023 14:30;9,39
09.04.2023 14:45;0,00
09.04.2023 15:00;7,70
09.04.2023 15:15;3,39
09.04.2023 15:30;4,06
09.04.2023 15:45;9,11
09.04.2023 16:00;0,00
09.04.2023 16:15;2,48
09.04.2023 16:30;0,00
09.04.2023 16:45;3,08
09.04.2023 17:00;4,63
09.04.2023 17:15;7,50
09.04.2023 17:30;4,11
09.04.2023 17:45;9,53
09.04.2023 18:00;6,85
09.04.2023 18:15;4,31
09.04.2023 18:30;4,83
09.04.2023 18:45;5,00
09.04.2023 19:00;5,00
09.04.2023 19:15;5,04
09.04.2023 19:30;5,00
09.04.2023 19:45;5,00
09.04.2023 20:00;5,00
09.04.2023 20:15;5,00
09.04.2023 20:30;5,00
09.04.2023 20:45;5,00
09.04.2023 21:00;5,00
09.04.2023 21:15;5,00
09.04.2023 21:30;5,00
09.04.2023 21:45;5,00
09.04.2023 22:00;5,00
09.04.2023 22:15;5,00
09.04.2023 22:30;5,00
09.04.2023 22:45;5,78
09.04.2023 23:00;5,00
09.04.2023 23:15;5,09
09.04.2023 23:30;5,00
09.04.2023 23:45;5,00
10.04.2023 00:00;9,79
10.04.2023 00:15;8,08
10.04.2023 00:30;5,85
10.04.2023 00:45;7,55
10.04.2023 01:00;5,29
10.04.2023 01:15;7,75
10.04.2023 01:30;5,00
10.04.2023 01:45;5,00
10.04.2023 02:00;8,06
10.04.2023 02:15;5,60
10.04.2023 02:30;6,51
10.04.2023 02:45;5,00
10.04.2023 03:00;9,79
10.04.2023 03:15;8,48
10.04.2023 03:30;5,70
10.04.2023 03:45;5,29
10.04.2023 04:00;8,16
10.04.2023 04:15;10,06
10.04.2023 04:30;8,00
10.04.2023 04:45;10,44
10.04.2023 05:00;5,00
10.04.2023 05:15;5,00
10.04.2023 05:30;4,66
10.04.2023 05:45;5,96
10.04.2023 06:00;3,47
10.04.2023 06:15;2,02
10.04.2023 06:30;2,28
10.04.2023 06:45;4,57
10.04.2023 07:00;16,34
10.04.2023 07:15;11,58
10.04.2023 07:30;16,15
10.04.2023 07:45;14,32
10.04.2023 08:00;16,31
10.04.2023 08:15;19,71
10.04.2023 08:30;16,45
10.04.2023 08:45;16,43
10.04.2023 09:00;22,91
10.04.2023 09:15;13,46
10.04.2023 09:30;14,39
10.04.2023 09:45;20,29
10.04.2023 10:00;29,53
10.04.2023 10:15;19,51
10.04.2023 10:30;19,27
10.04.2023 10:45;18,94
10.04.2023 11:00;12,41
10.04.2023 11:15;11,81
10.04.2023 11:30;31,22
10.04.2023 11:45;27,73
10.04.2023 12:00;19,82
10.04.2023 12:15;23,15
10.04.2023 12:30;13,79
10.04.2023 12:45;30,44
10.04.2023 13:00;13,31
10.04.2023 13:15;26,34
10.04.2023 13:30;18,97
10.04.2023 13:45;24,96
10.04.2023 14:00;18,07
10.04.2023 14:15;14,71
10.04.2023 14:30;21,29
10.04.2023 14:45;18,77
10.04.2023 15:00;24,97
10.04.2023 15:15;20,74
10.04.2023 15:30;15,67
10.04.2023 15:45;24,81
10.04.2023 16:00;24,45
10.04.2023 16:15;17,45
10.04.2023 16:30;16,73
10.04.2023 16:45;15,89
10.04.2023 17:00;20,10
10.04.2023 17:15;13,11
10.04.2023 17:30;21,41
10.04.2023 17:45;17,60
10.04.2023 18:00;15,15
10.04.2023 18:15;5,90
10.04.2023 18:30;4,60
10.04.2023 18:45;5,42
10.04.2023 19:00;9,03
10.04.2023 19:15;5,00
10.04.2023 19:30;5,00
10.04.2023 19:45;6,64
10.04.2023 20:00;8,40
10.04.2023 20:15;5,00
10.04.2023 20:30;6,91
10.04.2023 20:45;7,26
10.04.2023 21:00;5,00
10.04.2023 21:15;7,69
10.04.2023 21:30;7,85
10.04.2023 21:45;5,47
10.04.2023 22:00;8,60
10.04.2023 22:15;8,37
10.04.2023 22:30;6,30
10.04.2023 22:45;5,19
10.04.2023 23:00;5,00
10.04.2023 23:15;6,02
10.04.2023 23:30;7,24
10.04.2023 23:45;5,45
11.04.2023 00:00;5,00
11.04.2023 00:15;8,62
11.04.2023 00:30;6,46
11.04.2023 00:45;5,32
11.04.2023 01:00;7,80
11.04.2023 01:15;9,13
11.04.2023 01:30;5,00
11.04.2023 01:45;6,95
11.04.2023 02:00;5,00
11.04.2023 02:15;7,08
11.04.2023 02:30;6,34
11.04.2023 02:45;7,35
11.04.2023 03:00;5,08
11.04.2023 03:15;5,00
11.04.2023 03:30;5,18
11.04.2023 03:45;6,89
11.04.2023 04:00;8,11
11.04.2023 04:15;5,00
11.04.2023 04:30;8,14
11.04.2023 04:45;5,00
11.04.2023 05:00;6,81
11.04.2023 05:15;5,06
11.04.2023 05:30;5,87
11.04.2023 05:45;6,79
11.04.2023 06:00;2,49
11.04.2023 06:15;1,48
11.04.2023 06:30;1,27
11.04.2023 06:45;7,19
11.04.2023 07:00;17,74
11.04.2023 07:15;18,10
11.04.2023 07:30;23,38
11.04.2023 07:45;12,71
11.04.2023 08:00;15,50
11.04.2023 08:15;15,95
11.04.2023 08:30;13,99
11.04.2023 08:45;21,07
11.04.2023 09:00;18,07
11.04.2023 09:15;18,78
11.04.2023 09:30;15,71
11.04.2023 09:45;20,27
11.04.2023 10:00;17,71
11.04.2023 10:15;13,74
11.04.2023 10:30;15,16
11.04.2023 10:45;23,30
11.04.2023 11:00;13,01
11.04.2023 11:15;15,45
11.04.2023 11:30;18,69
11.04.2023 11:45;17,60
11.04.2023 12:00;27,76
11.04.2023 12:15;14,69
11.04.2023 12:30;18,04
11.04.2023 12:45;21,16
11.04.2023 13:00;20,29
11.04.2023 13:15;24,79
11.04.2023 13:30;25,08
11.04.2023 13:45;21,18
11.04.2023 14:00;26,38
11.04.2023 14:15;16,80
11.04.2023 14:30;23,28
11.04.2023 14:45;19,60
11.04.2023 15:00;16,86
11.04.2023 15:15;19,71
11.04.2023 15:30;17,31
11.04.2023 15:45;27,49
11.04.2023 16:00;17,52
11.04.2023 16:15;22,27
11.04.2023 16:30;18,50
11.04.2023 16:45;19,91
11.04.2023 17:00;15,02
11.04.2023 17:15;19,03
11.04.2023 17:30;20,07
11.04.2023 17:45;19,76
11.04.2023 18:00;15,32
11.04.2023 18:15;3,73
11.04.2023 18:30;6,89
11.04.2023 18:45;9,05
11.04.2023 19:00;5,00
11.04.2023 19:15;9,26
11.04.2023 19:30;6,65
11.04.2023 19:45;6,07
11.04.2023 20:00;5,29
11.04.2023 20:15;5,00
11.04.2023 20:30;8,06
11.04.2023 20:45;5,00
11.04.2023 21:00;5,00
11.04.2023 21:15;8,07
11.04.2023 21:30;5,00
11.04.2023 21:45;5,00
11.04.2023 22:00;6,04
11.04.2023 22:15;6,67
11.04.2023 22:30;7,05
11.04.2023 22:45;5,48
11.04.2023 23:00;11,14
11.04.2023 23:15;5,63
11.04.2023 23:30;5,62
11.04.2023 23:45;5,00
12.04.2023 00:00;6,31
12.04.2023 00:15;7,30
12.04.2023 00:30;8,47
12.04.2023 00:45;5,00
12.04.2023 01:00;5,57
12.04.2023 01:15;6,96
12.04.2023 01:30;7,24
12.04.2023 01:45;6,08
12.04.2023 02:00;7,15
12.04.2023 02:15;5,00
12.04.2023 02:30;9,18
12.04.2023 02:45;8,05
12.04.2023 03:00;5,00
12.04.2023 03:15;5,00
12.04.2023 03:30;5,00
12.04.2023 03:45;7,42
12.04.2023 04:00;5,00
12.04.2023 04:15;5,40
12.04.2023 04:30;6,98
12.04.2023 04:45;5,93
12.04.2023 05:00;6,58
12.04.2023 05:15;5,00
12.04.2023 05:30;6,47
12.04.2023 05:45;3,27
12.04.2023 06:00;2,68
12.04.2023 06:15;2,02
12.04.2023 06:30;2,47
12.04.2023 06:45;0,00
12.04.2023 07:00;15,56
12.04.2023 07:15;13,20
12.04.2023 07:30;13,63
12.04.2023 07:45;9,35
12.04.2023 08:00;12,61
12.04.2023 08:15;16,22
12.04.2023 08:30;15,14
12.04.2023 08:45;20,48
12.04.2023 09:00;21,11
12.04.2023 09:15;20,80
12.04.2023 09:30;15,11
12.04.2023 09:45;13,19
12.04.2023 10:00;18,16
12.04.2023 10:15;13,74
12.04.2023 10:30;17,10
12.04.2023 10:45;25,58
12.04.2023 11:00;14,65
12.04.2023 11:15;11,05
12.04.2023 11:30;21,04
12.04.2023 11:45;29,33
12.04.2023 12:00;28,22
12.04.2023 12:15;22,57
12.04.2023 12:30;27,39
12.04.2023 12:45;19,59
12.04.2023 13:00;23,22
12.04.2023 13:15;23,39
12.04.2023 13:30;22,80
12.04.2023 13:45;21,57
12.04.2023 14:00;15,93
12.04.2023 14:15;26,27
12.04.2023 14:30;18,72
12.04.2023 14:45;26,68
12.04.2023 15:00;22,27
12.04.2023 15:15;19,89
12.04.2023 15:30;18,81
12.04.2023 15:45;18,45
12.04.2023 16:00;13,30
12.04.2023 16:15;18,13
12.04.2023 16:30;21,59
12.04.2023 16:45;17,75
12.04.2023 17:00;18,64
12.04.2023 17:15;16,61
12.04.2023 17:30;20,52
12.04.2023 17:45;19,81
12.04.2023 18:00;18,35
12.04.2023 18:15;3,89
12.04.2023 18:30;4,68
12.04.2023 18:45;6,63
12.04.2023 19:00;5,00
12.04.2023 19:15;5,64
12.04.2023 19:30;5,46
12.04.2023 19:45;9,24
12.04.2023 20:00;6,87
12.04.2023 20:15;6,40
12.04.2023 20:30;7,74
12.04.2023 20:45;6,80
12.04.2023 21:00;5,15
12.04.2023 21:15;8,21
12.04.2023 21:30;5,00
12.04.2023 21:45;6,71
12.04.2023 22:00;5,00
12.04.2023 22:15;6,47
12.04.2023 22:30;6,45
12.04.2023 22:45;9,42
12.04.2023 23:00;5,00
12.04.2023 23:15;5,00
12.04.2023 23:30;7,71
12.04.2023 23:45;6,74
13.04.2023 00:00;6,41
13.04.2023 00:15;5,00
13.04.2023 00:30;5,00
13.04.2023 00:45;8,54
13.04.2023 01:00;5,95
13.04.2023 01:15;6,80
13.04.2023 01:30;5,82
13.04.2023 01:45;5,00
13.04.2023 02:00;7,92
13.04.2023 02:15;7,06
13.04.2023 02:30;10,66
13.04.2023 02:45;5,00
13.04.2023 03:00;7,70
13.04.2023 03:15;5,00
13.04.2023 03:30;6,37
13.04.2023 03:45;8,00
13.04.2023 04:00;5,00
13.04.2023 04:15;5,64
13.04.2023 04:30;5,00
13.04.2023 04:45;5,00
13.04.2023 05:00;6,82
13.04.2023 05:15;8,29
13.04.2023 05:30;4,97
13.04.2023 05:45;4,92
13.04.2023 06:00;4,07
13.04.2023 06:15;2,87
13.04.2023 06:30;0,00
13.04.2023 06:45;4,13
13.04.2023 07:00;17,57
13.04.2023 07:15;17,75
13.04.2023 07:30;13,97
13.04.2023 07:45;12,95
13.04.2023 08:00;12,44
13.04.2023 08:15;8,72
13.04.2023 08:30;10,19
13.04.2023 08:45;19,03
13.04.2023 09:00;18,96
13.04.2023 09:15;25,70
13.04.2023 09:30;17,15
13.04.2023 09:45;19,37
13.04.2023 10:00;29,02
13.04.2023 10:15;11,85
13.04.2023 10:30;25,33
13.04.2023 10:45;32,72
13.04.2023 11:00;23,10
13.04.2023 11:15;15,49
13.04.2023 11:30;11,32
13.04.2023 11:45;17,44
13.04.2023 12:00;17,64
13.04.2023 12:15;16,48
13.04.2023 12:30;20,42
13.04.2023 12:45;15,72
13.04.2023 13:00;15,40
13.04.2023 13:15;26,20
13.04.2023 13:30;15,14
13.04.2023 13:45;25,93
13.04.2023 14:00;22,39
13.04.2023 14:15;21,72
13.04.2023 14:30;15,12
13.04.2023 14:45;17,33
13.04.2023 15:00;22,11
13.04.2023 15:15;17,96
13.04.2023 15:30;15,04
13.04.2023 15:45;21,18
13.04.2023 16:00;20,73
13.04.2023 16:15;20,62
13.04.2023 16:30;18,04
13.04.2023 16:45;25,16
13.04.2023 17:00;23,35
13.04.2023 17:15;20,08
13.04.2023 17:30;19,50
13.04.2023 17:45;14,89
13.04.2023 18:00;19,25
13.04.2023 18:15;4,28
13.04.2023 18:30;5,77
13.04.2023 18:45;6,28
13.04.2023 19:00;6,81
13.04.2023 19:15;5,43
13.04.2023 19:30;6,17
13.04.2023 19:45;5,00
13.04.2023 20:00;5,41
13.04.2023 20:15;8,83
13.04.2023 20:30;6,69
13.04.2023 20:45;6,01
13.04.2023 21:00;9,84
13.04.2023 21:15;5,00
13.04.2023 21:30;5,00
13.04.2023 21:45;9,48
13.04.2023 22:00;6,14
13.04.2023 22:15;5,57
13.04.2023 22:30;5,00
13.04.2023 22:45;6,95
13.04.2023 23:00;7,14
13.04.2023 23:15;5,00
13.04.2023 23:30;5,77
13.04.2023 23:45;5,38
14.04.2023 00:00;6,55
14.04.2023 00:15;5,00
14.04.2023 00:30;8,54
14.04.2023 00:45;7,87
14.04.2023 01:00;5,31
14.04.2023 01:15;5,60
14.04.2023 01:30;5,76
14.04.2023 01:45;5,00
14.04.2023 02:00;5,15
14.04.2023 02:15;5,49
14.04.2023 02:30;9,26
14.04.2023 02:45;7,93
14.04.2023 03:00;7,90
14.04.2023 03:15;6,77
14.04.2023 03:30;5,00
14.04.2023 03:45;5,95
14.04.2023 04:00;7,98
14.04.2023 04:15;5,00
14.04.2023 04:30;7,31
14.04.2023 04:45;10,68
14.04.2023 05:00;8,16
14.04.2023 05:15;8,86
14.04.2023 05:30;5,80
14.04.2023 05:45;6,87
14.04.2023 06:00;2,55
14.04.2023 06:15;3,85
14.04.2023 06:30;2,45
14.04.2023 06:45;2,98
14.04.2023 07:00;18,08
14.04.2023 07:15;11,33
14.04.2023 07:30;16,08
14.04.2023 07:45;12,85
14.04.2023 08:00;15,82
14.04.2023 08:15;14,95
14.04.2023 08:30;9,89
14.04.2023 08:45;28,31
14.04.2023 09:00;13,28
14.04.2023 09:15;10,82
14.04.2023 09:30;17,35
14.04.2023 09:45;15,76
14.04.2023 10:00;23,82
14.04.2023 10:15;17,76
14.04.2023 10:30;11,07
14.04.2023 10:45;29,29
14.04.2023 11:00;23,44
14.04.2023 11:15;13,74
14.04.2023 11:30;13,22
14.04.2023 11:45;28,09
14.04.2023 12:00;24,44
14.04.2023 12:15;25,35
14.04.2023 12:30;21,63
14.04.2023 12:45;17,41
14.04.2023 13:00;27,38
14.04.2023 13:15;25,69
14.04.2023 13:30;29,74
14.04.2023 13:45;24,75
14.04.2023 14:00;23,86
14.04.2023 14:15;17,91
14.04.2023 14:30;20,73
14.04.2023 14:45;14,98
14.04.2023 15:00;21,34
14.04.2023 15:15;22,75
14.04.2023 15:30;22,32
14.04.2023 15:45;20,28
14.04.2023 16:00;17,86
14.04.2023 16:15;15,09
14.04.2023 16:30;20,48
14.04.2023 16:45;22,09
14.04.2023 17:00;19,39
14.04.2023 17:15;17,48
14.04.2023 17:30;19,58
14.04.2023 17:45;20,01
14.04.2023 18:00;14,53
14.04.2023 18:15;3,82
14.04.2023 18:30;6,32
14.04.2023 18:45;5,57
14.04.2023 19:00;9,21
14.04.2023 19:15;7,04
14.04.2023 19:30;5,06
14.04.2023 19:45;6,01
14.04.2023 20:00;6,16
14.04.2023 20:15;5,00
14.04.2023 20:30;5,00
14.04.2023 20:45;7,44
14.04.2023 21:00;7,73
14.04.2023 21:15;7,24
14.04.2023 21:30;9,07
14.04.2023 21:45;5,00
14.04.2023 22:00;9,38
14.04.2023 22:15;5,00
14.04.2023 22:30;5,00
14.04.2023 22:45;5,00
14.04.2023 23:00;5,14
14.04.2023 23:15;5,03
14.04.2023 23:30;7,09
14.04.2023 23:45;6,52
15.04.2023 00:00;5,00
15.04.2023 00:15;5,00
15.04.2023 00:30;5,00
15.04.2023 00:45;5,00
15.04.2023 01:00;5,00
15.04.2023 01:15;5,00
15.04.2023 01:30;5,27
15.04.2023 01:45;5,00
15.04.2023 02:00;5,00
15.04.2023 02:15;5,00
15.04.2023 02:30;5,00
15.04.2023 02:45;5,01
15.04.2023 03:00;5,00
15.04.2023 03:15;5,00
15.04.2023 03:30;5,00
15.04.2023 03:45;5,00
15.04.2023 04:00;5,00
15.04.2023 04:15;5,00
15.04.2023 04:30;5,00
15.04.2023 04:45;5,00
15.04.2023 05:00;5,00
15.04.2023 05:15;4,99
15.04.2023 05:30;3,99
15.04.2023 05:45;3,46
15.04.2023 06:00;2,93
15.04.2023 06:15;0,03
15.04.2023 06:30;1,51
15.04.2023 06:45;0,00
15.04.2023 07:00;0,00
15.04.2023 07:15;4,41
15.04.2023 07:30;4,75
15.04.2023 07:45;0,00
15.04.2023 08:00;0,00
15.04.2023 08:15;6,42
15.04.2023 08:30;0,00
15.04.2023 08:45;5,67
15.04.2023 09:00;0,69
15.04.2023 09:15;0,00
15.04.2023 09:30;0,00
15.04.2023 09:45;0,00
15.04.2023 10:00;1,55
15.04.2023 10:15;7,39
15.04.2023 10:30;0,00
15.04.2023 10:45;1,22
15.04.2023 11:00;0,00
15.04.2023 11:15;0,00
15.04.2023 11:30;1,93
15.04.2023 11:45;0,00
15.04.2023 12:00;0,00
15.04.2023 12:15;0,59
15.04.2023 12:30;0,00
15.04.2023 12:45;1,78
15.04.2023 13:00;0,00
15.04.2023 13:15;0,00
15.04.2023 13:30;0,25
15.04.2023 13:45;0,00
15.04.2023 14:00;0,00
15.04.2023 14:15;0,00
15.04.2023 14:30;0,00
15.04.2023 14:45;0,00
15.04.2023 15:00;0,00
15.04.2023 15:15;0,22
15.04.2023 15:30;6,45
15.04.2023 15:45;0,00
15.04.2023 16:00;1,86
15.04.2023 16:15;5,82
15.04.2023 16:30;0,00
15.04.2023 16:45;5,31
15.04.2023 17:00;3,57
15.04.2023 17:15;1,25
15.04.2023 17:30;3,11
15.04.2023 17:45;5,91
15.04.2023 18:00;3,86
15.04.2023 18:15;3,65
15.04.2023 18:30;3,92
15.04.2023 18:45;4,99
15.04.2023 19:00;5,00
15.04.2023 19:15;5,00
15.04.2023 19:30;5,00
15.04.2023 19:45;5,97
15.04.2023 20:00;5,00
15.04.2023 20:15;5,00
15.04.2023 20:30;5,00
15.04.2023 20:45;5,00
15.04.2023 21:00;5,00
15.04.2023 21:15;5,00
15.04.2023 21:30;5,00
15.04.2023 21:45;5,00
15.04.2023 22:00;5,00
15.04.2023 22:15;5,00
15.04.2023 22:30;5,00
15.04.2023 22:45;5,00
15.04.2023 23:00;5,00
15.04.2023 23:15;5,00
15.04.2023 23:30;5,00
15.04.2023 23:45;5,00
16.04.2023 00:00;6,10
16.04.2023 00:15;5,00
16.04.2023 00:30;5,00
16.04.2023 00:45;5,54
16.04.2023 01:00;5,00
16.04.2023 01:15;5,00
16.04.2023 01:30;5,00
16.04.2023 01:45;5,00
16.04.2023 02:00;5,00
16.04.2023 02:15;5,41
16.04.2023 02:30;5,00
16.04.2023 02:45;5,00
16.04.2023 03:00;5,00
16.04.2023 03:15;5,00
16.04.2023 03:30;5,00
16.04.2023 03:45;5,60
16.04.2023 04:00;5,00
16.04.2023 04:15;5,00
16.04.2023 04:30;5,00
16.04.2023 04:45;5,00
16.04.2023 05:00;5,21
16.04.2023 05:15;4,92
16.04.2023 05:30;3,61
16.04.2023 05:45;3,92
16.04.2023 06:00;2,28
16.04.2023 06:15;3,21
16.04.2023 06:30;0,02
16.04.2023 06:45;0,00
16.04.2023 07:00;0,11
16.04.2023 07:15;2,94
16.04.2023 07:30;0,00
16.04.2023 07:45;6,20
16.04.2023 08:00;2,64
16.04.2023 08:15;2,44
16.04.2023 08:30;4,49
16.04.2023 08:45;0,00
16.04.2023 09:00;0,84
16.04.2023 09:15;0,00
16.04.2023 09:30;5,08
16.04.2023 09:45;0,00
16.04.2023 10:00;0,00
16.04.2023 10:15;0,00
16.04.2023 10:30;9,95
16.04.2023 10:45;0,00
16.04.2023 11:00;1,78
16.04.2023 11:15;0,00
16.04.2023 11:30;1,36
16.04.2023 11:45;0,00
16.04.2023 12:00;0,00
16.04.2023 12:15;0,00
16.04.2023 12:30;0,00
16.04.2023 12:45;0,00
16.04.2023 13:00;0,00
16.04.2023 13:15;0,00
16.04.2023 13:30;0,00
16.04.2023 13:45;0,00
16.04.2023 14:00;0,00
16.04.2023 14:15;0,00
16.04.2023 14:30;0,00
16.04.2023 14:45;0,00
16.04.2023 15:00;0,00
16.04.2023 15:15;2,21
16.04.2023 15:30;1,09
16.04.2023 15:45;0,00
16.04.2023 16:00;4,23
16.04.2023 16:15;1,71
16.04.2023 16:30;0,00
16.04.2023 16:45;1,51
16.04.2023 17:00;0,00
16.04.2023 17:15;1,14
16.04.2023 17:30;4,97
16.04.2023 17:45;2,11
16.04.2023 18:00;5,62
16.04.2023 18:15;3,04
16.04.2023 18:30;4,44
16.04.2023 18:45;4,89
16.04.2023 19:00;5,00
16.04.2023 19:15;5,00
16.04.2023 19:30;5,00
16.04.2023 19:45;5,00
16.04.2023 20:00;5,00
16.04.2023 20:15;5,00
16.04.2023 20:30;5,00
16.04.2023 20:45;5,00
16.04.2023 21:00;5,00
16.04.2023 21:15;5,00
16.04.2023 21:30;5,44
16.04.2023 21:45;5,00
16.04.2023 22:00;5,00
16.04.2023 22:15;5,00
16.04.2023 22:30;5,94
16.04.2023 22:45;5,00
16.04.2023 23:00;5,00
16.04.2023 23:15;5,00
16.04.2023 23:30;5,00
16.04.2023 23:45;5,00
17.04.2023 00:00;5,83
17.04.2023 00:15;7,09
17.04.2023 00:30;9,01
17.04.2023 00:45;8,23
17.04.2023 01:00;5,00
17.04.2023 01:15;6,44
17.04.2023 01:30;7,46
17.04.2023 01:45;7,23
17.04.2023 02:00;5,00
17.04.2023 02:15;11,82
17.04.2023 02:30;5,00
17.04.2023 02:45;5,00
17.04.2023 03:00;6,46
17.04.2023 03:15;10,22
17.04.2023 03:30;5,00
17.04.2023 03:45;5,46
17.04.2023 04:00;8,14
17.04.2023 04:15;5,95
17.04.2023 04:30;5,32
17.04.2023 04:45;7,12
17.04.2023 05:00;6,53
17.04.2023 05:15;7,84
17.04.2023 05:30;7,52
17.04.2023 05:45;4,17
17.04.2023 06:00;4,86
17.04.2023 06:15;1,83
17.04.2023 06:30;2,31
17.04.2023 06:45;4,10
17.04.2023 07:00;12,86
17.04.2023 07:15;16,12
17.04.2023 07:30;19,83
17.04.2023 07:45;11,15
17.04.2023 08:00;19,47
17.04.2023 08:15;16,46
17.04.2023 08:30;14,93
17.04.2023 08:45;23,81
17.04.2023 09:00;22,75
17.04.2023 09:15;21,09
17.04.2023 09:30;12,86
17.04.2023 09:45;13,28
17.04.2023 10:00;24,07
17.04.2023 10:15;17,53
17.04.2023 10:30;19,94
17.04.2023 10:45;19,01
17.04.2023 11:00;25,39
17.04.2023 11:15;11,89
17.04.2023 11:30;14,12
17.04.2023 11:45;21,33
17.04.2023 12:00;24,44
17.04.2023 12:15;15,88
17.04.2023 12:30;15,51
17.04.2023 12:45;30,05
17.04.2023 13:00;22,94
17.04.2023 13:15;20,99
17.04.2023 13:30;22,17
17.04.2023 13:45;14,50
17.04.2023 14:00;23,85
17.04.2023 14:15;18,30
17.04.2023 14:30;11,34
17.04.2023 14:45;20,10
17.04.2023 15:00;25,17
17.04.2023 15:15;24,83
17.04.2023 15:30;18,40
17.04.2023 15:45;24,94
17.04.2023 16:00;23,84
17.04.2023 16:15;15,95
17.04.2023 16:30;17,64
17.04.2023 16:45;20,71
17.04.2023 17:00;25,45
17.04.2023 17:15;15,31
17.04.2023 17:30;15,60
17.04.2023 17:45;18,54
17.04.2023 18:00;19,66
17.04.2023 18:15;4,34
17.04.2023 18:30;4,15
17.04.2023 18:45;7,86
17.04.2023 19:00;7,04
17.04.2023 19:15;5,00
17.04.2023 19:30;6,09
17.04.2023 19:45;5,00
17.04.2023 20:00;7,36
17.04.2023 20:15;5,46
17.04.2023 20:30;5,12
17.04.2023 20:45;5,92
17.04.2023 21:00;6,07
17.04.2023 21:15;7,78
17.04.2023 21:30;7,17
17.04.2023 21:45;5,68
17.04.2023 22:00;7,52
17.04.2023 22:15;6,79
17.04.2023 22:30;5,14
17.04.2023 22:45;5,74
17.04.2023 23:00;5,69
17.04.2023 23:15;7,00
17.04.2023 23:30;5,25
17.04.2023 23:45;5,21
18.04.2023 00:00;9,91
18.04.2023 00:15;7,85
18.04.2023 00:30;5,00
18.04.2023 00:45;7,11
18.04.2023 01:00;6,21
18.04.2023 01:15;6,76
18.04.2023 01:30;6,25
18.04.2023 01:45;8,35
18.04.2023 02:00;6,66
18.04.2023 02:15;5,85
18.04.2023 02:30;8,06
18.04.2023 02:45;6,44
18.04.2023 03:00;6,22
18.04.2023 03:15;6,60
18.04.2023 03:30;5,79
18.04.2023 03:45;5,99
18.04.2023 04:00;5,00
18.04.2023 04:15;5,00
18.04.2023 04:30;5,00
18.04.2023 04:45;5,00
18.04.2023 05:00;5,00
18.04.2023 05:15;5,31
18.04.2023 05:30;5,47
18.04.2023 05:45;3,38
18.04.2023 06:00;1,18
18.04.2023 06:15;7,30
18.04.2023 06:30;1,51
18.04.2023 06:45;0,24
18.04.2023 07:00;16,03
18.04.2023 07:15;11,92
18.04.2023 07:30;14,54
18.04.2023 07:45;9,57
18.04.2023 08:00;16,58
18.04.2023 08:15;9,86
18.04.2023 08:30;18,44
18.04.2023 08:45;17,82
18.04.2023 09:00;10,64
18.04.2023 09:15;16,21
18.04.2023 09:30;13,92
18.04.2023 09:45;10,35
18.04.2023 10:00;13,59
18.04.2023 10:15;23,76
18.04.2023 10:30;10,32
18.04.2023 10:45;17,39
18.04.2023 11:00;17,81
18.04.2023 11:15;15,25
18.04.2023 11:30;15,01
18.04.2023 11:45;16,51
18.04.2023 12:00;22,16
18.04.2023 12:15;14,69
18.04.2023 12:30;21,64
18.04.2023 12:45;30,68
18.04.2023 13:00;28,20
18.04.2023 13:15;15,02
18.04.2023 13:30;14,82
18.04.2023 13:45;17,79
18.04.2023 14:00;17,07
18.04.2023 14:15;16,09
18.04.2023 14:30;15,78
18.04.2023 14:45;19,92
18.04.2023 15:00;24,00
18.04.2023 15:15;14,21
18.04.2023 15:30;24,73
18.04.2023 15:45;14,63
18.04.2023 16:00;17,27
18.04.2023 16:15;24,62
18.04.2023 16:30;21,62
18.04.2023 16:45;12,97
18.04.2023 17:00;19,09
18.04.2023 17:15;13,67
18.04.2023 17:30;17,85
18.04.2023 17:45;13,71
18.04.2023 18:00;18,13
18.04.2023 18:15;3,94
18.04.2023 18:30;6,75
18.04.2023 18:45;8,31
18.04.2023 19:00;7,54
18.04.2023 19:15;5,54
18.04.2023 19:30;6,26
18.04.2023 19:45;5,00
18.04.2023 20:00;5,71
18.04.2023 20:15;5,00
18.04.2023 20:30;7,36
18.04.2023 20:45;11,12
18.04.2023 21:00;6,97
18.04.2023 21:15;5,00
18.04.2023 21:30;5,25
18.04.2023 21:45;6,22
18.04.2023 22:00;6,15
18.04.2023 22:15;5,00
18.04.2023 22:30;6,46
18.04.2023 22:45;5,00
18.04.2023 23:00;5,00
18.04.2023 23:15;7,26
18.04.2023 23:30;5,00
18.04.2023 23:45;7,05
19.04.2023 00:00;5,00
19.04.2023 00:15;9,49
19.04.2023 00:30;5,00
19.04.2023 00:45;5,51
19.04.2023 01:00;6,62
19.04.2023 01:15;5,00
19.04.2023 01:30;6,24
19.04.2023 01:45;7,11
19.04.2023 02:00;7,88
19.04.2023 02:15;7,54
19.04.2023 02:30;5,61
19.04.2023 02:45;5,66
19.04.2023 03:00;10,66
19.04.2023 03:15;7,86
19.04.2023 03:30;5,00
19.04.2023 03:45;6,16
19.04.2023 04:00;5,29
19.04.2023 04:15;5,69
19.04.2023 04:30;5,00
19.04.2023 04:45;5,13
19.04.2023 05:00;9,58
19.04.2023 05:15;6,51
19.04.2023 05:30;3,88
19.04.2023 05:45;5,75
19.04.2023 06:00;5,70
19.04.2023 06:15;0,00
19.04.2023 06:30;1,67
19.04.2023 06:45;0,00
19.04.2023 07:00;9,72
19.04.2023 07:15;22,95
19.04.2023 07:30;11,32
19.04.2023 07:45;9,13
19.04.2023 08:00;13,03
19.04.2023 08:15;13,98
19.04.2023 08:30;16,82
19.04.2023 08:45;14,34
19.04.2023 09:00;11,21
19.04.2023 09:15;14,66
19.04.2023 09:30;17,09
19.04.2023 09:45;16,50
19.04.2023 10:00;19,58
19.04.2023 10:15;20,26
19.04.2023 10:30;11,43
19.04.2023 10:45;25,66
19.04.2023 11:00;12,11
19.04.2023 11:15;13,42
19.04.2023 11:30;22,01
19.04.2023 11:45;17,03
19.04.2023 12:00;14,89
19.04.2023 12:15;21,81
19.04.2023 12:30;14,37
19.04.2023 12:45;13,31
19.04.2023 13:00;25,89
19.04.2023 13:15;26,77
19.04.2023 13:30;18,97
19.04.2023 13:45;26,42
19.04.2023 14:00;30,33
19.04.2023 14:15;23,23
19.04.2023 14:30;13,81
19.04.2023 14:45;20,67
19.04.2023 15:00;20,01
19.04.2023 15:15;13,90
19.04.2023 15:30;18,50
19.04.2023 15:45;22,29
19.04.2023 16:00;15,31
19.04.2023 16:15;18,38
19.04.2023 16:30;19,14
19.04.2023 16:45;16,43
19.04.2023 17:00;17,23
19.04.2023 17:15;19,46
19.04.2023 17:30;23,36
19.04.2023 17:45;15,01
19.04.2023 18:00;16,39
19.04.2023 18:15;2,23
19.04.2023 18:30;4,48
19.04.2023 18:45;4,78
19.04.2023 19:00;6,93
19.04.2023 19:15;6,35
19.04.2023 19:30;7,50
19.04.2023 19:45;5,00
19.04.2023 20:00;5,28
19.04.2023 20:15;5,51
19.04.2023 20:30;6,87
19.04.2023 20:45;5,00
19.04.2023 21:00;7,79
19.04.2023 21:15;8,33
19.04.2023 21:30;5,00
19.04.2023 21:45;5,00
19.04.2023 22:00;5,00
19.04.2023 22:15;11,22
19.04.2023 22:30;5,10
19.04.2023 22:45;9,31
19.04.2023 23:00;5,00
19.04.2023 23:15;5,00
19.04.2023 23:30;5,00
19.04.2023 23:45;5,00
20.04.2023 00:00;5,41
20.04.2023 00:15;5,00
20.04.2023 00:30;5,00
20.04.2023 00:45;8,26
20.04.2023 01:00;8,39
20.04.2023 01:15;7,84
20.04.2023 01:30;6,99
20.04.2023 01:45;6,13
20.04.2023 02:00;5,00
20.04.2023 02:15;5,00
20.04.2023 02:30;6,67
20.04.2023 02:45;5,00
20.04.2023 03:00;5,00
20.04.2023 03:15;8,25
20.04.2023 03:30;9,74
20.04.2023 03:45;6,73
20.04.2023 04:00;8,15
20.04.2023 04:15;5,45
20.04.2023 04:30;5,00
20.04.2023 04:45;7,17
20.04.2023 05:00;7,08
20.04.2023 05:15;5,68
20.04.2023 05:30;3,79
20.04.2023 05:45;6,81
20.04.2023 06:00;1,77
20.04.2023 06:15;0,99
20.04.2023 06:30;4,31
20.04.2023 06:45;1,43
20.04.2023 07:00;10,32
20.04.2023 07:15;12,76
20.04.2023 07:30;13,86
20.04.2023 07:45;13,19
20.04.2023 08:00;8,13
20.04.2023 08:15;13,04
20.04.2023 08:30;20,73
20.04.2023 08:45;22,00
20.04.2023 09:00;16,67
20.04.2023 09:15;24,40
20.04.2023 09:30;20,69
20.04.2023 09:45;16,03
20.04.2023 10:00;11,28
20.04.2023 10:15;12,61
20.04.2023 10:30;16,68
20.04.2023 10:45;17,15
20.04.2023 11:00;26,12
20.04.2023 11:15;9,39
20.04.2023 11:30;18,53
20.04.2023 11:45;15,01
20.04.2023 12:00;17,80
20.04.2023 12:15;19,35
20.04.2023 12:30;22,86
20.04.2023 12:45;29,40
20.04.2023 13:00;10,96
20.04.2023 13:15;22,86
20.04.2023 13:30;9,97
20.04.2023 13:45;26,30
20.04.2023 14:00;20,37
20.04.2023 14:15;25,60
20.04.2023 14:30;17,25
20.04.2023 14:45;25,09
20.04.2023 15:00;17,97
20.04.2023 15:15;18,54
20.04.2023 15:30;13,10
20.04.2023 15:45;22,39
20.04.2023 16:00;16,73
20.04.2023 16:15;21,63
20.04.2023 16:30;20,29
20.04.2023 16:45;19,94
20.04.2023 17:00;16,39
20.04.2023 17:15;23,99
20.04.2023 17:30;15,14
20.04.2023 17:45;14,39
20.04.2023 18:00;17,56
20.04.2023 18:15;4,46
20.04.2023 18:30;3,62
20.04.2023 18:45;9,25
20.04.2023 19:00;5,00
20.04.2023 19:15;6,31
20.04.2023 19:30;6,08
20.04.2023 19:45;5,00
20.04.2023 20:00;5,41
20.04.2023 20:15;6,84
20.04.2023 20:30;6,65
20.04.2023 20:45;7,75
20.04.2023 21:00;5,17
20.04.2023 21:15;7,37
20.04.2023 21:30;5,00
20.04.2023 21:45;5,00
20.04.2023 22:00;5,00
20.04.2023 22:15;5,00
20.04.2023 22:30;7,96
20.04.2023 22:45;5,00
20.04.2023 23:00;6,49
20.04.2023 23:15;5,41
20.04.2023 23:30;5,74
20.04.2023 23:45;8,67
21.04.2023 00:00;5,05
21.04.2023 00:15;7,15
21.04.2023 00:30;6,00
21.04.2023 00:45;5,62
21.04.2023 01:00;10,53
21.04.2023 01:15;5,00
21.04.2023 01:30;8,50
21.04.2023 01:45;7,24
21.04.2023 02:00;5,00
21.04.2023 02:15;9,19
21.04.2023 02:30;5,00
21.04.2023 02:45;5,00
21.04.2023 03:00;5,00
21.04.2023 03:15;6,75
21.04.2023 03:30;5,00
21.04.2023 03:45;6,79
21.04.2023 04:00;5,55
21.04.2023 04:15;5,00
21.04.2023 04:30;6,70
21.04.2023 04:45;5,39
21.04.2023 05:00;5,00
21.04.2023 05:15;11,13
21.04.2023 05:30;3,23
21.04.2023 05:45;2,52
21.04.2023 06:00;1,77
21.04.2023 06:15;0,68
21.04.2023 06:30;1,91
21.04.2023 06:45;1,25
21.04.2023 07:00;14,34
21.04.2023 07:15;11,15
21.04.2023 07:30;16,55
21.04.2023 07:45;17,51
21.04.2023 08:00;13,60
21.04.2023 08:15;23,97
21.04.2023 08:30;22,50
21.04.2023 08:45;11,29
21.04.2023 09:00;11,36
21.04.2023 09:15;20,53
21.04.2023 09:30;12,09
21.04.2023 09:45;12,20
21.04.2023 10:00;16,95
21.04.2023 10:15;16,43
21.04.2023 10:30;12,46
21.04.2023 10:45;11,04
21.04.2023 11:00;14,85
21.04.2023 11:15;23,63
21.04.2023 11:30;12,53
21.04.2023 11:45;11,54
21.04.2023 12:00;32,44
21.04.2023 12:15;14,78
21.04.2023 12:30;11,84
21.04.2023 12:45;15,79
21.04.2023 13:00;16,40
21.04.2023 13:15;26,19
21.04.2023 13:30;15,50
21.04.2023 13:45;18,80
21.04.2023 14:00;16,13
21.04.2023 14:15;24,15
21.04.2023 14:30;27,16
21.04.2023 14:45;16,15
21.04.2023 15:00;20,00
21.04.2023 15:15;20,57
21.04.2023 15:30;21,69
21.04.2023 15:45;22,14
21.04.2023 16:00;23,21
21.04.2023 16:15;17,86
21.04.2023 16:30;24,86
21.04.2023 16:45;15,02
21.04.2023 17:00;18,82
21.04.2023 17:15;23,56
21.04.2023 17:30;17,39
21.04.2023 17:45;18,23
21.04.2023 18:00;14,53
21.04.2023 18:15;2,39
21.04.2023 18:30;4,54
21.04.2023 18:45;4,34
21.04.2023 19:00;5,00
21.04.2023 19:15;5,00
21.04.2023 19:30;5,01
21.04.2023 19:45;5,87
21.04.2023 20:00;6,47
21.04.2023 20:15;5,00
21.04.2023 20:30;8,07
21.04.2023 20:45;5,51
21.04.2023 21:00;5,00
21.04.2023 21:15;6,38
21.04.2023 21:30;9,85
21.04.2023 21:45;6,60
21.04.2023 22:00;5,20
21.04.2023 22:15;5,00
21.04.2023 22:30;5,49
21.04.2023 22:45;6,40
21.04.2023 23:00;5,15
21.04.2023 23:15;5,00
21.04.2023 23:30;5,00
21.04.2023 23:45;8,84
22.04.2023 00:00;5,23
22.04.2023 00:15;5,00
22.04.2023 00:30;5,00
22.04.2023 00:45;5,00
22.04.2023 01:00;5,17
22.04.2023 01:15;5,00
22.04.2023 01:30;5,00
22.04.2023 01:45;5,00
22.04.2023 02:00;5,00
22.04.2023 02:15;5,00
22.04.2023 02:30;5,00
22.04.2023 02:45;5,00
22.04.2023 03:00;5,00
22.04.2023 03:15;5,00
22.04.2023 03:30;5,00
22.04.2023 03:45;5,00
22.04.2023 04:00;5,00
22.04.2023 04:15;5,00
22.04.2023 04:30;5,00
22.04.2023 04:45;5,00
22.04.2023 05:00;5,00
22.04.2023 05:15;4,38
22.04.2023 05:30;2,98
22.04.2023 05:45;3,16
22.04.2023 06:00;2,87
22.04.2023 06:15;0,91
22.04.2023 06:30;0,00
22.04.2023 06:45;0,00
22.04.2023 07:00;0,00
22.04.2023 07:15;2,09
22.04.2023 07:30;0,00
22.04.2023 07:45;0,00
22.04.2023 08:00;4,32
22.04.2023 08:15;0,00
22.04.2023 08:30;0,56
22.04.2023 08:45;8,76
22.04.2023 09:00;0,00
22.04.2023 09:15;0,00
22.04.2023 09:30;5,48
22.04.2023 09:45;0,00
22.04.2023 10:00;0,00
22.04.2023 10:15;2,63
22.04.2023 10:30;6,62
22.04.2023 10:45;0,00
22.04.2023 11:00;0,00
22.04.2023 11:15;1,70
22.04.2023 11:30;0,00
22.04.2023 11:45;6,31
22.04.2023 12:00;0,00
22.04.2023 12:15;0,00
22.04.2023 12:30;0,00
22.04.2023 12:45;0,00
22.04.2023 13:00;0,00
22.04.2023 13:15;0,00
22.04.2023 13:30;0,00
22.04.2023 13:45;4,46
22.04.2023 14:00;0,00
22.04.2023 14:15;0,00
22.04.2023 14:30;0,00
22.04.2023 14:45;0,00
22.04.2023 15:00;6,77
22.04.2023 15:15;5,83
22.04.2023 15:30;6,26
22.04.2023 15:45;0,00
22.04.2023 16:00;2,26
22.04.2023 16:15;0,00
22.04.2023 16:30;6,47
22.04.2023 16:45;0,00
22.04.2023 17:00;5,99
22.04.2023 17:15;1,43
22.04.2023 17:30;3,84
22.04.2023 17:45;1,68
22.04.2023 18:00;2,64
22.04.2023 18:15;2,31
22.04.2023 18:30;3,98
22.04.2023 18:45;4,20
22.04.2023 19:00;5,00
22.04.2023 19:15;5,00
22.04.2023 19:30;5,00
22.04.2023 19:45;5,00
22.04.2023 20:00;5,38
22.04.2023 20:15;5,00
22.04.2023 20:30;5,00
22.04.2023 20:45;5,00
22.04.2023 21:00;5,00
22.04.2023 21:15;5,00
22.04.2023 21:30;5,00
22.04.2023 21:45;5,00
22.04.2023 22:00;5,72
22.04.2023 22:15;5,00
22.04.2023 22:30;5,00
22.04.2023 22:45;5,00
22.04.2023 23:00;5,00
22.04.2023 23:15;5,00
22.04.2023 23:30;5,00
22.04.2023 23:45;5,00
23.04.2023 00:00;5,00
23.04.2023 00:15;5,00
23.04.2023 00:30;5,00
23.04.2023 00:45;5,00
23.04.2023 01:00;5,00
23.04.2023 01:15;5,00
23.04.2023 01:30;5,00
23.04.2023 01:45;5,00
23.04.2023 02:00;5,00
23.04.2023 02:15;5,00
23.04.2023 02:30;5,00
23.04.2023 02:45;5,56
23.04.2023 03:00;5,47
23.04.2023 03:15;5,00
23.04.2023 03:30;5,00
23.04.2023 03:45;5,52
23.04.2023 04:00;5,00
23.04.2023 04:15;6,37
23.04.2023 04:30;5,00
23.04.2023 04:45;5,51
23.04.2023 05:00;5,00
23.04.2023 05:15;3,88
23.04.2023 05:30;3,95
23.04.2023 05:45;1,65
23.04.2023 06:00;0,15
23.04.2023 06:15;4,39
23.04.2023 06:30;0,00
23.04.2023 06:45;0,00
23.04.2023 07:00;0,00
23.04.2023 07:15;0,00
23.04.2023 07:30;0,00
23.04.2023 07:45;2,71
23.04.2023 08:00;2,24
23.04.2023 08:15;8,48
23.04.2023 08:30;0,00
23.04.2023 08:45;8,99
23.04.2023 09:00;0,00
23.04.2023 09:15;0,00
23.04.2023 09:30;0,00
23.04.2023 09:45;4,80
23.04.2023 10:00;5,00
23.04.2023 10:15;1,80
23.04.2023 10:30;0,00
23.04.2023 10:45;0,00
23.04.2023 11:00;0,00
23.04.2023 11:15;2,63
23.04.2023 11:30;0,00
23.04.2023 11:45;0,00
23.04.2023 12:00;0,00
23.04.2023 12:15;0,00
23.04.2023 12:30;0,00
23.04.2023 12:45;0,00
23.04.2023 13:00;0,00
23.04.2023 13:15;0,00
23.04.2023 13:30;0,23
23.04.2023 13:45;0,00
23.04.2023 14:00;0,00
23.04.2023 14:15;5,07
23.04.2023 14:30;2,30
23.04.2023 14:45;0,00
23.04.2023 15:00;0,00
23.04.2023 15:15;0,00
23.04.2023 15:30;0,00
23.04.2023 15:45;0,00
23.04.2023 16:00;0,32
23.04.2023 16:15;0,10
23.04.2023 16:30;3,84
23.04.2023 16:45;9,35
23.04.2023 17:00;2,02
23.04.2023 17:15;1,94
23.04.2023 17:30;1,67
23.04.2023 17:45;2,97
23.04.2023 18:00;1,70
23.04.2023 18:15;2,36
23.04.2023 18:30;3,69
23.04.2023 18:45;3,91
23.04.2023 19:00;5,00
23.04.2023 19:15;5,00
23.04.2023 19:30;5,23
23.04.2023 19:45;5,00
23.04.2023 20:00;5,00
23.04.2023 20:15;5,00
23.04.2023 20:30;5,65
23.04.2023 20:45;5,00
23.04.2023 21:00;5,00
23.04.2023 21:15;5,00
23.04.2023 21:30;5,00
23.04.2023 21:45;5,00
23.04.2023 22:00;5,00
23.04.2023 22:15;5,00
23.04.2023 22:30;5,00
23.04.2023 22:45;5,00
23.04.2023 23:00;5,00
23.04.2023 23:15;5,00
23.04.2023 23:30;5,00
23.04.2023 23:45;5,00
24.04.2023 00:00;5,32
24.04.2023 00:15;5,00
24.04.2023 00:30;5,00
24.04.2023 00:45;7,27
24.04.2023 01:00;5,47
24.04.2023 01:15;5,11
24.04.2023 01:30;5,00
24.04.2023 01:45;5,00
24.04.2023 02:00;6,52
24.04.2023 02:15;5,00
24.04.2023 02:30;7,87
24.04.2023 02:45;5,00
24.04.2023 03:00;5,58
24.04.2023 03:15;5,00
24.04.2023 03:30;5,86
24.04.2023 03:45;5,22
24.04.2023 04:00;5,78
24.04.2023 04:15;8,82
24.04.2023 04:30;6,24
24.04.2023 04:45;5,00
24.04.2023 05:00;4,89
24.04.2023 05:15;5,97
24.04.2023 05:30;6,23
24.04.2023 05:45;3,25
24.04.2023 06:00;4,23
24.04.2023 06:15;0,88
24.04.2023 06:30;4,76
24.04.2023 06:45;4,13
24.04.2023 07:00;18,47
24.04.2023 07:15;15,28
24.04.2023 07:30;11,63
24.04.2023 07:45;13,63
24.04.2023 08:00;11,70
24.04.2023 08:15;8,18
24.04.2023 08:30;11,77
24.04.2023 08:45;12,60
24.04.2023 09:00;21,94
24.04.2023 09:15;20,25
24.04.2023 09:30;10,76
24.04.2023 09:45;14,00
24.04.2023 10:00;16,64
24.04.2023 10:15;14,78
24.04.2023 10:30;16,36
24.04.2023 10:45;11,50
24.04.2023 11:00;20,67
24.04.2023 11:15;23,73
24.04.2023 11:30;27,85
24.04.2023 11:45;14,37
24.04.2023 12:00;18,83
24.04.2023 12:15;10,10
24.04.2023 12:30;15,91
24.04.2023 12:45;20,07
24.04.2023 13:00;23,16
24.04.2023 13:15;13,06
24.04.2023 13:30;16,25
24.04.2023 13:45;18,62
24.04.2023 14:00;15,58
24.04.2023 14:15;14,14
24.04.2023 14:30;21,41
24.04.2023 14:45;16,94
24.04.2023 15:00;13,81
24.04.2023 15:15;15,55
24.04.2023 15:30;15,61
24.04.2023 15:45;16,07
24.04.2023 16:00;16,55
24.04.2023 16:15;20,34
24.04.2023 16:30;12,32
24.04.2023 16:45;14,01
24.04.2023 17:00;17,17
24.04.2023 17:15;14,34
24.04.2023 17:30;16,32
24.04.2023 17:45;16,73
24.04.2023 18:00;20,92
24.04.2023 18:15;2,10
24.04.2023 18:30;7,31
24.04.2023 18:45;4,09
24.04.2023 19:00;5,88
24.04.2023 19:15;5,00
24.04.2023 19:30;5,00
24.04.2023 19:45;5,00
24.04.2023 20:00;5,00
24.04.2023 20:15;5,46
24.04.2023 20:30;5,07
24.04.2023 20:45;9,58
24.04.2023 21:00;5,00
24.04.2023 21:15;6,09
24.04.2023 21:30;6,38
24.04.2023 21:45;5,00
24.04.2023 22:00;7,25
24.04.2023 22:15;5,08
24.04.2023 22:30;5,00
24.04.2023 22:45;7,20
24.04.2023 23:00;5,00
24.04.2023 23:15;5,00
24.04.2023 23:30;7,26
24.04.2023 23:45;5,19
25.04.2023 00:00;7,70
25.04.2023 00:15;8,29
25.04.2023 00:30;5,00
25.04.2023 00:45;7,45
25.04.2023 01:00;5,00
25.04.2023 01:15;10,33
25.04.2023 01:30;5,00
25.04.2023 01:45;7,92
25.04.2023 02:00;7,55
25.04.2023 02:15;6,50
25.04.2023 02:30;5,00
25.04.2023 02:45;5,56
25.04.2023 03:00;5,00
25.04.2023 03:15;6,31
25.04.2023 03:30;6,56
25.04.2023 03:45;6,13
25.04.2023 04:00;5,00
25.04.2023 04:15;5,00
25.04.2023 04:30;5,00
25.04.2023 04:45;6,45
25.04.2023 05:00;6,27
25.04.2023 05:15;4,91
25.04.2023 05:30;5,27
25.04.2023 05:45;2,75
25.04.2023 06:00;4,94
25.04.2023 06:15;1,17
25.04.2023 06:30;4,30
25.04.2023 06:45;0,00
25.04.2023 07:00;14,76
25.04.2023 07:15;15,31
25.04.2023 07:30;8,05
25.04.2023 07:45;15,81
25.04.2023 08:00;17,52
25.04.2023 08:15;17,62
25.04.2023 08:30;16,67
25.04.2023 08:45;19,75
25.04.2023 09:00;14,08
25.04.2023 09:15;16,36
25.04.2023 09:30;15,07
25.04.2023 09:45;10,93
25.04.2023 10:00;13,30
25.04.2023 10:15;14,05
25.04.2023 10:30;21,12
25.04.2023 10:45;19,19
25.04.2023 11:00;18,89
25.04.2023 11:15;22,60
25.04.2023 11:30;21,89
25.04.2023 11:45;20,15
25.04.2023 12:00;22,35
25.04.2023 12:15;22,47
25.04.2023 12:30;10,26
25.04.2023 12:45;27,27
25.04.2023 13:00;25,44
25.04.2023 13:15;14,27
25.04.2023 13:30;22,60
25.04.2023 13:45;11,65
25.04.2023 14:00;22,69
25.04.2023 14:15;19,23
25.04.2023 14:30;17,04
25.04.2023 14:45;24,46
25.04.2023 15:00;15,13
25.04.2023 15:15;19,63
25.04.2023 15:30;15,16
25.04.2023 15:45;19,19
25.04.2023 16:00;13,38
25.04.2023 16:15;16,47
25.04.2023 16:30;14,15
25.04.2023 16:45;13,65
25.04.2023 17:00;14,61
25.04.2023 17:15;17,27
25.04.2023 17:30;18,20
25.04.2023 17:45;16,88
25.04.2023 18:00;15,58
25.04.2023 18:15;2,13
25.04.2023 18:30;3,73
25.04.2023 18:45;7,52
25.04.2023 19:00;6,80
25.04.2023 19:15;5,00
25.04.2023 19:30;7,39
25.04.2023 19:45;7,71
25.04.2023 20:00;6,11
25.04.2023 20:15;9,06
25.04.2023 20:30;6,30
25.04.2023 20:45;5,00
25.04.2023 21:00;6,60
25.04.2023 21:15;6,35
25.04.2023 21:30;5,00
25.04.2023 21:45;7,01
25.04.2023 22:00;5,00
25.04.2023 22:15;7,85
25.04.2023 22:30;5,00
25.04.2023 22:45;5,00
25.04.2023 23:00;5,64
25.04.2023 23:15;6,73
25.04.2023 23:30;6,19
25.04.2023 23:45;5,00
26.04.2023 00:00;5,00
26.04.2023 00:15;5,00
26.04.2023 00:30;5,40
26.04.2023 00:45;8,00
26.04.2023 01:00;5,84
26.04.2023 01:15;7,57
26.04.2023 01:30;8,76
26.04.2023 01:45;5,00
26.04.2023 02:00;5,48
26.04.2023 02:15;10,19
26.04.2023 02:30;8,74
26.04.2023 02:45;5,00
26.04.2023 03:00;6,62
26.04.2023 03:15;5,85
26.04.2023 03:30;7,50
26.04.2023 03:45;5,00
26.04.2023 04:00;5,00
26.04.2023 04:15;5,00
26.04.2023 04:30;5,00
26.04.2023 04:45;7,48
26.04.2023 05:00;4,71
26.04.2023 05:15;3,48
26.04.2023 05:30;2,64
26.04.2023 05:45;4,48
26.04.2023 06:00;6,17
26.04.2023 06:15;0,00
26.04.2023 06:30;0,63
26.04.2023 06:45;0,13
26.04.2023 07:00;13,98
26.04.2023 07:15;16,79
26.04.2023 07:30;11,13
26.04.2023 07:45;9,29
26.04.2023 08:00;7,76
26.04.2023 08:15;16,15
26.04.2023 08:30;13,25
26.04.2023 08:45;14,28
26.04.2023 09:00;16,25
26.04.2023 09:15;15,77
26.04.2023 09:30;16,15
26.04.2023 09:45;19,72
26.04.2023 10:00;11,56
26.04.2023 10:15;20,49
26.04.2023 10:30;15,13
26.04.2023 10:45;16,03
26.04.2023 11:00;21,76
26.04.2023 11:15;17,63
26.04.2023 11:30;13,61
26.04.2023 11:45;18,19
26.04.2023 12:00;13,20
26.04.2023 12:15;22,89
26.04.2023 12:30;25,30
26.04.2023 12:45;13,00
26.04.2023 13:00;21,06
26.04.2023 13:15;12,04
26.04.2023 13:30;16,07
26.04.2023 13:45;13,26
26.04.2023 14:00;17,09
26.04.2023 14:15;22,78
26.04.2023 14:30;14,39
26.04.2023 14:45;20,75
26.04.2023 15:00;13,50
26.04.2023 15:15;13,66
26.04.2023 15:30;11,10
26.04.2023 15:45;22,17
26.04.2023 16:00;15,54
26.04.2023 16:15;16,25
26.04.2023 16:30;25,77
26.04.2023 16:45;13,44
26.04.2023 17:00;16,45
26.04.2023 17:15;11,75
26.04.2023 17:30;14,45
26.04.2023 17:45;17,97
26.04.2023 18:00;14,31
26.04.2023 18:15;2,15
26.04.2023 18:30;3,99
26.04.2023 18:45;5,75
26.04.2023 19:00;6,44
26.04.2023 19:15;5,70
26.04.2023 19:30;8,04
26.04.2023 19:45;7,79
26.04.2023 20:00;6,68
26.04.2023 20:15;5,96
26.04.2023 20:30;7,16
26.04.2023 20:45;6,48
26.04.2023 21:00;7,97
26.04.2023 21:15;7,65
26.04.2023 21:30;5,00
26.04.2023 21:45;5,00
26.04.2023 22:00;5,00
26.04.2023 22:15;7,80
26.04.2023 22:30;5,00
26.04.2023 22:45;6,64
26.04.2023 23:00;6,57
26.04.2023 23:15;8,17
26.04.2023 23:30;6,21
26.04.2023 23:45;5,00
27.04.2023 00:00;5,00
27.04.2023 00:15;5,00
27.04.2023 00:30;5,00
27.04.2023 00:45;5,47
27.04.2023 01:00;5,00
27.04.2023 01:15;8,78
27.04.2023 01:30;5,00
27.04.2023 01:45;8,53
27.04.2023 02:00;8,20
27.04.2023 02:15;7,63
27.04.2023 02:30;5,00
27.04.2023 02:45;6,52
27.04.2023 03:00;5,00
27.04.2023 03:15;7,66
27.04.2023 03:30;5,69
27.04.2023 03:45;5,02
27.04.2023 04:00;5,00
27.04.2023 04:15;5,00
27.04.2023 04:30;5,00
27.04.2023 04:45;8,06
27.04.2023 05:00;4,68
27.04.2023 05:15;4,99
27.04.2023 05:30;5,50
27.04.2023 05:45;8,90
27.04.2023 06:00;5,09
27.04.2023 06:15;1,51
27.04.2023 06:30;0,23
27.04.2023 06:45;1,56
27.04.2023 07:00;20,23
27.04.2023 07:15;15,00
27.04.2023 07:30;13,92
27.04.2023 07:45;11,45
27.04.2023 08:00;9,12
27.04.2023 08:15;12,18
27.04.2023 08:30;14,65
27.04.2023 08:45;20,48
27.04.2023 09:00;11,51
27.04.2023 09:15;19,95
27.04.2023 09:30;16,57
27.04.2023 09:45;18,59
27.04.2023 10:00;19,81
27.04.2023 10:15;18,08
27.04.2023 10:30;12,08
27.04.2023 10:45;10,33
27.04.2023 11:00;7,17
27.04.2023 11:15;9,36
27.04.2023 11:30;17,92
27.04.2023 11:45;9,78
27.04.2023 12:00;14,40
27.04.2023 12:15;14,58
27.04.2023 12:30;21,24
27.04.2023 12:45;17,65
27.04.2023 13:00;17,52
27.04.2023 13:15;23,20
27.04.2023 13:30;14,19
27.04.2023 13:45;26,16
27.04.2023 14:00;14,12
27.04.2023 14:15;14,05
27.04.2023 14:30;11,59
27.04.2023 14:45;24,17
27.04.2023 15:00;18,93
27.04.2023 15:15;16,67
27.04.2023 15:30;23,36
27.04.2023 15:45;22,26
27.04.2023 16:00;18,58
27.04.2023 16:15;14,59
27.04.2023 16:30;15,31
27.04.2023 16:45;15,13
27.04.2023 17:00;18,01
27.04.2023 17:15;16,51
27.04.2023 17:30;16,99
27.04.2023 17:45;14,87
27.04.2023 18:00;16,61
27.04.2023 18:15;7,72
27.04.2023 18:30;5,22
27.04.2023 18:45;4,01
27.04.2023 19:00;6,73
27.04.2023 19:15;6,99
27.04.2023 19:30;6,85
27.04.2023 19:45;8,06
27.04.2023 20:00;8,04
27.04.2023 20:15;5,58
27.04.2023 20:30;7,12
27.04.2023 20:45;5,07
27.04.2023 21:00;5,00
27.04.2023 21:15;5,30
27.04.2023 21:30;5,68
27.04.2023 21:45;5,00
27.04.2023 22:00;7,56
27.04.2023 22:15;5,00
27.04.2023 22:30;11,26
27.04.2023 22:45;8,84
27.04.2023 23:00;5,31
27.04.2023 23:15;5,85
27.04.2023 23:30;6,44
27.04.2023 23:45;5,00
28.04.2023 00:00;6,20
28.04.2023 00:15;5,53
28.04.2023 00:30;5,63
28.04.2023 00:45;6,18
28.04.2023 01:00;5,00
28.04.2023 01:15;5,90
28.04.2023 01:30;6,15
28.04.2023 01:45;6,08
28.04.2023 02:00;5,39
28.04.2023 02:15;8,09
28.04.2023 02:30;5,11
28.04.2023 02:45;6,27
28.04.2023 03:00;8,41
28.04.2023 03:15;5,66
28.04.2023 03:30;6,25
28.04.2023 03:45;5,63
28.04.2023 04:00;8,29
28.04.2023 04:15;5,30
28.04.2023 04:30;8,39
28.04.2023 04:45;5,61
28.04.2023 05:00;4,93
28.04.2023 05:15;5,32
28.04.2023 05:30;3,21
28.04.2023 05:45;3,87
28.04.2023 06:00;0,00
28.04.2023 06:15;2,37
28.04.2023 06:30;0,00
28.04.2023 06:45;0,00
28.04.2023 07:00;9,89
28.04.2023 07:15;9,43
28.04.2023 07:30;15,31
28.04.2023 07:45;15,99
28.04.2023 08:00;18,38
28.04.2023 08:15;12,09
28.04.2023 08:30;18,53
28.04.2023 08:45;23,34
28.04.2023 09:00;17,23
28.04.2023 09:15;14,65
28.04.2023 09:30;18,85
28.04.2023 09:45;11,43
28.04.2023 10:00;8,21
28.04.2023 10:15;14,59
28.04.2023 10:30;18,78
28.04.2023 10:45;21,47
28.04.2023 11:00;16,23
28.04.2023 11:15;15,61
28.04.2023 11:30;23,47
28.04.2023 11:45;8,41
28.04.2023 12:00;20,48
28.04.2023 12:15;13,32
28.04.2023 12:30;19,81
28.04.2023 12:45;10,73
28.04.2023 13:00;26,30
28.04.2023 13:15;9,87
28.04.2023 13:30;28,33
28.04.2023 13:45;23,27
28.04.2023 14:00;15,37
28.04.2023 14:15;24,96
28.04.2023 14:30;21,34
28.04.2023 14:45;22,56
28.04.2023 15:00;24,03
28.04.2023 15:15;20,13
28.04.2023 15:30;14,39
28.04.2023 15:45;11,58
28.04.2023 16:00;15,47
28.04.2023 16:15;17,68
28.04.2023 16:30;13,92
28.04.2023 16:45;21,14
28.04.2023 17:00;23,17
28.04.2023 17:15;19,99
28.04.2023 17:30;15,28
28.04.2023 17:45;10,78
28.04.2023 18:00;16,86
28.04.2023 18:15;2,01
28.04.2023 18:30;3,45
28.04.2023 18:45;3,64
28.04.2023 19:00;4,85
28.04.2023 19:15;5,00
28.04.2023 19:30;5,57
28.04.2023 19:45;5,00
28.04.2023 20:00;5,00
28.04.2023 20:15;5,00
28.04.2023 20:30;5,51
28.04.2023 20:45;5,00
28.04.2023 21:00;7,63
28.04.2023 21:15;6,63
28.04.2023 21:30;5,68
28.04.2023 21:45;5,00
28.04.2023 22:00;6,58
28.04.2023 22:15;7,20
28.04.2023 22:30;6,10
28.04.2023 22:45;9,03
28.04.2023 23:00;6,74
28.04.2023 23:15;7,65
28.04.2023 23:30;6,09
28.04.2023 23:45;7,17
29.04.2023 00:00;5,00
29.04.2023 00:15;5,00
29.04.2023 00:30;5,00
29.04.2023 00:45;5,00
29.04.2023 01:00;5,00
29.04.2023 01:15;5,00
29.04.2023 01:30;5,00
29.04.2023 01:45;5,00
29.04.2023 02:00;5,00
29.04.2023 02:15;5,00
29.04.2023 02:30;9,08
29.04.2023 02:45;5,00
29.04.2023 03:00;5,00
29.04.2023 03:15;5,00
29.04.2023 03:30;5,00
29.04.2023 03:45;5,00
29.04.2023 04:00;5,00
29.04.2023 04:15;5,00
29.04.2023 04:30;5,00
29.04.2023 04:45;5,01
29.04.2023 05:00;4,68
29.04.2023 05:15;3,74
29.04.2023 05:30;2,26
29.04.2023 05:45;1,77
29.04.2023 06:00;0,00
29.04.2023 06:15;1,09
29.04.2023 06:30;0,50
29.04.2023 06:45;0,00
29.04.2023 07:00;1,48
29.04.2023 07:15;2,49
29.04.2023 07:30;0,00
29.04.2023 07:45;0,48
29.04.2023 08:00;2,82
29.04.2023 08:15;0,29
29.04.2023 08:30;0,00
29.04.2023 08:45;0,00
29.04.2023 09:00;0,09
29.04.2023 09:15;0,43
29.04.2023 09:30;0,00
29.04.2023 09:45;0,00
29.04.2023 10:00;0,00
29.04.2023 10:15;4,35
29.04.2023 10:30;0,00
29.04.2023 10:45;0,00
29.04.2023 11:00;0,00
29.04.2023 11:15;0,00
29.04.2023 11:30;2,07
29.04.2023 11:45;0,00
29.04.2023 12:00;0,00
29.04.2023 12:15;0,00
29.04.2023 12:30;0,35
29.04.2023 12:45;0,00
29.04.2023 13:00;0,00
29.04.2023 13:15;0,00
29.04.2023 13:30;0,00
29.04.2023 13:45;0,00
29.04.2023 14:00;1,31
29.04.2023 14:15;2,88
29.04.2023 14:30;0,00
29.04.2023 14:45;12,24
29.04.2023 15:00;3,58
29.04.2023 15:15;5,25
29.04.2023 15:30;0,00
29.04.2023 15:45;0,00
29.04.2023 16:00;4,36
29.04.2023 16:15;0,00
29.04.2023 16:30;0,00
29.04.2023 16:45;0,00
29.04.2023 17:00;0,00
29.04.2023 17:15;2,44
29.04.2023 17:30;3,45
29.04.2023 17:45;2,17
29.04.2023 18:00;4,45
29.04.2023 18:15;3,33
29.04.2023 18:30;3,51
29.04.2023 18:45;3,71
29.04.2023 19:00;4,35
29.04.2023 19:15;5,00
29.04.2023 19:30;5,00
29.04.2023 19:45;5,36
29.04.2023 20:00;5,00
29.04.2023 20:15;5,38
29.04.2023 20:30;5,00
29.04.2023 20:45;5,00
29.04.2023 21:00;5,00
29.04.2023 21:15;5,00
29.04.2023 21:30;5,00
29.04.2023 21:45;5,00
29.04.2023 22:00;5,00
29.04.2023 22:15;5,00
29.04.2023 22:30;5,00
29.04.2023 22:45;5,00
29.04.2023 23:00;5,00
29.04.2023 23:15;5,00
29.04.2023 23:30;5,00
29.04.2023 23:45;5,00
30.04.2023 00:00;5,00
30.04.2023 00:15;5,00
30.04.2023 00:30;5,00
30.04.2023 00:45;5,00
30.04.2023 01:00;5,00
30.04.2023 01:15;5,00
30.04.2023 01:30;5,00
30.04.2023 01:45;5,00
30.04.2023 02:00;5,00
30.04.2023 02:15;5,00
30.04.2023 02:30;5,00
30.04.2023 02:45;5,00
30.04.2023 03:00;5,00
30.04.2023 03:15;5,00
30.04.2023 03:30;5,00
30.04.2023 03:45;5,00
30.04.2023 04:00;5,00
30.04.2023 04:15;5,00
30.04.2023 04:30;5,00
30.04.2023 04:45;5,00
30.04.2023 05:00;4,31
30.04.2023 05:15;3,48
30.04.2023 05:30;1,68
30.04.2023 05:45;2,74
30.04.2023 06:00;1,38
30.04.2023 06:15;0,09
30.04.2023 06:30;0,39
30.04.2023 06:45;0,00
30.04.2023 07:00;0,00
30.04.2023 07:15;1,11
30.04.2023 07:30;5,93
30.04.2023 07:45;0,00
30.04.2023 08:00;1,51
30.04.2023 08:15;0,00
30.04.2023 08:30;0,00
30.04.2023 08:45;0,00
30.04.2023 09:00;0,00
30.04.2023 09:15;0,00
30.04.2023 09:30;0,00
30.04.2023 09:45;0,00
30.04.2023 10:00;5,07
30.04.2023 10:15;0,00
30.04.2023 10:30;0,00
30.04.2023 10:45;0,00
30.04.2023 11:00;0,00
30.04.2023 11:15;0,00
30.04.2023 11:30;0,00
30.04.2023 11:45;0,94
30.04.2023 12:00;0,00
30.04.2023 12:15;1,41
30.04.2023 12:30;0,00
30.04.2023 12:45;0,00
30.04.2023 13:00;5,10
30.04.2023 13:15;0,00
30.04.2023 13:30;0,00
30.04.2023 13:45;1,44
30.04.2023 14:00;0,00
30.04.2023 14:15;6,66
30.04.2023 14:30;0,00
30.04.2023 14:45;0,25
30.04.2023 15:00;1,76
30.04.2023 15:15;0,00
30.04.2023 15:30;0,00
30.04.2023 15:45;0,00
30.04.2023 16:00;4,53
30.04.2023 16:15;1,31
30.04.2023 16:30;0,51
30.04.2023 16:45;1,14
30.04.2023 17:00;1,14
30.04.2023 17:15;9,12
30.04.2023 17:30;4,91
30.04.2023 17:45;1,26
30.04.2023 18:00;2,07
30.04.2023 18:15;2,24
30.04.2023 18:30;3,85
30.04.2023 18:45;3,25
30.04.2023 19:00;4,07
30.04.2023 19:15;5,00
30.04.2023 19:30;5,00
30.04.2023 19:45;5,00
30.04.2023 20:00;6,04
30.04.2023 20:15;5,00
30.04.2023 20:30;5,00
30.04.2023 20:45;5,00
30.04.2023 21:00;5,00
30.04.2023 21:15;5,00
30.04.2023 21:30;5,00
30.04.2023 21:45;5,00
30.04.2023 22:00;5,00
30.04.2023 22:15;5,00
30.04.2023 22:30;5,00
30.04.2023 22:45;5,38
30.04.2023 23:00;5,00
30.04.2023 23:15;5,00
30.04.2023 23:30;5,00
30.04.2023 23:45;5,00
01.05.2023 00:00;8,41
01.05.2023 00:15;5,00
01.05.2023 00:30;5,00
01.05.2023 00:45;5,00
01.05.2023 01:00;5,00
01.05.2023 01:15;6,45
01.05.2023 01:30;6,35
01.05.2023 01:45;6,56
01.05.2023 02:00;6,97
01.05.2023 02:15;5,00
01.05.2023 02:30;5,00
01.05.2023 02:45;6,57
01.05.2023 03:00;5,00
01.05.2023 03:15;5,00
01.05.2023 03:30;7,72
01.05.2023 03:45;8,56
01.05.2023 04:00;8,89
01.05.2023 04:15;6,15
01.05.2023 04:30;7,03
01.05.2023 04:45;8,51
01.05.2023 05:00;4,37
01.05.2023 05:15;6,58
01.05.2023 05:30;3,94
01.05.2023 05:45;2,94
01.05.2023 06:00;1,47
01.05.2023 06:15;4,27
01.05.2023 06:30;0,00
01.05.2023 06:45;0,00
01.05.2023 07:00;20,21
01.05.2023 07:15;14,26
01.05.2023 07:30;13,02
01.05.2023 07:45;18,73
01.05.2023 08:00;13,40
01.05.2023 08:15;18,70
01.05.2023 08:30;9,37
01.05.2023 08:45;14,16
01.05.2023 09:00;22,87
01.05.2023 09:15;5,97
01.05.2023 09:30;8,90
01.05.2023 09:45;19,76
01.05.2023 10:00;20,23
01.05.2023 10:15;10,63
01.05.2023 10:30;9,72
01.05.2023 10:45;12,44
01.05.2023 11:00;13,35
01.05.2023 11:15;9,50
01.05.2023 11:30;17,22
01.05.2023 11:45;14,31
01.05.2023 12:00;21,94
01.05.2023 12:15;19,31
01.05.2023 12:30;18,68
01.05.2023 12:45;20,70
01.05.2023 13:00;31,26
01.05.2023 13:15;21,79
01.05.2023 13:30;10,45
01.05.2023 13:45;18,10
01.05.2023 14:00;16,33
01.05.2023 14:15;22,81
01.05.2023 14:30;18,44
01.05.2023 14:45;10,24
01.05.2023 15:00;11,56
01.05.2023 15:15;16,67
01.05.2023 15:30;20,08
01.05.2023 15:45;13,17
01.05.2023 16:00;14,02
01.05.2023 16:15;24,13
01.05.2023 16:30;21,04
01.05.2023 16:45;18,66
01.05.2023 17:00;16,80
01.05.2023 17:15;11,78
01.05.2023 17:30;14,92
01.05.2023 17:45;12,45
01.05.2023 18:00;20,00
01.05.2023 18:15;3,71
01.05.2023 18:30;3,36
01.05.2023 18:45;5,99
01.05.2023 19:00;4,40
01.05.2023 19:15;10,82
01.05.2023 19:30;5,00
01.05.2023 19:45;5,53
01.05.2023 20:00;5,00
01.05.2023 20:15;6,75
01.05.2023 20:30;5,00
01.05.2023 20:45;5,98
01.05.2023 21:00;5,00
01.05.2023 21:15;5,00
01.05.2023 21:30;5,00
01.05.2023 21:45;6,23
01.05.2023 22:00;5,00
01.05.2023 22:15;5,00
01.05.2023 22:30;7,10
01.05.2023 22:45;10,98
01.05.2023 23:00;6,73
01.05.2023 23:15;5,00
01.05.2023 23:30;5,04
01.05.2023 23:45;5,84
02.05.2023 00:00;5,06
02.05.2023 00:15;7,57
02.05.2023 00:30;6,19
02.05.2023 00:45;7,57
02.05.2023 01:00;5,13
02.05.2023 01:15;8,41
02.05.2023 01:30;5,43
02.05.2023 01:45;5,00
02.05.2023 02:00;10,11
02.05.2023 02:15;5,00
02.05.2023 02:30;5,00
02.05.2023 02:45;5,00
02.05.2023 03:00;10,78
02.05.2023 03:15;9,37
02.05.2023 03:30;8,75
02.05.2023 03:45;5,10
02.05.2023 04:00;10,61
02.05.2023 04:15;6,50
02.05.2023 04:30;7,71
02.05.2023 04:45;6,11
02.05.2023 05:00;4,93
02.05.2023 05:15;4,14
02.05.2023 05:30;2,83
02.05.2023 05:45;5,04
02.05.2023 06:00;2,40
02.05.2023 06:15;1,54
02.05.2023 06:30;3,13
02.05.2023 06:45;0,00
02.05.2023 07:00;13,78
02.05.2023 07:15;15,67
02.05.2023 07:30;16,64
02.05.2023 07:45;8,73
02.05.2023 08:00;8,63
02.05.2023 08:15;17,20
02.05.2023 08:30;17,10
02.05.2023 08:45;20,95
02.05.2023 09:00;15,49
02.05.2023 09:15;25,02
02.05.2023 09:30;13,00
02.05.2023 09:45;7,86
02.05.2023 10:00;26,56
02.05.2023 10:15;22,91
02.05.2023 10:30;22,13
02.05.2023 10:45;25,10
02.05.2023 11:00;9,44
02.05.2023 11:15;13,74
02.05.2023 11:30;12,57
02.05.2023 11:45;21,86
02.05.2023 12:00;28,28
02.05.2023 12:15;10,02
02.05.2023 12:30;21,33
02.05.2023 12:45;19,29
02.05.2023 13:00;10,22
02.05.2023 13:15;13,29
02.05.2023 13:30;9,22
02.05.2023 13:45;21,25
02.05.2023 14:00;19,04
02.05.2023 14:15;23,81
02.05.2023 14:30;9,97
02.05.2023 14:45;15,64
02.05.2023 15:00;15,18
02.05.2023 15:15;27,50
02.05.2023 15:30;23,07
02.05.2023 15:45;23,84
02.05.2023 16:00;16,25
02.05.2023 16:15;20,99
02.05.2023 16:30;16,36
02.05.2023 16:45;16,40
02.05.2023 17:00;17,73
02.05.2023 17:15;19,36
02.05.2023 17:30;20,07
02.05.2023 17:45;7,48
02.05.2023 18:00;12,59
02.05.2023 18:15;4,53
02.05.2023 18:30;4,31
02.05.2023 18:45;7,88
02.05.2023 19:00;7,81
02.05.2023 19:15;4,99
02.05.2023 19:30;5,00
02.05.2023 19:45;5,00
02.05.2023 20:00;5,00
02.05.2023 20:15;5,00
02.05.2023 20:30;6,62
02.05.2023 20:45;5,00
02.05.2023 21:00;6,97
02.05.2023 21:15;7,02
02.05.2023 21:30;5,00
02.05.2023 21:45;8,86
02.05.2023 22:00;6,79
02.05.2023 22:15;7,26
02.05.2023 22:30;5,00
02.05.2023 22:45;7,00
02.05.2023 23:00;8,01
02.05.2023 23:15;5,56
02.05.2023 23:30;9,76
02.05.2023 23:45;5,85
03.05.2023 00:00;8,03
03.05.2023 00:15;6,33
03.05.2023 00:30;6,92
03.05.2023 00:45;5,00
03.05.2023 01:00;6,49
03.05.2023 01:15;5,00
03.05.2023 01:30;5,00
03.05.2023 01:45;9,23
03.05.2023 02:00;5,32
03.05.2023 02:15;5,00
03.05.2023 02:30;5,03
03.05.2023 02:45;5,00
03.05.2023 03:00;8,61
03.05.2023 03:15;5,00
03.05.2023 03:30;6,80
03.05.2023 03:45;8,46
03.05.2023 04:00;5,00
03.05.2023 04:15;6,81
03.05.2023 04:30;5,00
03.05.2023 04:45;10,58
03.05.2023 05:00;6,68
03.05.2023 05:15;3,79
03.05.2023 05:30;1,67
03.05.2023 05:45;3,27
03.05.2023 06:00;0,00
03.05.2023 06:15;6,02
03.05.2023 06:30;0,00
03.05.2023 06:45;0,00
03.05.2023 07:00;10,08
03.05.2023 07:15;15,32
03.05.2023 07:30;8,33
03.05.2023 07:45;11,81
03.05.2023 08:00;22,67
03.05.2023 08:15;17,67
03.05.2023 08:30;15,93
03.05.2023 08:45;12,93
03.05.2023 09:00;8,77
03.05.2023 09:15;12,83
03.05.2023 09:30;13,46
03.05.2023 09:45;16,71
03.05.2023 10:00;9,40
03.05.2023 10:15;8,10
03.05.2023 10:30;10,60
03.05.2023 10:45;11,34
03.05.2023 11:00;12,19
03.05.2023 11:15;19,11
03.05.2023 11:30;15,52
03.05.2023 11:45;32,13
03.05.2023 12:00;19,96
03.05.2023 12:15;19,68
03.05.2023 12:30;11,12
03.05.2023 12:45;17,71
03.05.2023 13:00;15,31
03.05.2023 13:15;26,81
03.05.2023 13:30;26,37
03.05.2023 13:45;22,21
03.05.2023 14:00;10,88
03.05.2023 14:15;22,16
03.05.2023 14:30;17,69
03.05.2023 14:45;18,27
03.05.2023 15:00;26,06
03.05.2023 15:15;22,06
03.05.2023 15:30;16,63
03.05.2023 15:45;17,29
03.05.2023 16:00;9,15
03.05.2023 16:15;22,40
03.05.2023 16:30;16,70
03.05.2023 16:45;15,67
03.05.2023 17:00;15,68
03.05.2023 17:15;17,35
03.05.2023 17:30;12,91
03.05.2023 17:45;12,78
03.05.2023 18:00;13,00
03.05.2023 18:15;4,09
03.05.2023 18:30;1,31
03.05.2023 18:45;6,19
03.05.2023 19:00;7,84
03.05.2023 19:15;6,98
03.05.2023 19:30;5,00
03.05.2023 19:45;8,75
03.05.2023 20:00;8,90
03.05.2023 20:15;5,78
03.05.2023 20:30;8,39
03.05.2023 20:45;5,00
03.05.2023 21:00;5,00
03.05.2023 21:15;5,00
03.05.2023 21:30;9,20
03.05.2023 21:45;5,00
03.05.2023 22:00;5,74
03.05.2023 22:15;5,81
03.05.2023 22:30;5,00
03.05.2023 22:45;5,00
03.05.2023 23:00;5,89
03.05.2023 23:15;5,00
03.05.2023 23:30;5,00
03.05.2023 23:45;6,17
04.05.2023 00:00;7,88
04.05.2023 00:15;7,47
04.05.2023 00:30;5,00
04.05.2023 00:45;5,00
04.05.2023 01:00;5,16
04.05.2023 01:15;8,86
04.05.2023 01:30;7,02
04.05.2023 01:45;7,14
04.05.2023 02:00;7,51
04.05.2023 02:15;6,57
04.05.2023 02:30;5,97
04.05.2023 02:45;7,05
04.05.2023 03:00;5,00
04.05.2023 03:15;5,00
04.05.2023 03:30;7,18
04.05.2023 03:45;8,20
04.05.2023 04:00;5,00
04.05.2023 04:15;7,37
04.05.2023 04:30;9,09
04.05.2023 04:45;5,48
04.05.2023 05:00;4,16
04.05.2023 05:15;4,45
04.05.2023 05:30;1,95
04.05.2023 05:45;0,92
04.05.2023 06:00;2,41
04.05.2023 06:15;1,44
04.05.2023 06:30;0,00
04.05.2023 06:45;0,00
04.05.2023 07:00;9,97
04.05.2023 07:15;14,84
04.05.2023 07:30;17,82
04.05.2023 07:45;11,49
04.05.2023 08:00;14,06
04.05.2023 08:15;10,30
04.05.2023 08:30;25,23
04.05.2023 08:45;13,80
04.05.2023 09:00;9,82
04.05.2023 09:15;17,01
04.05.2023 09:30;13,95
04.05.2023 09:45;18,66
04.05.2023 10:00;19,18
04.05.2023 10:15;12,49
04.05.2023 10:30;16,84
04.05.2023 10:45;18,14
04.05.2023 11:00;13,43
04.05.2023 11:15;19,09
04.05.2023 11:30;19,28
04.05.2023 11:45;16,63
04.05.2023 12:00;22,29
04.05.2023 12:15;16,18
04.05.2023 12:30;18,27
04.05.2023 12:45;10,31
04.05.2023 13:00;32,65
04.05.2023 13:15;9,84
04.05.2023 13:30;16,53
04.05.2023 13:45;21,19
04.05.2023 14:00;24,24
04.05.2023 14:15;24,07
04.05.2023 14:30;13,21
04.05.2023 14:45;11,52
04.05.2023 15:00;16,69
04.05.2023 15:15;18,35
04.05.2023 15:30;16,46
04.05.2023 15:45;18,71
04.05.2023 16:00;18,62
04.05.2023 16:15;15,22
04.05.2023 16:30;16,11
04.05.2023 16:45;9,19
04.05.2023 17:00;18,75
04.05.2023 17:15;19,65
04.05.2023 17:30;18,96
04.05.2023 17:45;12,45
04.05.2023 18:00;15,06
04.05.2023 18:15;3,55
04.05.2023 18:30;2,30
04.05.2023 18:45;4,27
04.05.2023 19:00;4,61
04.05.2023 19:15;7,01
04.05.2023 19:30;5,49
04.05.2023 19:45;5,03
04.05.2023 20:00;5,37
04.05.2023 20:15;5,00
04.05.2023 20:30;5,01
04.05.2023 20:45;9,79
04.05.2023 21:00;5,00
04.05.2023 21:15;5,17
04.05.2023 21:30;5,00
04.05.2023 21:45;5,23
04.05.2023 22:00;5,07
04.05.2023 22:15;6,29
04.05.2023 22:30;5,00
04.05.2023 22:45;7,80
04.05.2023 23:00;6,99
04.05.2023 23:15;5,00
04.05.2023 23:30;5,00
04.05.2023 23:45;5,00
05.05.2023 00:00;5,23
05.05.2023 00:15;10,88
05.05.2023 00:30;6,80
05.05.2023 00:45;5,00
05.05.2023 01:00;5,00
05.05.2023 01:15;5,61
05.05.2023 01:30;6,22
05.05.2023 01:45;5,00
05.05.2023 02:00;5,44
05.05.2023 02:15;5,00
05.05.2023 02:30;5,00
05.05.2023 02:45;6,23
05.05.2023 03:00;7,26
05.05.2023 03:15;7,40
05.05.2023 03:30;6,86
05.05.2023 03:45;5,00
05.05.2023 04:00;7,14
05.05.2023 04:15;6,33
05.05.2023 04:30;5,98
05.05.2023 04:45;4,61
05.05.2023 05:00;3,63
05.05.2023 05:15;4,87
05.05.2023 05:30;7,90
05.05.2023 05:45;4,61
05.05.2023 06:00;0,00
05.05.2023 06:15;1,04
05.05.2023 06:30;0,20
05.05.2023 06:45;7,77
05.05.2023 07:00;8,34
05.05.2023 07:15;9,64
05.05.2023 07:30;13,38
05.05.2023 07:45;13,22
05.05.2023 08:00;15,87
05.05.2023 08:15;12,49
05.05.2023 08:30;15,37
05.05.2023 08:45;21,78
05.05.2023 09:00;9,80
05.05.2023 09:15;27,73
05.05.2023 09:30;13,21
05.05.2023 09:45;13,97
05.05.2023 10:00;12,20
05.05.2023 10:15;16,61
05.05.2023 10:30;18,77
05.05.2023 10:45;17,62
05.05.2023 11:00;12,13
05.05.2023 11:15;18,10
05.05.2023 11:30;25,89
05.05.2023 11:45;16,02
05.05.2023 12:00;21,80
05.05.2023 12:15;17,12
05.05.2023 12:30;14,79
05.05.2023 12:45;17,29
05.05.2023 13:00;16,59
05.05.2023 13:15;17,12
05.05.2023 13:30;22,63
05.05.2023 13:45;31,57
05.05.2023 14:00;23,18
05.05.2023 14:15;13,11
05.05.2023 14:30;10,83
05.05.2023 14:45;10,08
05.05.2023 15:00;11,22
05.05.2023 15:15;11,87
05.05.2023 15:30;15,05
05.05.2023 15:45;14,62
05.05.2023 16:00;15,98
05.05.2023 16:15;6,39
05.05.2023 16:30;18,60
05.05.2023 16:45;14,87
05.05.2023 17:00;14,14
05.05.2023 17:15;13,78
05.05.2023 17:30;14,46
05.05.2023 17:45;11,07
05.05.2023 18:00;15,17
05.05.2023 18:15;2,18
05.05.2023 18:30;4,07
05.05.2023 18:45;7,45
05.05.2023 19:00;3,79
05.05.2023 19:15;5,04
05.05.2023 19:30;5,00
05.05.2023 19:45;5,11
05.05.2023 20:00;7,00
05.05.2023 20:15;7,16
05.05.2023 20:30;5,87
05.05.2023 20:45;7,49
05.05.2023 21:00;10,81
05.05.2023 21:15;9,14
05.05.2023 21:30;5,00
05.05.2023 21:45;5,00
05.05.2023 22:00;5,00
05.05.2023 22:15;5,00
05.05.2023 22:30;6,62
05.05.2023 22:45;5,00
05.05.2023 23:00;5,57
05.05.2023 23:15;7,39
05.05.2023 23:30;5,51
05.05.2023 23:45;5,00
06.05.2023 00:00;5,00
06.05.2023 00:15;5,00
06.05.2023 00:30;5,00
06.05.2023 00:45;5,00
06.05.2023 01:00;5,00
06.05.2023 01:15;5,00
06.05.2023 01:30;5,00
06.05.2023 01:45;5,00
06.05.2023 02:00;5,00
06.05.2023 02:15;5,00
06.05.2023 02:30;5,00
06.05.2023 02:45;5,00
06.05.2023 03:00;5,00
06.05.2023 03:15;5,00
06.05.2023 03:30;5,00
06.05.2023 03:45;5,00
06.05.2023 04:00;5,00
06.05.2023 04:15;5,00
06.05.2023 04:30;5,00
06.05.2023 04:45;4,64
06.05.2023 05:00;3,86
06.05.2023 05:15;3,19
06.05.2023 05:30;3,45
06.05.2023 05:45;1,84
06.05.2023 06:00;1,55
06.05.2023 06:15;0,00
06.05.2023 06:30;0,03
06.05.2023 06:45;0,22
06.05.2023 07:00;0,81
06.05.2023 07:15;5,58
06.05.2023 07:30;0,00
06.05.2023 07:45;0,00
06.05.2023 08:00;0,00
06.05.2023 08:15;0,00
06.05.2023 08:30;2,32
06.05.2023 08:45;0,00
06.05.2023 09:00;0,00
06.05.2023 09:15;0,00
06.05.2023 09:30;0,00
06.05.2023 09:45;0,00
06.05.2023 10:00;0,00
06.05.2023 10:15;2,17
06.05.2023 10:30;0,00
06.05.2023 10:45;0,00
06.05.2023 11:00;7,28
06.05.2023 11:15;5,46
06.05.2023 11:30;0,00
06.05.2023 11:45;0,00
06.05.2023 12:00;0,00
06.05.2023 12:15;0,00
06.05.2023 12:30;3,76
06.05.2023 12:45;6,14
06.05.2023 13:00;0,00
06.05.2023 13:15;0,00
06.05.2023 13:30;0,32
06.05.2023 13:45;0,00
06.05.2023 14:00;0,00
06.05.2023 14:15;0,00
06.05.2023 14:30;0,00
06.05.2023 14:45;3,77
06.05.2023 15:00;3,01
06.05.2023 15:15;0,43
06.05.2023 15:30;0,00
06.05.2023 15:45;0,00
06.05.2023 16:00;2,59
06.05.2023 16:15;9,37
06.05.2023 16:30;4,23
06.05.2023 16:45;0,00
06.05.2023 17:00;1,44
06.05.2023 17:15;3,94
06.05.2023 17:30;6,65
06.05.2023 17:45;3,94
06.05.2023 18:00;5,24
06.05.2023 18:15;1,32
06.05.2023 18:30;2,94
06.05.2023 18:45;2,24
06.05.2023 19:00;3,69
06.05.2023 19:15;4,66
06.05.2023 19:30;5,63
06.05.2023 19:45;5,00
06.05.2023 20:00;5,00
06.05.2023 20:15;5,00
06.05.2023 20:30;5,00
06.05.2023 20:45;5,00
06.05.2023 21:00;5,00
06.05.2023 21:15;5,40
06.05.2023 21:30;5,00
06.05.2023 21:45;5,00
06.05.2023 22:00;5,00
06.05.2023 22:15;5,00
06.05.2023 22:30;5,00
06.05.2023 22:45;5,00
06.05.2023 23:00;5,00
06.05.2023 23:15;5,00
06.05.2023 23:30;5,00
06.05.2023 23:45;5,00
07.05.2023 00:00;5,00
07.05.2023 00:15;5,00
07.05.2023 00:30;5,00
07.05.2023 00:45;5,00
07.05.2023 01:00;5,00
07.05.2023 01:15;5,00
07.05.2023 01:30;5,00
07.05.2023 01:45;5,00
07.05.2023 02:00;5,00
07.05.2023 02:15;5,00
07.05.2023 02:30;5,00
07.05.2023 02:45;6,31
07.05.2023 03:00;5,00
07.05.2023 03:15;5,00
07.05.2023 03:30;5,00
07.05.2023 03:45;5,00
07.05.2023 04:00;5,00
07.05.2023 04:15;5,00
07.05.2023 04:30;5,00
07.05.2023 04:45;4,56
07.05.2023 05:00;4,39
07.05.2023 05:15;3,62
07.05.2023 05:30;2,19
07.05.2023 05:45;3,40
07.05.2023 06:00;1,20
07.05.2023 06:15;0,00
07.05.2023 06:30;1,46
07.05.2023 06:45;0,00
07.05.2023 07:00;3,72
07.05.2023 07:15;0,00
07.05.2023 07:30;2,39
07.05.2023 07:45;0,00
07.05.2023 08:00;1,77
07.05.2023 08:15;0,00
07.05.2023 08:30;3,97
07.05.2023 08:45;0,00
07.05.2023 09:00;0,00
07.05.2023 09:15;0,00
07.05.2023 09:30;0,00
07.05.2023 09:45;0,00
07.05.2023 10:00;3,41
07.05.2023 10:15;0,00
07.05.2023 10:30;0,00
07.05.2023 10:45;0,00
07.05.2023 11:00;0,00
07.05.2023 11:15;0,00
07.05.2023 11:30;0,00
07.05.2023 11:45;0,04
07.05.2023 12:00;0,00
07.05.2023 12:15;1,96
07.05.2023 12:30;0,00
07.05.2023 12:45;4,07
07.05.2023 13:00;0,00
07.05.2023 13:15;0,00
07.05.2023 13:30;4,05
07.05.2023 13:45;1,77
07.05.2023 14:00;1,10
07.05.2023 14:15;0,00
07.05.2023 14:30;4,99
07.05.2023 14:45;0,00
07.05.2023 15:00;5,70
07.05.2023 15:15;0,00
07.05.2023 15:30;0,00
07.05.2023 15:45;1,19
07.05.2023 16:00;0,34
07.05.2023 16:15;8,77
07.05.2023 16:30;6,02
07.05.2023 16:45;4,03
07.05.2023 17:00;2,71
07.05.2023 17:15;9,18
07.05.2023 17:30;0,00
07.05.2023 17:45;1,73
07.05.2023 18:00;5,81
07.05.2023 18:15;1,67
07.05.2023 18:30;3,20
07.05.2023 18:45;3,72
07.05.2023 19:00;3,99
07.05.2023 19:15;4,37
07.05.2023 19:30;5,00
07.05.2023 19:45;5,00
07.05.2023 20:00;5,00
07.05.2023 20:15;5,00
07.05.2023 20:30;5,00
07.05.2023 20:45;5,00
07.05.2023 21:00;5,00
07.05.2023 21:15;5,00
07.05.2023 21:30;5,00
07.05.2023 21:45;5,00
07.05.2023 22:00;5,00
07.05.2023 22:15;6,12
07.05.2023 22:30;5,00
07.05.2023 22:45;5,00
07.05.2023 23:00;5,00
07.05.2023 23:15;5,00
07.05.2023 23:30;5,00
07.05.2023 23:45;5,00
08.05.2023 00:00;6,19
08.05.2023 00:15;7,27
08.05.2023 00:30;7,09
08.05.2023 00:45;6,68
08.05.2023 01:00;5,00
08.05.2023 01:15;6,02
08.05.2023 01:30;5,00
08.05.2023 01:45;5,71
08.05.2023 02:00;6,33
08.05.2023 02:15;9,03
08.05.2023 02:30;5,00
08.05.2023 02:45;6,63
08.05.2023 03:00;8,63
08.05.2023 03:15;7,19
08.05.2023 03:30;7,34
08.05.2023 03:45;6,85
08.05.2023 04:00;8,27
08.05.2023 04:15;5,00
08.05.2023 04:30;5,00
08.05.2023 04:45;5,22
08.05.2023 05:00;4,16
08.05.2023 05:15;5,37
08.05.2023 05:30;4,77
08.05.2023 05:45;0,71
08.05.2023 06:00;0,00
08.05.2023 06:15;1,63
08.05.2023 06:30;0,00
08.05.2023 06:45;0,00
08.05.2023 07:00;14,57
08.05.2023 07:15;17,21
08.05.2023 07:30;15,70
08.05.2023 07:45;9,07
08.05.2023 08:00;14,61
08.05.2023 08:15;16,97
08.05.2023 08:30;13,42
08.05.2023 08:45;13,67
08.05.2023 09:00;20,37
08.05.2023 09:15;19,75
08.05.2023 09:30;16,85
08.05.2023 09:45;16,76
08.05.2023 10:00;6,42
08.05.2023 10:15;14,22
08.05.2023 10:30;21,65
08.05.2023 10:45;18,58
08.05.2023 11:00;15,74
08.05.2023 11:15;16,83
08.05.2023 11:30;24,77
08.05.2023 11:45;14,81
08.05.2023 12:00;19,07
08.05.2023 12:15;13,63
08.05.2023 12:30;15,58
08.05.2023 12:45;25,59
08.05.2023 13:00;12,49
08.05.2023 13:15;23,41
08.05.2023 13:30;31,54
08.05.2023 13:45;13,28
08.05.2023 14:00;31,30
08.05.2023 14:15;10,50
08.05.2023 14:30;18,25
08.05.2023 14:45;14,78
08.05.2023 15:00;21,68
08.05.2023 15:15;15,75
08.05.2023 15:30;15,43
08.05.2023 15:45;15,10
08.05.2023 16:00;17,44
08.05.2023 16:15;27,02
08.05.2023 16:30;11,27
08.05.2023 16:45;14,65
08.05.2023 17:00;10,20
08.05.2023 17:15;13,98
08.05.2023 17:30;14,19
08.05.2023 17:45;13,61
08.05.2023 18:00;11,37
08.05.2023 18:15;3,14
08.05.2023 18:30;4,14
08.05.2023 18:45;4,49
08.05.2023 19:00;3,97
08.05.2023 19:15;4,85
08.05.2023 19:30;5,00
08.05.2023 19:45;6,01
08.05.2023 20:00;5,35
08.05.2023 20:15;5,00
08.05.2023 20:30;6,06
08.05.2023 20:45;7,72
08.05.2023 21:00;5,24
08.05.2023 21:15;6,21
08.05.2023 21:30;6,22
08.05.2023 21:45;5,00
08.05.2023 22:00;9,78
08.05.2023 22:15;5,00
08.05.2023 22:30;6,98
08.05.2023 22:45;7,21
08.05.2023 23:00;5,39
08.05.2023 23:15;6,88
08.05.2023 23:30;6,16
08.05.2023 23:45;5,00
09.05.2023 00:00;5,00
09.05.2023 00:15;5,00
09.05.2023 00:30;5,00
09.05.2023 00:45;5,00
09.05.2023 01:00;7,91
09.05.2023 01:15;8,86
09.05.2023 01:30;7,61
09.05.2023 01:45;8,20
09.05.2023 02:00;5,00
09.05.2023 02:15;5,00
09.05.2023 02:30;5,00
09.05.2023 02:45;6,94
09.05.2023 03:00;6,11
09.05.2023 03:15;5,50
09.05.2023 03:30;8,25
09.05.2023 03:45;6,47
09.05.2023 04:00;5,00
09.05.2023 04:15;5,00
09.05.2023 04:30;7,02
09.05.2023 04:45;6,88
09.05.2023 05:00;5,96
09.05.2023 05:15;6,26
09.05.2023 05:30;4,70
09.05.2023 05:45;2,85
09.05.2023 06:00;0,00
09.05.2023 06:15;0,10
09.05.2023 06:30;0,00
09.05.2023 06:45;0,00
09.05.2023 07:00;11,93
09.05.2023 07:15;13,33
09.05.2023 07:30;10,60
09.05.2023 07:45;12,77
09.05.2023 08:00;10,23
09.05.2023 08:15;13,93
09.05.2023 08:30;16,77
09.05.2023 08:45;15,49
09.05.2023 09:00;10,84
09.05.2023 09:15;15,56
09.05.2023 09:30;4,94
09.05.2023 09:45;15,89
09.05.2023 10:00;9,65
09.05.2023 10:15;14,75
09.05.2023 10:30;14,58
09.05.2023 10:45;22,56
09.05.2023 11:00;15,09
09.05.2023 11:15;23,20
09.05.2023 11:30;15,06
09.05.2023 11:45;14,23
09.05.2023 12:00;17,83
09.05.2023 12:15;10,96
09.05.2023 12:30;32,41
09.05.2023 12:45;18,55
09.05.2023 13:00;18,04
09.05.2023 13:15;16,03
09.05.2023 13:30;18,45
09.05.2023 13:45;12,24
09.05.2023 14:00;16,28
09.05.2023 14:15;17,59
09.05.2023 14:30;12,20
09.05.2023 14:45;16,12
09.05.2023 15:00;21,36
09.05.2023 15:15;15,57
09.05.2023 15:30;15,39
09.05.2023 15:45;22,33
09.05.2023 16:00;13,92
09.05.2023 16:15;15,49
09.05.2023 16:30;13,13
09.05.2023 16:45;15,19
09.05.2023 17:00;13,57
09.05.2023 17:15;11,77
09.05.2023 17:30;12,10
09.05.2023 17:45;13,18
09.05.2023 18:00;17,87
09.05.2023 18:15;5,45
09.05.2023 18:30;3,34
09.05.2023 18:45;1,81
09.05.2023 19:00;5,14
09.05.2023 19:15;4,25
09.05.2023 19:30;5,15
09.05.2023 19:45;6,82
09.05.2023 20:00;7,14
09.05.2023 20:15;7,00
09.05.2023 20:30;6,25
09.05.2023 20:45;5,27
09.05.2023 21:00;6,73
09.05.2023 21:15;5,00
09.05.2023 21:30;5,00
09.05.2023 21:45;5,78
09.05.2023 22:00;6,00
09.05.2023 22:15;5,00
09.05.2023 22:30;6,57
09.05.2023 22:45;7,20
09.05.2023 23:00;5,50
09.05.2023 23:15;10,41
09.05.2023 23:30;5,00
09.05.2023 23:45;5,00
10.05.2023 00:00;5,00
10.05.2023 00:15;5,49
10.05.2023 00:30;5,00
10.05.2023 00:45;5,00
10.05.2023 01:00;5,00
10.05.2023 01:15;5,45
10.05.2023 01:30;8,10
10.05.2023 01:45;10,05
10.05.2023 02:00;8,31
10.05.2023 02:15;5,00
10.05.2023 02:30;5,00
10.05.2023 02:45;5,32
10.05.2023 03:00;9,21
10.05.2023 03:15;5,31
10.05.2023 03:30;5,00
10.05.2023 03:45;5,00
10.05.2023 04:00;7,16
10.05.2023 04:15;7,02
10.05.2023 04:30;5,24
10.05.2023 04:45;6,03
10.05.2023 05:00;2,87
10.05.2023 05:15;2,84
10.05.2023 05:30;4,90
10.05.2023 05:45;1,26
10.05.2023 06:00;0,00
10.05.2023 06:15;0,00
10.05.2023 06:30;2,12
10.05.2023 06:45;0,00
10.05.2023 07:00;8,06
10.05.2023 07:15;8,28
10.05.2023 07:30;19,45
10.05.2023 07:45;10,33
10.05.2023 08:00;8,38
10.05.2023 08:15;14,71
10.05.2023 08:30;9,54
10.05.2023 08:45;13,74
10.05.2023 09:00;5,13
10.05.2023 09:15;12,15
10.05.2023 09:30;9,78
10.05.2023 09:45;14,33
10.05.2023 10:00;6,71
10.05.2023 10:15;8,93
10.05.2023 10:30;16,04
10.05.2023 10:45;16,82
10.05.2023 11:00;16,45
10.05.2023 11:15;14,79
10.05.2023 11:30;24,29
10.05.2023 11:45;19,43
10.05.2023 12:00;5,19
10.05.2023 12:15;9,22
10.05.2023 12:30;24,54
10.05.2023 12:45;26,61
10.05.2023 13:00;20,71
10.05.2023 13:15;26,88
10.05.2023 13:30;24,53
10.05.2023 13:45;15,82
10.05.2023 14:00;17,32
10.05.2023 14:15;24,73
10.05.2023 14:30;8,88
10.05.2023 14:45;15,65
10.05.2023 15:00;17,12
10.05.2023 15:15;15,22
10.05.2023 15:30;12,56
10.05.2023 15:45;13,64
10.05.2023 16:00;18,31
10.05.2023 16:15;13,14
10.05.2023 16:30;16,42
10.05.2023 16:45;18,65
10.05.2023 17:00;19,42
10.05.2023 17:15;10,62
10.05.2023 17:30;10,81
10.05.2023 17:45;12,78
10.05.2023 18:00;16,57
10.05.2023 18:15;0,00
10.05.2023 18:30;1,20
10.05.2023 18:45;3,60
10.05.2023 19:00;2,90
10.05.2023 19:15;9,43
10.05.2023 19:30;5,00
10.05.2023 19:45;5,32
10.05.2023 20:00;6,16
10.05.2023 20:15;5,06
10.05.2023 20:30;5,06
10.05.2023 20:45;6,49
10.05.2023 21:00;8,69
10.05.2023 21:15;7,18
10.05.2023 21:30;8,60
10.05.2023 21:45;5,00
10.05.2023 22:00;6,28
10.05.2023 22:15;5,95
10.05.2023 22:30;6,34
10.05.2023 22:45;8,39
10.05.2023 23:00;5,20
10.05.2023 23:15;5,00
10.05.2023 23:30;6,71
10.05.2023 23:45;5,00
11.05.2023 00:00;5,15
11.05.2023 00:15;5,36
11.05.2023 00:30;5,00
11.05.2023 00:45;7,74
11.05.2023 01:00;5,00
11.05.2023 01:15;5,36
11.05.2023 01:30;6,21
11.05.2023 01:45;8,33
11.05.2023 02:00;5,61
11.05.2023 02:15;7,50
11.05.2023 02:30;7,03
11.05.2023 02:45;5,87
11.05.2023 03:00;5,00
11.05.2023 03:15;5,00
11.05.2023 03:30;5,84
11.05.2023 03:45;5,00
11.05.2023 04:00;7,47
11.05.2023 04:15;7,12
11.05.2023 04:30;5,26
11.05.2023 04:45;4,10
11.05.2023 05:00;4,48
11.05.2023 05:15;2,71
11.05.2023 05:30;2,57
11.05.2023 05:45;1,40
11.05.2023 06:00;4,65
11.05.2023 06:15;0,17
11.05.2023 06:30;0,00
11.05.2023 06:45;0,00
11.05.2023 07:00;12,38
11.05.2023 07:15;8,33
11.05.2023 07:30;11,05
11.05.2023 07:45;9,47
11.05.2023 08:00;11,00
11.05.2023 08:15;20,59
11.05.2023 08:30;6,50
11.05.2023 08:45;7,31
11.05.2023 09:00;10,04
11.05.2023 09:15;15,77
11.05.2023 09:30;21,73
11.05.2023 09:45;8,77
11.05.2023 10:00;7,21
11.05.2023 10:15;12,62
11.05.2023 10:30;11,90
11.05.2023 10:45;20,47
11.05.2023 11:00;26,36
11.05.2023 11:15;18,87
11.05.2023 11:30;5,81
11.05.2023 11:45;10,77
11.05.2023 12:00;17,78
11.05.2023 12:15;13,32
11.05.2023 12:30;23,80
11.05.2023 12:45;14,41
11.05.2023 13:00;20,08
11.05.2023 13:15;18,20
11.05.2023 13:30;16,62
11.05.2023 13:45;15,04
11.05.2023 14:00;12,08
11.05.2023 14:15;10,31
11.05.2023 14:30;14,96
11.05.2023 14:45;8,50
11.05.2023 15:00;20,60
11.05.2023 15:15;14,99
11.05.2023 15:30;21,11
11.05.2023 15:45;16,53
11.05.2023 16:00;11,35
11.05.2023 16:15;9,63
11.05.2023 16:30;17,45
11.05.2023 16:45;13,83
11.05.2023 17:00;10,61
11.05.2023 17:15;13,99
11.05.2023 17:30;14,73
11.05.2023 17:45;12,12
11.05.2023 18:00;16,12
11.05.2023 18:15;4,00
11.05.2023 18:30;1,82
11.05.2023 18:45;3,31
11.05.2023 19:00;3,70
11.05.2023 19:15;4,79
11.05.2023 19:30;5,00
11.05.2023 19:45;5,00
11.05.2023 20:00;5,45
11.05.2023 20:15;5,16
11.05.2023 20:30;5,00
11.05.2023 20:45;5,46
11.05.2023 21:00;5,00
11.05.2023 21:15;5,00
11.05.2023 21:30;6,69
11.05.2023 21:45;5,00
11.05.2023 22:00;5,00
11.05.2023 22:15;5,00
11.05.2023 22:30;5,00
11.05.2023 22:45;6,16
11.05.2023 23:00;6,27
11.05.2023 23:15;5,00
11.05.2023 23:30;7,15
11.05.2023 23:45;5,00
12.05.2023 00:00;8,73
12.05.2023 00:15;5,52
12.05.2023 00:30;5,00
12.05.2023 00:45;5,00
12.05.2023 01:00;6,31
12.05.2023 01:15;5,00
12.05.2023 01:30;5,42
12.05.2023 01:45;8,84
12.05.2023 02:00;5,00
12.05.2023 02:15;5,73
12.05.2023 02:30;8,45
12.05.2023 02:45;6,16
12.05.2023 03:00;5,00
12.05.2023 03:15;6,62
12.05.2023 03:30;5,00
12.05.2023 03:45;8,43
12.05.2023 04:00;5,00
12.05.2023 04:15;11,55
12.05.2023 04:30;8,50
12.05.2023 04:45;3,89
12.05.2023 05:00;3,56
12.05.2023 05:15;5,58
12.05.2023 05:30;2,48
12.05.2023 05:45;1,86
12.05.2023 06:00;1,03
12.05.2023 06:15;0,00
12.05.2023 06:30;0,00
12.05.2023 06:45;0,00
12.05.2023 07:00;10,52
12.05.2023 07:15;7,52
12.05.2023 07:30;9,90
12.05.2023 07:45;12,95
12.05.2023 08:00;3,34
12.05.2023 08:15;10,61
12.05.2023 08:30;7,11
12.05.2023 08:45;14,40
12.05.2023 09:00;3,69
12.05.2023 09:15;11,58
12.05.2023 09:30;24,61
12.05.2023 09:45;18,75
12.05.2023 10:00;19,82
12.05.2023 10:15;24,17
12.05.2023 10:30;17,66
12.05.2023 10:45;23,60
12.05.2023 11:00;20,88
12.05.2023 11:15;13,61
12.05.2023 11:30;6,37
12.05.2023 11:45;24,12
12.05.2023 12:00;18,78
12.05.2023 12:15;20,11
12.05.2023 12:30;16,68
12.05.2023 12:45;25,09
12.05.2023 13:00;20,94
12.05.2023 13:15;18,19
12.05.2023 13:30;18,20
12.05.2023 13:45;13,55
12.05.2023 14:00;16,83
12.05.2023 14:15;16,39
12.05.2023 14:30;20,04
12.05.2023 14:45;18,58
12.05.2023 15:00;22,95
12.05.2023 15:15;11,82
12.05.2023 15:30;23,67
12.05.2023 15:45;17,71
12.05.2023 16:00;8,99
12.05.2023 16:15;16,36
12.05.2023 16:30;12,21
12.05.2023 16:45;13,05
12.05.2023 17:00;12,80
12.05.2023 17:15;20,86
12.05.2023 17:30;19,34
12.05.2023 17:45;13,45
12.05.2023 18:00;9,37
12.05.2023 18:15;2,49
12.05.2023 18:30;5,97
12.05.2023 18:45;2,97
12.05.2023 19:00;7,14
12.05.2023 19:15;5,62
12.05.2023 19:30;5,86
12.05.2023 19:45;8,84
12.05.2023 20:00;8,30
12.05.2023 20:15;6,92
12.05.2023 20:30;6,56
12.05.2023 20:45;6,85
12.05.2023 21:00;5,00
12.05.2023 21:15;5,50
12.05.2023 21:30;5,00
12.05.2023 21:45;5,00
12.05.2023 22:00;5,00
12.05.2023 22:15;5,00
12.05.2023 22:30;5,89
12.05.2023 22:45;5,00
12.05.2023 23:00;6,62
12.05.2023 23:15;5,00
12.05.2023 23:30;5,39
12.05.2023 23:45;5,88
13.05.2023 00:00;5,00
13.05.2023 00:15;5,00
13.05.2023 00:30;5,00
13.05.2023 00:45;5,00
13.05.2023 01:00;5,00
13.05.2023 01:15;5,00
13.05.2023 01:30;5,00
13.05.2023 01:45;5,00
13.05.2023 02:00;5,00
13.05.2023 02:15;5,00
13.05.2023 02:30;5,00
13.05.2023 02:45;5,00
13.05.2023 03:00;5,00
13.05.2023 03:15;5,41
13.05.2023 03:30;5,00
13.05.2023 03:45;5,00
13.05.2023 04:00;5,00
13.05.2023 04:15;5,00
13.05.2023 04:30;4,87
13.05.2023 04:45;3,70
13.05.2023 05:00;3,15
13.05.2023 05:15;2,48
13.05.2023 05:30;1,37
13.05.2023 05:45;0,00
13.05.2023 06:00;0,00
13.05.2023 06:15;0,00
13.05.2023 06:30;0,00
13.05.2023 06:45;0,00
13.05.2023 07:00;1,43
13.05.2023 07:15;3,80
13.05.2023 07:30;4,88
13.05.2023 07:45;0,00
13.05.2023 08:00;4,47
13.05.2023 08:15;0,00
13.05.2023 08:30;0,00
13.05.2023 08:45;0,00
13.05.2023 09:00;13,76
13.05.2023 09:15;0,00
13.05.2023 09:30;5,16
13.05.2023 09:45;0,00
13.05.2023 10:00;0,00
13.05.2023 10:15;0,00
13.05.2023 10:30;0,00
13.05.2023 10:45;0,00
13.05.2023 11:00;0,00
13.05.2023 11:15;0,00
13.05.2023 11:30;2,61
13.05.2023 11:45;0,00
13.05.2023 12:00;0,00
13.05.2023 12:15;3,75
13.05.2023 12:30;0,00
13.05.2023 12:45;0,00
13.05.2023 13:00;0,00
13.05.2023 13:15;0,00
13.05.2023 13:30;4,59
13.05.2023 13:45;0,00
13.05.2023 14:00;0,00
13.05.2023 14:15;0,00
13.05.2023 14:30;0,00
13.05.2023 14:45;0,00
13.05.2023 15:00;0,00
13.05.2023 15:15;0,00
13.05.2023 15:30;0,00
13.05.2023 15:45;0,94
13.05.2023 16:00;0,00
13.05.2023 16:15;0,00
13.05.2023 16:30;5,74
13.05.2023 16:45;0,00
13.05.2023 17:00;0,00
13.05.2023 17:15;2,04
13.05.2023 17:30;3,44
13.05.2023 17:45;3,19
13.05.2023 18:00;1,79
13.05.2023 18:15;3,95
13.05.2023 18:30;2,62
13.05.2023 18:45;3,20
13.05.2023 19:00;3,83
13.05.2023 19:15;4,24
13.05.2023 19:30;4,88
13.05.2023 19:45;6,62
13.05.2023 20:00;5,00
13.05.2023 20:15;5,00
13.05.2023 20:30;5,00
13.05.2023 20:45;5,00
13.05.2023 21:00;5,00
13.05.2023 21:15;5,00
13.05.2023 21:30;5,00
13.05.2023 21:45;5,00
13.05.2023 22:00;5,00
13.05.2023 22:15;5,00
13.05.2023 22:30;5,00
13.05.2023 22:45;5,00
13.05.2023 23:00;5,00
13.05.2023 23:15;5,00
13.05.2023 23:30;5,00
13.05.2023 23:45;5,00
14.05.2023 00:00;5,00
14.05.2023 00:15;5,00
14.05.2023 00:30;5,00
14.05.2023 00:45;5,00
14.05.2023 01:00;5,00
14.05.2023 01:15;5,00
14.05.2023 01:30;5,00
14.05.2023 01:45;5,00
14.05.2023 02:00;5,00
14.05.2023 02:15;5,00
14.05.2023 02:30;5,00
14.05.2023 02:45;5,00
14.05.2023 03:00;5,00
14.05.2023 03:15;5,00
14.05.2023 03:30;5,00
14.05.2023 03:45;5,00
14.05.2023 04:00;5,00
14.05.2023 04:15;5,00
14.05.2023 04:30;4,83
14.05.2023 04:45;3,59
14.05.2023 05:00;3,03
14.05.2023 05:15;3,46
14.05.2023 05:30;3,53
14.05.2023 05:45;1,92
14.05.2023 06:00;0,09
14.05.2023 06:15;0,00
14.05.2023 06:30;0,00
14.05.2023 06:45;0,00
14.05.2023 07:00;0,03
14.05.2023 07:15;4,86
14.05.2023 07:30;0,00
14.05.2023 07:45;0,00
14.05.2023 08:00;0,00
14.05.2023 08:15;0,00
14.05.2023 08:30;0,00
14.05.2023 08:45;3,53
14.05.2023 09:00;0,00
14.05.2023 09:15;0,00
14.05.2023 09:30;0,00
14.05.2023 09:45;2,59
14.05.2023 10:00;0,00
14.05.2023 10:15;3,44
14.05.2023 10:30;0,00
14.05.2023 10:45;0,00
14.05.2023 11:00;0,00
14.05.2023 11:15;8,11
14.05.2023 11:30;5,98
14.05.2023 11:45;0,00
14.05.2023 12:00;0,00
14.05.2023 12:15;0,00
14.05.2023 12:30;0,00
14.05.2023 12:45;7,78
14.05.2023 13:00;0,00
14.05.2023 13:15;0,00
14.05.2023 13:30;1,51
14.05.2023 13:45;0,91
14.05.2023 14:00;0,00
14.05.2023 14:15;0,00
14.05.2023 14:30;0,00
14.05.2023 14:45;0,00
14.05.2023 15:00;0,00
14.05.2023 15:15;0,00
14.05.2023 15:30;0,00
14.05.2023 15:45;0,00
14.05.2023 16:00;0,00
14.05.2023 16:15;0,00
14.05.2023 16:30;4,02
14.05.2023 16:45;0,00
14.05.2023 17:00;0,00
14.05.2023 17:15;0,71
14.05.2023 17:30;0,47
14.05.2023 17:45;0,11
14.05.2023 18:00;2,95
14.05.2023 18:15;1,36
14.05.2023 18:30;0,10
14.05.2023 18:45;2,51
14.05.2023 19:00;6,05
14.05.2023 19:15;4,19
14.05.2023 19:30;5,60
14.05.2023 19:45;5,00
14.05.2023 20:00;5,00
14.05.2023 20:15;5,00
14.05.2023 20:30;5,00
14.05.2023 20:45;5,75
14.05.2023 21:00;5,00
14.05.2023 21:15;5,00
14.05.2023 21:30;5,00
14.05.2023 21:45;5,00
14.05.2023 22:00;5,00
14.05.2023 22:15;5,00
14.05.2023 22:30;5,00
14.05.2023 22:45;5,00
14.05.2023 23:00;5,51
14.05.2023 23:15;5,00
14.05.2023 23:30;5,00
14.05.2023 23:45;5,00
15.05.2023 00:00;5,19
15.05.2023 00:15;6,16
15.05.2023 00:30;6,23
15.05.2023 00:45;5,88
15.05.2023 01:00;6,56
15.05.2023 01:15;5,00
15.05.2023 01:30;5,97
15.05.2023 01:45;5,80
15.05.2023 02:00;6,04
15.05.2023 02:15;5,72
15.05.2023 02:30;5,00
15.05.2023 02:45;5,00
15.05.2023 03:00;5,00
15.05.2023 03:15;7,21
15.05.2023 03:30;7,23
15.05.2023 03:45;7,26
15.05.2023 04:00;6,19
15.05.2023 04:15;5,00
15.05.2023 04:30;4,62
15.05.2023 04:45;4,95
15.05.2023 05:00;3,33
15.05.2023 05:15;3,17
15.05.2023 05:30;4,65
15.05.2023 05:45;1,67
15.05.2023 06:00;1,71
15.05.2023 06:15;0,78
15.05.2023 06:30;2,67
15.05.2023 06:45;0,00
15.05.2023 07:00;8,93
15.05.2023 07:15;11,91
15.05.2023 07:30;5,62
15.05.2023 07:45;11,13
15.05.2023 08:00;10,47
15.05.2023 08:15;11,42
15.05.2023 08:30;6,22
15.05.2023 08:45;11,09
15.05.2023 09:00;16,35
15.05.2023 09:15;20,59
15.05.2023 09:30;28,39
15.05.2023 09:45;7,54
15.05.2023 10:00;12,89
15.05.2023 10:15;6,78
15.05.2023 10:30;12,75
15.05.2023 10:45;6,29
15.05.2023 11:00;16,28
15.05.2023 11:15;23,28
15.05.2023 11:30;21,93
15.05.2023 11:45;16,01
15.05.2023 12:00;28,98
15.05.2023 12:15;26,63
15.05.2023 12:30;22,68
15.05.2023 12:45;18,48
15.05.2023 13:00;19,07
15.05.2023 13:15;14,57
15.05.2023 13:30;9,01
15.05.2023 13:45;15,14
15.05.2023 14:00;22,30
15.05.2023 14:15;28,19
15.05.2023 14:30;13,84
15.05.2023 14:45;14,05
15.05.2023 15:00;17,29
15.05.2023 15:15;13,81
15.05.2023 15:30;12,50
15.05.2023 15:45;23,62
15.05.2023 16:00;16,27
15.05.2023 16:15;10,75
15.05.2023 16:30;17,35
15.05.2023 16:45;18,18
15.05.2023 17:00;12,54
15.05.2023 17:15;16,92
15.05.2023 17:30;19,32
15.05.2023 17:45;13,44
15.05.2023 18:00;13,34
15.05.2023 18:15;3,76
15.05.2023 18:30;3,23
15.05.2023 18:45;6,35
15.05.2023 19:00;3,93
15.05.2023 19:15;4,96
15.05.2023 19:30;4,65
15.05.2023 19:45;8,12
15.05.2023 20:00;5,00
15.05.2023 20:15;7,24
15.05.2023 20:30;7,21
15.05.2023 20:45;5,00
15.05.2023 21:00;9,54
15.05.2023 21:15;6,04
15.05.2023 21:30;6,88
15.05.2023 21:45;5,00
15.05.2023 22:00;9,81
15.05.2023 22:15;5,00
15.05.2023 22:30;7,62
15.05.2023 22:45;5,00
15.05.2023 23:00;5,00
15.05.2023 23:15;7,15
15.05.2023 23:30;7,63
15.05.2023 23:45;5,00
16.05.2023 00:00;7,74
16.05.2023 00:15;7,65
16.05.2023 00:30;5,00
16.05.2023 00:45;8,76
16.05.2023 01:00;5,00
16.05.2023 01:15;5,00
16.05.2023 01:30;6,52
16.05.2023 01:45;5,00
16.05.2023 02:00;6,09
16.05.2023 02:15;6,04
16.05.2023 02:30;5,18
16.05.2023 02:45;7,22
16.05.2023 03:00;5,10
16.05.2023 03:15;6,02
16.05.2023 03:30;7,85
16.05.2023 03:45;7,14
16.05.2023 04:00;7,13
16.05.2023 04:15;5,00
16.05.2023 04:30;6,40
16.05.2023 04:45;3,49
16.05.2023 05:00;2,83
16.05.2023 05:15;4,12
16.05.2023 05:30;2,05
16.05.2023 05:45;4,65
16.05.2023 06:00;4,62
16.05.2023 06:15;0,00
16.05.2023 06:30;1,75
16.05.2023 06:45;0,92
16.05.2023 07:00;5,41
16.05.2023 07:15;12,66
16.05.2023 07:30;7,66
16.05.2023 07:45;5,26
16.05.2023 08:00;10,48
16.05.2023 08:15;6,12
16.05.2023 08:30;14,33
16.05.2023 08:45;8,28
16.05.2023 09:00;13,28
16.05.2023 09:15;7,85
16.05.2023 09:30;17,39
16.05.2023 09:45;11,53
16.05.2023 10:00;6,49
16.05.2023 10:15;17,63
16.05.2023 10:30;10,64
16.05.2023 10:45;9,72
16.05.2023 11:00;11,05
16.05.2023 11:15;11,04
16.05.2023 11:30;21,22
16.05.2023 11:45;13,31
16.05.2023 12:00;14,95
16.05.2023 12:15;7,35
16.05.2023 12:30;12,90
16.05.2023 12:45;5,96
16.05.2023 13:00;19,43
16.05.2023 13:15;25,71
16.05.2023 13:30;12,42
16.05.2023 13:45;6,37
16.05.2023 14:00;13,41
16.05.2023 14:15;22,04
16.05.2023 14:30;23,74
16.05.2023 14:45;13,14
16.05.2023 15:00;15,73
16.05.2023 15:15;19,51
16.05.2023 15:30;10,67
16.05.2023 15:45;20,16
16.05.2023 16:00;15,20
16.05.2023 16:15;13,39
16.05.2023 16:30;11,85
16.05.2023 16:45;15,79
16.05.2023 17:00;15,67
16.05.2023 17:15;17,35
16.05.2023 17:30;13,59
16.05.2023 17:45;14,74
16.05.2023 18:00;14,33
16.05.2023 18:15;4,08
16.05.2023 18:30;4,61
16.05.2023 18:45;3,36
16.05.2023 19:00;8,42
16.05.2023 19:15;3,39
16.05.2023 19:30;6,77
16.05.2023 19:45;8,24
16.05.2023 20:00;5,00
16.05.2023 20:15;5,00
16.05.2023 20:30;9,03
16.05.2023 20:45;5,00
16.05.2023 21:00;5,00
16.05.2023 21:15;8,61
16.05.2023 21:30;7,95
16.05.2023 21:45;6,42
16.05.2023 22:00;5,47
16.05.2023 22:15;5,00
16.05.2023 22:30;6,12
16.05.2023 22:45;8,72
16.05.2023 23:00;6,04
16.05.2023 23:15;9,89
16.05.2023 23:30;5,00
16.05.2023 23:45;5,52
17.05.2023 00:00;5,00
17.05.2023 00:15;5,00
17.05.2023 00:30;5,24
17.05.2023 00:45;6,38
17.05.2023 01:00;6,59
17.05.2023 01:15;9,89
17.05.2023 01:30;6,47
17.05.2023 01:45;7,85
17.05.2023 02:00;5,68
17.05.2023 02:15;8,90
17.05.2023 02:30;10,34
17.05.2023 02:45;6,61
17.05.2023 03:00;5,00
17.05.2023 03:15;5,00
17.05.2023 03:30;6,11
17.05.2023 03:45;6,46
17.05.2023 04:00;6,94
17.05.2023 04:15;6,47
17.05.2023 04:30;5,19
17.05.2023 04:45;3,52
17.05.2023 05:00;4,72
17.05.2023 05:15;7,38
17.05.2023 05:30;4,27
17.05.2023 05:45;1,36
17.05.2023 06:00;2,08
17.05.2023 06:15;0,65
17.05.2023 06:30;0,00
17.05.2023 06:45;0,00
17.05.2023 07:00;16,58
17.05.2023 07:15;6,18
17.05.2023 07:30;12,88
17.05.2023 07:45;10,41
17.05.2023 08:00;10,17
17.05.2023 08:15;15,98
17.05.2023 08:30;5,08
17.05.2023 08:45;9,91
17.05.2023 09:00;11,75
17.05.2023 09:15;11,59
17.05.2023 09:30;8,63
17.05.2023 09:45;9,54
17.05.2023 10:00;10,68
17.05.2023 10:15;10,58
17.05.2023 10:30;7,96
17.05.2023 10:45;11,74
17.05.2023 11:00;17,19
17.05.2023 11:15;9,29
17.05.2023 11:30;7,28
17.05.2023 11:45;10,76
17.05.2023 12:00;8,07
17.05.2023 12:15;3,30
17.05.2023 12:30;8,04
17.05.2023 12:45;9,45
17.05.2023 13:00;28,09
17.05.2023 13:15;24,98
17.05.2023 13:30;10,83
17.05.2023 13:45;20,14
17.05.2023 14:00;16,70
17.05.2023 14:15;8,43
17.05.2023 14:30;19,78
17.05.2023 14:45;7,86
17.05.2023 15:00;20,83
17.05.2023 15:15;12,11
17.05.2023 15:30;11,54
17.05.2023 15:45;10,64
17.05.2023 16:00;16,53
17.05.2023 16:15;16,30
17.05.2023 16:30;14,31
17.05.2023 16:45;15,63
17.05.2023 17:00;16,75
17.05.2023 17:15;10,82
17.05.2023 17:30;12,95
17.05.2023 17:45;9,80
17.05.2023 18:00;9,79
17.05.2023 18:15;4,00
17.05.2023 18:30;2,63
17.05.2023 18:45;7,25
17.05.2023 19:00;4,16
17.05.2023 19:15;4,64
17.05.2023 19:30;4,65
17.05.2023 19:45;6,51
17.05.2023 20:00;5,00
17.05.2023 20:15;5,00
17.05.2023 20:30;6,77
17.05.2023 20:45;5,26
17.05.2023 21:00;5,61
17.05.2023 21:15;7,72
17.05.2023 21:30;5,32
17.05.2023 21:45;5,58
17.05.2023 22:00;5,00
17.05.2023 22:15;6,41
17.05.2023 22:30;6,25
17.05.2023 22:45;7,35
17.05.2023 23:00;5,00
17.05.2023 23:15;5,00
17.05.2023 23:30;7,13
17.05.2023 23:45;6,05
18.05.2023 00:00;5,00
18.05.2023 00:15;8,15
18.05.2023 00:30;5,00
18.05.2023 00:45;7,10
18.05.2023 01:00;5,00
18.05.2023 01:15;9,30
18.05.2023 01:30;5,00
18.05.2023 01:45;7,84
18.05.2023 02:00;5,37
18.05.2023 02:15;5,00
18.05.2023 02:30;5,90
18.05.2023 02:45;6,80
18.05.2023 03:00;5,00
18.05.2023 03:15;5,00
18.05.2023 03:30;6,83
18.05.2023 03:45;5,00
18.05.2023 04:00;5,00
18.05.2023 04:15;11,61
18.05.2023 04:30;4,62
18.05.2023 04:45;6,76
18.05.2023 05:00;2,71
18.05.2023 05:15;3,12
18.05.2023 05:30;2,65
18.05.2023 05:45;1,82
18.05.2023 06:00;0,10
18.05.2023 06:15;6,54
18.05.2023 06:30;0,00
18.05.2023 06:45;0,61
18.05.2023 07:00;14,47
18.05.2023 07:15;5,85
18.05.2023 07:30;14,90
18.05.2023 07:45;8,25
18.05.2023 08:00;15,42
18.05.2023 08:15;17,34
18.05.2023 08:30;12,43
18.05.2023 08:45;8,54
18.05.2023 09:00;10,73
18.05.2023 09:15;16,72
18.05.2023 09:30;11,79
18.05.2023 09:45;4,57
18.05.2023 10:00;5,16
18.05.2023 10:15;18,11
18.05.2023 10:30;4,40
18.05.2023 10:45;3,56
18.05.2023 11:00;15,78
18.05.2023 11:15;16,24
18.05.2023 11:30;19,73
18.05.2023 11:45;24,06
18.05.2023 12:00;13,11
18.05.2023 12:15;19,12
18.05.2023 12:30;11,21
18.05.2023 12:45;12,61
18.05.2023 13:00;9,33
18.05.2023 13:15;5,37
18.05.2023 13:30;18,33
18.05.2023 13:45;28,35
18.05.2023 14:00;13,47
18.05.2023 14:15;11,14
18.05.2023 14:30;19,59
18.05.2023 14:45;9,01
18.05.2023 15:00;12,71
18.05.2023 15:15;10,67
18.05.2023 15:30;18,52
18.05.2023 15:45;10,57
18.05.2023 16:00;19,06
18.05.2023 16:15;19,18
18.05.2023 16:30;20,97
18.05.2023 16:45;8,35
18.05.2023 17:00;14,25
18.05.2023 17:15;16,58
18.05.2023 17:30;13,47
18.05.2023 17:45;11,55
18.05.2023 18:00;15,88
18.05.2023 18:15;9,14
18.05.2023 18:30;4,33
18.05.2023 18:45;2,31
18.05.2023 19:00;3,90
18.05.2023 19:15;5,45
18.05.2023 19:30;4,55
18.05.2023 19:45;5,87
18.05.2023 20:00;6,29
18.05.2023 20:15;8,60
18.05.2023 20:30;8,15
18.05.2023 20:45;7,26
18.05.2023 21:00;5,00
18.05.2023 21:15;7,37
18.05.2023 21:30;6,94
18.05.2023 21:45;6,04
18.05.2023 22:00;5,00
18.05.2023 22:15;5,00
18.05.2023 22:30;5,00
18.05.2023 22:45;5,00
18.05.2023 23:00;5,53
18.05.2023 23:15;5,00
18.05.2023 23:30;10,78
18.05.2023 23:45;5,19
19.05.2023 00:00;8,11
19.05.2023 00:15;5,00
19.05.2023 00:30;5,00
19.05.2023 00:45;5,71
19.05.2023 01:00;5,00
19.05.2023 01:15;5,00
19.05.2023 01:30;5,08
19.05.2023 01:45;5,05
19.05.2023 02:00;9,23
19.05.2023 02:15;6,28
19.05.2023 02:30;6,48
19.05.2023 02:45;6,60
19.05.2023 03:00;6,74
19.05.2023 03:15;5,35
19.05.2023 03:30;5,00
19.05.2023 03:45;5,85
19.05.2023 04:00;7,83
19.05.2023 04:15;7,77
19.05.2023 04:30;4,26
19.05.2023 04:45;5,39
19.05.2023 05:00;2,89
19.05.2023 05:15;4,16
19.05.2023 05:30;3,49
19.05.2023 05:45;1,49
19.05.2023 06:00;1,56
19.05.2023 06:15;0,00
19.05.2023 06:30;0,00
19.05.2023 06:45;1,23
19.05.2023 07:00;8,94
19.05.2023 07:15;5,75
19.05.2023 07:30;4,15
19.05.2023 07:45;15,48
19.05.2023 08:00;11,40
19.05.2023 08:15;12,74
19.05.2023 08:30;14,55
19.05.2023 08:45;5,27
19.05.2023 09:00;4,98
19.05.2023 09:15;18,36
19.05.2023 09:30;12,56
19.05.2023 09:45;11,65
19.05.2023 10:00;9,92
19.05.2023 10:15;6,96
19.05.2023 10:30;14,75
19.05.2023 10:45;29,01
19.05.2023 11:00;24,27
19.05.2023 11:15;22,57
19.05.2023 11:30;22,20
19.05.2023 11:45;17,74
19.05.2023 12:00;17,36
19.05.2023 12:15;28,90
19.05.2023 12:30;23,29
19.05.2023 12:45;25,72
19.05.2023 13:00;25,41
19.05.2023 13:15;9,29
19.05.2023 13:30;15,93
19.05.2023 13:45;22,75
19.05.2023 14:00;22,88
19.05.2023 14:15;20,04
19.05.2023 14:30;10,95
19.05.2023 14:45;9,39
19.05.2023 15:00;19,41
19.05.2023 15:15;13,61
19.05.2023 15:30;22,03
19.05.2023 15:45;20,02
19.05.2023 16:00;13,54
19.05.2023 16:15;14,86
19.05.2023 16:30;11,20
19.05.2023 16:45;10,55
19.05.2023 17:00;19,92
19.05.2023 17:15;15,19
19.05.2023 17:30;10,11
19.05.2023 17:45;9,60
19.05.2023 18:00;11,36
19.05.2023 18:15;0,12
19.05.2023 18:30;4,31
19.05.2023 18:45;2,64
19.05.2023 19:00;5,34
19.05.2023 19:15;7,41
19.05.2023 19:30;4,73
19.05.2023 19:45;8,08
19.05.2023 20:00;5,63
19.05.2023 20:15;6,39
19.05.2023 20:30;5,00
19.05.2023 20:45;5,00
19.05.2023 21:00;6,50
19.05.2023 21:15;10,29
19.05.2023 21:30;7,53
19.05.2023 21:45;8,05
19.05.2023 22:00;5,14
19.05.2023 22:15;5,00
19.05.2023 22:30;5,00
19.05.2023 22:45;5,00
19.05.2023 23:00;5,00
19.05.2023 23:15;5,00
19.05.2023 23:30;5,00
19.05.2023 23:45;5,17
20.05.2023 00:00;5,00
20.05.2023 00:15;5,00
20.05.2023 00:30;5,00
20.05.2023 00:45;5,00
20.05.2023 01:00;5,00
20.05.2023 01:15;5,00
20.05.2023 01:30;5,00
20.05.2023 01:45;5,00
20.05.2023 02:00;5,00
20.05.2023 02:15;5,00
20.05.2023 02:30;5,00
20.05.2023 02:45;5,00
20.05.2023 03:00;5,00
20.05.2023 03:15;5,00
20.05.2023 03:30;5,00
20.05.2023 03:45;5,00
20.05.2023 04:00;5,00
20.05.2023 04:15;5,00
20.05.2023 04:30;4,48
20.05.2023 04:45;4,18
20.05.2023 05:00;2,87
20.05.2023 05:15;0,73
20.05.2023 05:30;3,59
20.05.2023 05:45;4,19
20.05.2023 06:00;0,00
20.05.2023 06:15;0,00
20.05.2023 06:30;0,00
20.05.2023 06:45;0,00
20.05.2023 07:00;0,00
20.05.2023 07:15;0,00
20.05.2023 07:30;0,00
20.05.2023 07:45;7,83
20.05.2023 08:00;0,00
20.05.2023 08:15;0,00
20.05.2023 08:30;10,11
20.05.2023 08:45;0,00
20.05.2023 09:00;0,00
20.05.2023 09:15;0,80
20.05.2023 09:30;0,00
20.05.2023 09:45;0,00
20.05.2023 10:00;0,00
20.05.2023 10:15;0,00
20.05.2023 10:30;0,00
20.05.2023 10:45;0,00
20.05.2023 11:00;1,29
20.05.2023 11:15;2,37
20.05.2023 11:30;0,00
20.05.2023 11:45;0,00
20.05.2023 12:00;0,02
20.05.2023 12:15;0,00
20.05.2023 12:30;0,00
20.05.2023 12:45;0,00
20.05.2023 13:00;0,00
20.05.2023 13:15;0,00
20.05.2023 13:30;0,00
20.05.2023 13:45;0,00
20.05.2023 14:00;0,12
20.05.2023 14:15;0,00
20.05.2023 14:30;0,00
20.05.2023 14:45;5,58
20.05.2023 15:00;0,00
20.05.2023 15:15;6,04
20.05.2023 15:30;0,00
20.05.2023 15:45;0,00
20.05.2023 16:00;4,39
20.05.2023 16:15;6,19
20.05.2023 16:30;0,17
20.05.2023 16:45;0,00
20.05.2023 17:00;1,50
20.05.2023 17:15;0,00
20.05.2023 17:30;0,00
20.05.2023 17:45;0,97
20.05.2023 18:00;0,58
20.05.2023 18:15;0,00
20.05.2023 18:30;2,50
20.05.2023 18:45;3,35
20.05.2023 19:00;1,89
20.05.2023 19:15;4,20
20.05.2023 19:30;4,67
20.05.2023 19:45;5,00
20.05.2023 20:00;5,00
20.05.2023 20:15;5,00
20.05.2023 20:30;5,00
20.05.2023 20:45;5,00
20.05.2023 21:00;5,00
20.05.2023 21:15;5,00
20.05.2023 21:30;5,00
20.05.2023 21:45;5,00
20.05.2023 22:00;5,00
20.05.2023 22:15;5,00
20.05.2023 22:30;5,00
20.05.2023 22:45;5,00
20.05.2023 23:00;5,00
20.05.2023 23:15;5,00
20.05.2023 23:30;5,00
20.05.2023 23:45;5,00
21.05.2023 00:00;5,00
21.05.2023 00:15;5,00
21.05.2023 00:30;5,00
21.05.2023 00:45;5,00
21.05.2023 01:00;8,57
21.05.2023 01:15;5,00
21.05.2023 01:30;5,00
21.05.2023 01:45;5,00
21.05.2023 02:00;5,00
21.05.2023 02:15;5,00
21.05.2023 02:30;5,00
21.05.2023 02:45;5,00
21.05.2023 03:00;5,00
21.05.2023 03:15;5,00
21.05.2023 03:30;5,00
21.05.2023 03:45;5,00
21.05.2023 04:00;5,00
21.05.2023 04:15;5,00
21.05.2023 04:30;4,28
21.05.2023 04:45;3,33
21.05.2023 05:00;3,46
21.05.2023 05:15;3,07
21.05.2023 05:30;1,52
21.05.2023 05:45;0,00
21.05.2023 06:00;1,48
21.05.2023 06:15;0,00
21.05.2023 06:30;0,00
21.05.2023 06:45;1,36
21.05.2023 07:00;3,83
21.05.2023 07:15;0,00
21.05.2023 07:30;1,53
21.05.2023 07:45;0,00
21.05.2023 08:00;0,00
21.05.2023 08:15;4,95
21.05.2023 08:30;0,00
21.05.2023 08:45;1,03
21.05.2023 09:00;0,00
21.05.2023 09:15;0,00
21.05.2023 09:30;3,46
21.05.2023 09:45;0,00
21.05.2023 10:00;5,86
21.05.2023 10:15;1,05
21.05.2023 10:30;0,81
21.05.2023 10:45;1,01
21.05.2023 11:00;0,00
21.05.2023 11:15;0,00
21.05.2023 11:30;0,84
21.05.2023 11:45;4,48
21.05.2023 12:00;0,00
21.05.2023 12:15;0,00
21.05.2023 12:30;0,00
21.05.2023 12:45;0,00
21.05.2023 13:00;0,00
21.05.2023 13:15;9,78
21.05.2023 13:30;3,42
21.05.2023 13:45;10,20
21.05.2023 14:00;0,00
21.05.2023 14:15;0,00
21.05.2023 14:30;0,00
21.05.2023 14:45;0,00
21.05.2023 15:00;0,00
21.05.2023 15:15;0,00
21.05.2023 15:30;0,00
21.05.2023 15:45;0,00
21.05.2023 16:00;3,43
21.05.2023 16:15;5,43
21.05.2023 16:30;0,00
21.05.2023 16:45;5,64
21.05.2023 17:00;0,00
21.05.2023 17:15;2,93
21.05.2023 17:30;3,38
21.05.2023 17:45;1,96
21.05.2023 18:00;0,18
21.05.2023 18:15;0,00
21.05.2023 18:30;0,64
21.05.2023 18:45;1,98
21.05.2023 19:00;2,61
21.05.2023 19:15;3,21
21.05.2023 19:30;6,76
21.05.2023 19:45;5,00
21.05.2023 20:00;5,00
21.05.2023 20:15;5,00
21.05.2023 20:30;5,00
21.05.2023 20:45;5,00
21.05.2023 21:00;5,00
21.05.2023 21:15;5,00
21.05.2023 21:30;5,00
21.05.2023 21:45;5,00
21.05.2023 22:00;5,76
21.05.2023 22:15;5,00
21.05.2023 22:30;5,00
21.05.2023 22:45;5,00
21.05.2023 23:00;5,62
21.05.2023 23:15;5,00
21.05.2023 23:30;5,00
21.05.2023 23:45;5,00
22.05.2023 00:00;5,00
22.05.2023 00:15;7,03
22.05.2023 00:30;5,00
22.05.2023 00:45;5,00
22.05.2023 01:00;5,00
22.05.2023 01:15;6,28
22.05.2023 01:30;5,00
22.05.2023 01:45;7,70
22.05.2023 02:00;6,26
22.05.2023 02:15;7,73
22.05.2023 02:30;5,00
22.05.2023 02:45;7,56
22.05.2023 03:00;9,69
22.05.2023 03:15;7,01
22.05.2023 03:30;7,06
22.05.2023 03:45;5,82
22.05.2023 04:00;5,00
22.05.2023 04:15;7,00
22.05.2023 04:30;3,95
22.05.2023 04:45;3,27
22.05.2023 05:00;3,23
22.05.2023 05:15;3,71
22.05.2023 05:30;5,23
22.05.2023 05:45;1,72
22.05.2023 06:00;0,00
22.05.2023 06:15;2,66
22.05.2023 06:30;0,00
22.05.2023 06:45;0,73
22.05.2023 07:00;10,97
22.05.2023 07:15;6,17
22.05.2023 07:30;13,91
22.05.2023 07:45;3,68
22.05.2023 08:00;11,75
22.05.2023 08:15;1,59
22.05.2023 08:30;4,77
22.05.2023 08:45;12,88
22.05.2023 09:00;5,57
22.05.2023 09:15;9,95
22.05.2023 09:30;15,95
22.05.2023 09:45;13,91
22.05.2023 10:00;18,50
22.05.2023 10:15;6,77
22.05.2023 10:30;2,20
22.05.2023 10:45;3,47
22.05.2023 11:00;22,13
22.05.2023 11:15;10,89
22.05.2023 11:30;18,26
22.05.2023 11:45;10,46
22.05.2023 12:00;19,09
22.05.2023 12:15;12,40
22.05.2023 12:30;16,79
22.05.2023 12:45;26,99
22.05.2023 13:00;7,89
22.05.2023 13:15;9,35
22.05.2023 13:30;12,31
22.05.2023 13:45;30,83
22.05.2023 14:00;7,44
22.05.2023 14:15;21,70
22.05.2023 14:30;12,13
22.05.2023 14:45;16,54
22.05.2023 15:00;17,13
22.05.2023 15:15;13,67
22.05.2023 15:30;21,18
22.05.2023 15:45;15,79
22.05.2023 16:00;10,31
22.05.2023 16:15;9,41
22.05.2023 16:30;17,83
22.05.2023 16:45;13,53
22.05.2023 17:00;19,05
22.05.2023 17:15;11,47
22.05.2023 17:30;16,60
22.05.2023 17:45;15,52
22.05.2023 18:00;10,76
22.05.2023 18:15;1,57
22.05.2023 18:30;0,18
22.05.2023 18:45;2,63
22.05.2023 19:00;2,02
22.05.2023 19:15;2,92
22.05.2023 19:30;9,57
22.05.2023 19:45;5,75
22.05.2023 20:00;6,20
22.05.2023 20:15;5,00
22.05.2023 20:30;5,00
22.05.2023 20:45;5,00
22.05.2023 21:00;8,36
22.05.2023 21:15;6,15
22.05.2023 21:30;6,68
22.05.2023 21:45;6,96
22.05.2023 22:00;5,00
22.05.2023 22:15;8,26
22.05.2023 22:30;5,00
22.05.2023 22:45;8,29
22.05.2023 23:00;6,37
22.05.2023 23:15;5,00
22.05.2023 23:30;5,00
22.05.2023 23:45;5,00
23.05.2023 00:00;7,79
23.05.2023 00:15;5,42
23.05.2023 00:30;5,00
23.05.2023 00:45;6,22
23.05.2023 01:00;5,00
23.05.2023 01:15;5,00
23.05.2023 01:30;8,82
23.05.2023 01:45;5,68
23.05.2023 02:00;5,00
23.05.2023 02:15;5,00
23.05.2023 02:30;5,00
23.05.2023 02:45;5,00
23.05.2023 03:00;8,04
23.05.2023 03:15;5,00
23.05.2023 03:30;5,51
23.05.2023 03:45;5,00
23.05.2023 04:00;5,00
23.05.2023 04:15;6,65
23.05.2023 04:30;5,68
23.05.2023 04:45;6,74
23.05.2023 05:00;5,87
23.05.2023 05:15;3,98
23.05.2023 05:30;2,04
23.05.2023 05:45;1,51
23.05.2023 06:00;2,11
23.05.2023 06:15;0,00
23.05.2023 06:30;0,00
23.05.2023 06:45;0,00
23.05.2023 07:00;12,57
23.05.2023 07:15;9,87
23.05.2023 07:30;9,61
23.05.2023 07:45;9,87
23.05.2023 08:00;10,90
23.05.2023 08:15;4,21
23.05.2023 08:30;17,02
23.05.2023 08:45;14,47
23.05.2023 09:00;5,36
23.05.2023 09:15;16,20
23.05.2023 09:30;24,29
23.05.2023 09:45;12,87
23.05.2023 10:00;10,50
23.05.2023 10:15;6,46
23.05.2023 10:30;18,81
23.05.2023 10:45;12,54
23.05.2023 11:00;14,06
23.05.2023 11:15;8,80
23.05.2023 11:30;20,86
23.05.2023 11:45;11,04
23.05.2023 12:00;3,16
23.05.2023 12:15;30,90
23.05.2023 12:30;9,40
23.05.2023 12:45;8,74
23.05.2023 13:00;26,13
23.05.2023 13:15;22,34
23.05.2023 13:30;19,15
23.05.2023 13:45;21,53
23.05.2023 14:00;18,34
23.05.2023 14:15;18,65
23.05.2023 14:30;14,00
23.05.2023 14:45;6,90
23.05.2023 15:00;12,03
23.05.2023 15:15;8,51
23.05.2023 15:30;7,03
23.05.2023 15:45;9,48
23.05.2023 16:00;14,88
23.05.2023 16:15;11,00
23.05.2023 16:30;10,30
23.05.2023 16:45;15,24
23.05.2023 17:00;12,22
23.05.2023 17:15;7,32
23.05.2023 17:30;8,04
23.05.2023 17:45;9,97
23.05.2023 18:00;14,43
23.05.2023 18:15;3,81
23.05.2023 18:30;3,65
23.05.2023 18:45;2,60
23.05.2023 19:00;2,39
23.05.2023 19:15;5,74
23.05.2023 19:30;4,07
23.05.2023 19:45;4,95
23.05.2023 20:00;7,07
23.05.2023 20:15;5,00
23.05.2023 20:30;5,00
23.05.2023 20:45;5,00
23.05.2023 21:00;7,36
23.05.2023 21:15;7,11
23.05.2023 21:30;5,48
23.05.2023 21:45;5,00
23.05.2023 22:00;7,89
23.05.2023 22:15;5,00
23.05.2023 22:30;5,00
23.05.2023 22:45;10,09
23.05.2023 23:00;5,00
23.05.2023 23:15;6,95
23.05.2023 23:30;6,59
23.05.2023 23:45;6,25
24.05.2023 00:00;6,02
24.05.2023 00:15;6,21
24.05.2023 00:30;6,00
24.05.2023 00:45;5,35
24.05.2023 01:00;8,48
24.05.2023 01:15;5,00
24.05.2023 01:30;7,50
24.05.2023 01:45;7,10
24.05.2023 02:00;6,85
24.05.2023 02:15;7,69
24.05.2023 02:30;5,27
24.05.2023 02:45;5,00
24.05.2023 03:00;5,31
24.05.2023 03:15;5,00
24.05.2023 03:30;5,00
24.05.2023 03:45;5,00
24.05.2023 04:00;5,00
24.05.2023 04:15;4,93
24.05.2023 04:30;3,83
24.05.2023 04:45;5,43
24.05.2023 05:00;6,45
24.05.2023 05:15;2,66
24.05.2023 05:30;0,00
24.05.2023 05:45;3,31
24.05.2023 06:00;0,00
24.05.2023 06:15;1,10
24.05.2023 06:30;0,00
24.05.2023 06:45;0,00
24.05.2023 07:00;11,89
24.05.2023 07:15;10,36
24.05.2023 07:30;17,64
24.05.2023 07:45;9,20
24.05.2023 08:00;15,35
24.05.2023 08:15;15,31
24.05.2023 08:30;18,17
24.05.2023 08:45;22,66
24.05.2023 09:00;8,79
24.05.2023 09:15;10,82
24.05.2023 09:30;13,86
24.05.2023 09:45;7,49
24.05.2023 10:00;4,69
24.05.2023 10:15;11,37
24.05.2023 10:30;16,42
24.05.2023 10:45;1,79
24.05.2023 11:00;17,32
24.05.2023 11:15;23,97
24.05.2023 11:30;12,97
24.05.2023 11:45;14,52
24.05.2023 12:00;7,26
24.05.2023 12:15;16,77
24.05.2023 12:30;14,33
24.05.2023 12:45;20,56
24.05.2023 13:00;14,16
24.05.2023 13:15;12,37
24.05.2023 13:30;15,86
24.05.2023 13:45;15,61
24.05.2023 14:00;13,55
24.05.2023 14:15;25,27
24.05.2023 14:30;3,46
24.05.2023 14:45;7,61
24.05.2023 15:00;15,99
24.05.2023 15:15;14,21
24.05.2023 15:30;17,46
24.05.2023 15:45;9,64
24.05.2023 16:00;10,73
24.05.2023 16:15;12,72
24.05.2023 16:30;9,03
24.05.2023 16:45;10,26
24.05.2023 17:00;9,24
24.05.2023 17:15;17,11
24.05.2023 17:30;16,71
24.05.2023 17:45;6,42
24.05.2023 18:00;12,31
24.05.2023 18:15;0,00
24.05.2023 18:30;5,38
24.05.2023 18:45;1,50
24.05.2023 19:00;6,60
24.05.2023 19:15;3,08
24.05.2023 19:30;3,90
24.05.2023 19:45;4,86
24.05.2023 20:00;8,63
24.05.2023 20:15;7,37
24.05.2023 20:30;9,34
24.05.2023 20:45;5,57
24.05.2023 21:00;6,03
24.05.2023 21:15;5,00
24.05.2023 21:30;5,00
24.05.2023 21:45;5,00
24.05.2023 22:00;5,62
24.05.2023 22:15;5,00
24.05.2023 22:30;6,34
24.05.2023 22:45;5,80
24.05.2023 23:00;6,03
24.05.2023 23:15;8,81
24.05.2023 23:30;5,38
24.05.2023 23:45;6,97
25.05.2023 00:00;9,55
25.05.2023 00:15;8,06
25.05.2023 00:30;7,75
25.05.2023 00:45;5,00
25.05.2023 01:00;5,90
25.05.2023 01:15;5,00
25.05.2023 01:30;6,44
25.05.2023 01:45;5,99
25.05.2023 02:00;5,49
25.05.2023 02:15;7,50
25.05.2023 02:30;5,00
25.05.2023 02:45;8,71
25.05.2023 03:00;7,25
25.05.2023 03:15;5,30
25.05.2023 03:30;5,15
25.05.2023 03:45;6,40
25.05.2023 04:00;8,48
25.05.2023 04:15;5,59
25.05.2023 04:30;4,99
25.05.2023 04:45;3,26
25.05.2023 05:00;5,85
25.05.2023 05:15;4,36
25.05.2023 05:30;1,01
25.05.2023 05:45;1,81
25.05.2023 06:00;0,00
25.05.2023 06:15;0,00
25.05.2023 06:30;0,00
25.05.2023 06:45;0,00
25.05.2023 07:00;11,14
25.05.2023 07:15;11,32
25.05.2023 07:30;11,74
25.05.2023 07:45;11,77
25.05.2023 08:00;4,56
25.05.2023 08:15;13,05
25.05.2023 08:30;5,24
25.05.2023 08:45;16,63
25.05.2023 09:00;10,56
25.05.2023 09:15;11,71
25.05.2023 09:30;8,75
25.05.2023 09:45;6,71
25.05.2023 10:00;18,22
25.05.2023 10:15;18,59
25.05.2023 10:30;20,39
25.05.2023 10:45;13,73
25.05.2023 11:00;15,53
25.05.2023 11:15;9,45
25.05.2023 11:30;9,46
25.05.2023 11:45;9,89
25.05.2023 12:00;18,38
25.05.2023 12:15;11,24
25.05.2023 12:30;6,87
25.05.2023 12:45;22,73
25.05.2023 13:00;21,74
25.05.2023 13:15;10,67
25.05.2023 13:30;20,56
25.05.2023 13:45;22,09
25.05.2023 14:00;9,21
25.05.2023 14:15;18,72
25.05.2023 14:30;9,40
25.05.2023 14:45;17,64
25.05.2023 15:00;18,29
25.05.2023 15:15;15,79
25.05.2023 15:30;14,92
25.05.2023 15:45;20,02
25.05.2023 16:00;23,11
25.05.2023 16:15;19,14
25.05.2023 16:30;10,74
25.05.2023 16:45;18,58
25.05.2023 17:00;17,65
25.05.2023 17:15;13,14
25.05.2023 17:30;10,60
25.05.2023 17:45;11,20
25.05.2023 18:00;16,40
25.05.2023 18:15;1,53
25.05.2023 18:30;2,56
25.05.2023 18:45;2,79
25.05.2023 19:00;2,40
25.05.2023 19:15;3,52
25.05.2023 19:30;4,80
25.05.2023 19:45;4,92
25.05.2023 20:00;5,00
25.05.2023 20:15;5,00
25.05.2023 20:30;5,18
25.05.2023 20:45;5,00
25.05.2023 21:00;5,00
25.05.2023 21:15;8,09
25.05.2023 21:30;5,00
25.05.2023 21:45;8,28
25.05.2023 22:00;8,69
25.05.2023 22:15;5,00
25.05.2023 22:30;5,63
25.05.2023 22:45;5,00
25.05.2023 23:00;5,00
25.05.2023 23:15;5,00
25.05.2023 23:30;6,99
25.05.2023 23:45;9,48
26.05.2023 00:00;7,24
26.05.2023 00:15;6,08
26.05.2023 00:30;5,39
26.05.2023 00:45;8,80
26.05.2023 01:00;9,73
26.05.2023 01:15;5,00
26.05.2023 01:30;5,00
26.05.2023 01:45;5,00
26.05.2023 02:00;8,07
26.05.2023 02:15;5,34
26.05.2023 02:30;5,80
26.05.2023 02:45;5,00
26.05.2023 03:00;5,00
26.05.2023 03:15;5,00
26.05.2023 03:30;5,85
26.05.2023 03:45;5,00
26.05.2023 04:00;5,00
26.05.2023 04:15;4,72
26.05.2023 04:30;6,80
26.05.2023 04:45;3,81
26.05.2023 05:00;3,06
26.05.2023 05:15;3,75
26.05.2023 05:30;0,33
26.05.2023 05:45;2,11
26.05.2023 06:00;0,18
26.05.2023 06:15;0,00
26.05.2023 06:30;7,25
26.05.2023 06:45;0,30
26.05.2023 07:00;19,06
26.05.2023 07:15;12,53
26.05.2023 07:30;6,37
26.05.2023 07:45;7,02
26.05.2023 08:00;16,99
26.05.2023 08:15;8,57
26.05.2023 08:30;6,75
26.05.2023 08:45;5,43
26.05.2023 09:00;17,68
26.05.2023 09:15;11,49
26.05.2023 09:30;11,48
26.05.2023 09:45;22,15
26.05.2023 10:00;3,87
26.05.2023 10:15;17,22
26.05.2023 10:30;10,32
26.05.2023 10:45;7,41
26.05.2023 11:00;13,04
26.05.2023 11:15;5,42
26.05.2023 11:30;7,89
26.05.2023 11:45;22,65
26.05.2023 12:00;11,33
26.05.2023 12:15;6,18
26.05.2023 12:30;24,46
26.05.2023 12:45;9,00
26.05.2023 13:00;7,10
26.05.2023 13:15;5,67
26.05.2023 13:30;12,38
26.05.2023 13:45;6,62
26.05.2023 14:00;14,22
26.05.2023 14:15;22,89
26.05.2023 14:30;16,82
26.05.2023 14:45;16,30
26.05.2023 15:00;17,33
26.05.2023 15:15;13,59
26.05.2023 15:30;16,57
26.05.2023 15:45;12,87
26.05.2023 16:00;9,53
26.05.2023 16:15;11,52
26.05.2023 16:30;11,36
26.05.2023 16:45;23,25
26.05.2023 17:00;10,86
26.05.2023 17:15;7,09
26.05.2023 17:30;6,98
26.05.2023 17:45;7,49
26.05.2023 18:00;12,89
26.05.2023 18:15;0,00
26.05.2023 18:30;1,86
26.05.2023 18:45;2,34
26.05.2023 19:00;4,35
26.05.2023 19:15;2,85
26.05.2023 19:30;4,84
26.05.2023 19:45;5,44
26.05.2023 20:00;5,00
26.05.2023 20:15;5,01
26.05.2023 20:30;9,90
26.05.2023 20:45;7,05
26.05.2023 21:00;10,39
26.05.2023 21:15;5,00
26.05.2023 21:30;5,26
26.05.2023 21:45;5,00
26.05.2023 22:00;5,00
26.05.2023 22:15;9,23
26.05.2023 22:30;5,00
26.05.2023 22:45;9,27
26.05.2023 23:00;5,00
26.05.2023 23:15;5,00
26.05.2023 23:30;5,00
26.05.2023 23:45;5,30
27.05.2023 00:00;5,00
27.05.2023 00:15;5,00
27.05.2023 00:30;5,00
27.05.2023 00:45;5,00
27.05.2023 01:00;5,00
27.05.2023 01:15;5,00
27.05.2023 01:30;5,00
27.05.2023 01:45;5,00
27.05.2023 02:00;5,00
27.05.2023 02:15;5,40
27.05.2023 02:30;5,00
27.05.2023 02:45;5,00
27.05.2023 03:00;5,00
27.05.2023 03:15;5,14
27.05.2023 03:30;5,00
27.05.2023 03:45;5,00
27.05.2023 04:00;5,00
27.05.2023 04:15;4,75
27.05.2023 04:30;4,63
27.05.2023 04:45;2,71
27.05.2023 05:00;1,34
27.05.2023 05:15;3,92
27.05.2023 05:30;0,00
27.05.2023 05:45;0,00
27.05.2023 06:00;4,17
27.05.2023 06:15;3,51
27.05.2023 06:30;0,00
27.05.2023 06:45;0,00
27.05.2023 07:00;0,00
27.05.2023 07:15;0,00
27.05.2023 07:30;0,00
27.05.2023 07:45;0,26
27.05.2023 08:00;0,00
27.05.2023 08:15;0,00
27.05.2023 08:30;4,58
27.05.2023 08:45;0,00
27.05.2023 09:00;0,00
27.05.2023 09:15;0,00
27.05.2023 09:30;0,00
27.05.2023 09:45;0,00
27.05.2023 10:00;0,00
27.05.2023 10:15;0,81
27.05.2023 10:30;0,00
27.05.2023 10:45;0,00
27.05.2023 11:00;0,00
27.05.2023 11:15;0,00
27.05.2023 11:30;0,00
27.05.2023 11:45;0,00
27.05.2023 12:00;0,00
27.05.2023 12:15;0,00
27.05.2023 12:30;11,73
27.05.2023 12:45;0,00
27.05.2023 13:00;0,00
27.05.2023 13:15;0,00
27.05.2023 13:30;0,00
27.05.2023 13:45;0,00
27.05.2023 14:00;0,00
27.05.2023 14:15;0,00
27.05.2023 14:30;0,00
27.05.2023 14:45;0,00
27.05.2023 15:00;0,00
27.05.2023 15:15;0,00
27.05.2023 15:30;0,73
27.05.2023 15:45;8,14
27.05.2023 16:00;0,00
27.05.2023 16:15;5,44
27.05.2023 16:30;0,40
27.05.2023 16:45;0,00
27.05.2023 17:00;0,00
27.05.2023 17:15;1,41
27.05.2023 17:30;2,64
27.05.2023 17:45;0,00
27.05.2023 18:00;2,95
27.05.2023 18:15;2,64
27.05.2023 18:30;1,89
27.05.2023 18:45;1,34
27.05.2023 19:00;2,33
27.05.2023 19:15;3,30
27.05.2023 19:30;3,76
27.05.2023 19:45;4,82
27.05.2023 20:00;5,00
27.05.2023 20:15;5,00
27.05.2023 20:30;5,00
27.05.2023 20:45;5,00
27.05.2023 21:00;5,00
27.05.2023 21:15;5,00
27.05.2023 21:30;5,00
27.05.2023 21:45;5,00
27.05.2023 22:00;5,00
27.05.2023 22:15;6,72
27.05.2023 22:30;5,81
27.05.2023 22:45;5,00
27.05.2023 23:00;5,00
27.05.2023 23:15;5,00
27.05.2023 23:30;5,00
27.05.2023 23:45;5,00
28.05.2023 00:00;5,00
28.05.2023 00:15;5,00
28.05.2023 00:30;5,00
28.05.2023 00:45;5,00
28.05.2023 01:00;5,00
28.05.2023 01:15;5,37
28.05.2023 01:30;5,00
28.05.2023 01:45;5,00
28.05.2023 02:00;5,00
28.05.2023 02:15;5,00
28.05.2023 02:30;5,00
28.05.2023 02:45;5,00
28.05.2023 03:00;6,45
28.05.2023 03:15;5,00
28.05.2023 03:30;5,00
28.05.2023 03:45;5,00
28.05.2023 04:00;5,00
28.05.2023 04:15;4,62
28.05.2023 04:30;3,73
28.05.2023 04:45;3,47
28.05.2023 05:00;4,63
28.05.2023 05:15;3,77
28.05.2023 05:30;0,75
28.05.2023 05:45;0,00
28.05.2023 06:00;0,01
28.05.2023 06:15;0,00
28.05.2023 06:30;0,00
28.05.2023 06:45;0,00
28.05.2023 07:00;0,00
28.05.2023 07:15;2,30
28.05.2023 07:30;2,10
28.05.2023 07:45;0,00
28.05.2023 08:00;0,00
28.05.2023 08:15;0,00
28.05.2023 08:30;0,00
28.05.2023 08:45;4,60
28.05.2023 09:00;0,00
28.05.2023 09:15;0,00
28.05.2023 09:30;0,00
28.05.2023 09:45;0,00
28.05.2023 10:00;6,85
28.05.2023 10:15;0,00
28.05.2023 10:30;0,00
28.05.2023 10:45;0,00
28.05.2023 11:00;0,00
28.05.2023 11:15;3,60
28.05.2023 11:30;0,00
28.05.2023 11:45;0,00
28.05.2023 12:00;0,00
28.05.2023 12:15;0,00
28.05.2023 12:30;0,00
28.05.2023 12:45;0,00
28.05.2023 13:00;0,00
28.05.2023 13:15;0,00
28.05.2023 13:30;0,00
28.05.2023 13:45;0,34
28.05.2023 14:00;0,00
28.05.2023 14:15;0,00
28.05.2023 14:30;0,00
28.05.2023 14:45;2,99
28.05.2023 15:00;4,92
28.05.2023 15:15;9,40
28.05.2023 15:30;0,38
28.05.2023 15:45;0,00
28.05.2023 16:00;3,10
28.05.2023 16:15;0,00
28.05.2023 16:30;0,31
28.05.2023 16:45;4,75
28.05.2023 17:00;0,00
28.05.2023 17:15;2,92
28.05.2023 17:30;0,00
28.05.2023 17:45;0,00
28.05.2023 18:00;1,14
28.05.2023 18:15;0,00
28.05.2023 18:30;0,00
28.05.2023 18:45;0,12
28.05.2023 19:00;3,02
28.05.2023 19:15;2,67
28.05.2023 19:30;4,18
28.05.2023 19:45;4,67
28.05.2023 20:00;5,00
28.05.2023 20:15;5,00
28.05.2023 20:30;5,00
28.05.2023 20:45;5,00
28.05.2023 21:00;5,00
28.05.2023 21:15;5,00
28.05.2023 21:30;5,00
28.05.2023 21:45;5,00
28.05.2023 22:00;5,00
28.05.2023 22:15;5,00
28.05.2023 22:30;5,00
28.05.2023 22:45;5,00
28.05.2023 23:00;5,00
28.05.2023 23:15;5,00
28.05.2023 23:30;5,00
28.05.2023 23:45;5,00
29.05.2023 00:00;5,00
29.05.2023 00:15;6,58
29.05.2023 00:30;5,10
29.05.2023 00:45;8,82
29.05.2023 01:00;7,72
29.05.2023 01:15;5,09
29.05.2023 01:30;6,83
29.05.2023 01:45;5,00
29.05.2023 02:00;5,46
29.05.2023 02:15;5,00
29.05.2023 02:30;6,93
29.05.2023 02:45;8,26
29.05.2023 03:00;6,99
29.05.2023 03:15;7,24
29.05.2023 03:30;7,24
29.05.2023 03:45;6,50
29.05.2023 04:00;5,00
29.05.2023 04:15;8,48
29.05.2023 04:30;7,69
29.05.2023 04:45;3,92
29.05.2023 05:00;1,56
29.05.2023 05:15;4,83
29.05.2023 05:30;1,23
29.05.2023 05:45;0,34
29.05.2023 06:00;0,00
29.05.2023 06:15;5,05
29.05.2023 06:30;0,54
29.05.2023 06:45;0,00
29.05.2023 07:00;5,60
29.05.2023 07:15;8,65
29.05.2023 07:30;13,81
29.05.2023 07:45;6,30
29.05.2023 08:00;11,12
29.05.2023 08:15;5,02
29.05.2023 08:30;5,65
29.05.2023 08:45;14,89
29.05.2023 09:00;7,40
29.05.2023 09:15;8,64
29.05.2023 09:30;9,50
29.05.2023 09:45;12,35
29.05.2023 10:00;9,45
29.05.2023 10:15;6,56
29.05.2023 10:30;16,20
29.05.2023 10:45;15,64
29.05.2023 11:00;3,22
29.05.2023 11:15;10,60
29.05.2023 11:30;20,12
29.05.2023 11:45;5,06
29.05.2023 12:00;23,38
29.05.2023 12:15;12,87
29.05.2023 12:30;8,53
29.05.2023 12:45;7,39
29.05.2023 13:00;18,59
29.05.2023 13:15;21,97
29.05.2023 13:30;13,76
29.05.2023 13:45;11,79
29.05.2023 14:00;21,42
29.05.2023 14:15;11,74
29.05.2023 14:30;23,59
29.05.2023 14:45;10,06
29.05.2023 15:00;17,85
29.05.2023 15:15;13,13
29.05.2023 15:30;9,31
29.05.2023 15:45;12,07
29.05.2023 16:00;8,75
29.05.2023 16:15;5,02
29.05.2023 16:30;14,70
29.05.2023 16:45;9,83
29.05.2023 17:00;19,69
29.05.2023 17:15;10,71
29.05.2023 17:30;14,23
29.05.2023 17:45;13,36
29.05.2023 18:00;7,86
29.05.2023 18:15;2,77
29.05.2023 18:30;0,18
29.05.2023 18:45;3,00
29.05.2023 19:00;1,20
29.05.2023 19:15;3,39
29.05.2023 19:30;5,36
29.05.2023 19:45;5,59
29.05.2023 20:00;5,01
29.05.2023 20:15;7,95
29.05.2023 20:30;5,00
29.05.2023 20:45;5,00
29.05.2023 21:00;5,00
29.05.2023 21:15;5,00
29.05.2023 21:30;5,53
29.05.2023 21:45;6,26
29.05.2023 22:00;5,00
29.05.2023 22:15;5,00
29.05.2023 22:30;8,77
29.05.2023 22:45;10,22
29.05.2023 23:00;5,68
29.05.2023 23:15;5,00
29.05.2023 23:30;8,35
29.05.2023 23:45;5,00
30.05.2023 00:00;5,00
30.05.2023 00:15;5,00
30.05.2023 00:30;5,00
30.05.2023 00:45;5,00
30.05.2023 01:00;5,00
30.05.2023 01:15;5,41
30.05.2023 01:30;5,44
30.05.2023 01:45;5,00
30.05.2023 02:00;5,00
30.05.2023 02:15;5,00
30.05.2023 02:30;7,00
30.05.2023 02:45;5,09
30.05.2023 03:00;7,03
30.05.2023 03:15;6,56
30.05.2023 03:30;6,53
30.05.2023 03:45;8,16
30.05.2023 04:00;5,00
30.05.2023 04:15;4,72
30.05.2023 04:30;7,55
30.05.2023 04:45;4,01
30.05.2023 05:00;2,21
30.05.2023 05:15;2,29
30.05.2023 05:30;0,00
30.05.2023 05:45;0,00
30.05.2023 06:00;2,10
30.05.2023 06:15;0,90
30.05.2023 06:30;2,15
30.05.2023 06:45;0,00
30.05.2023 07:00;2,23
30.05.2023 07:15;5,39
30.05.2023 07:30;6,70
30.05.2023 07:45;10,89
30.05.2023 08:00;9,03
30.05.2023 08:15;8,07
30.05.2023 08:30;11,78
30.05.2023 08:45;17,95
30.05.2023 09:00;13,24
30.05.2023 09:15;6,95
30.05.2023 09:30;8,02
30.05.2023 09:45;19,52
30.05.2023 10:00;11,09
30.05.2023 10:15;7,27
30.05.2023 10:30;3,61
30.05.2023 10:45;1,43
30.05.2023 11:00;16,42
30.05.2023 11:15;6,39
30.05.2023 11:30;14,10
30.05.2023 11:45;16,07
30.05.2023 12:00;14,37
30.05.2023 12:15;14,54
30.05.2023 12:30;4,98
30.05.2023 12:45;26,89
30.05.2023 13:00;11,16
30.05.2023 13:15;7,12
30.05.2023 13:30;5,37
30.05.2023 13:45;8,85
30.05.2023 14:00;19,70
30.05.2023 14:15;10,06
30.05.2023 14:30;5,73
30.05.2023 14:45;14,02
30.05.2023 15:00;9,55
30.05.2023 15:15;17,32
30.05.2023 15:30;15,52
30.05.2023 15:45;14,41
30.05.2023 16:00;15,83
30.05.2023 16:15;14,86
30.05.2023 16:30;15,86
30.05.2023 16:45;14,62
30.05.2023 17:00;14,96
30.05.2023 17:15;20,99
30.05.2023 17:30;19,91
30.05.2023 17:45;10,87
30.05.2023 18:00;12,99
30.05.2023 18:15;4,50
30.05.2023 18:30;0,18
30.05.2023 18:45;5,39
30.05.2023 19:00;3,86
30.05.2023 19:15;3,51
30.05.2023 19:30;7,16
30.05.2023 19:45;6,06
30.05.2023 20:00;8,29
30.05.2023 20:15;5,90
30.05.2023 20:30;5,00
30.05.2023 20:45;5,00
30.05.2023 21:00;5,59
30.05.2023 21:15;5,00
30.05.2023 21:30;5,00
30.05.2023 21:45;7,79
30.05.2023 22:00;5,00
30.05.2023 22:15;5,66
30.05.2023 22:30;5,98
30.05.2023 22:45;5,00
30.05.2023 23:00;8,29
30.05.2023 23:15;5,00
30.05.2023 23:30;5,91
30.05.2023 23:45;5,88
31.05.2023 00:00;5,26
31.05.2023 00:15;5,00
31.05.2023 00:30;7,11
31.05.2023 00:45;6,86
31.05.2023 01:00;5,00
31.05.2023 01:15;6,79
31.05.2023 01:30;6,12
31.05.2023 01:45;5,00
31.05.2023 02:00;5,00
31.05.2023 02:15;7,65
31.05.2023 02:30;5,99
31.05.2023 02:45;5,00
31.05.2023 03:00;5,00
31.05.2023 03:15;5,00
31.05.2023 03:30;5,00
31.05.2023 03:45;5,00
31.05.2023 04:00;5,00
31.05.2023 04:15;7,55
31.05.2023 04:30;5,61
31.05.2023 04:45;3,31
31.05.2023 05:00;3,72
31.05.2023 05:15;2,93
31.05.2023 05:30;0,08
31.05.2023 05:45;0,00
31.05.2023 06:00;1,43
31.05.2023 06:15;5,91
31.05.2023 06:30;0,00
31.05.2023 06:45;0,00
31.05.2023 07:00;12,83
31.05.2023 07:15;11,53
31.05.2023 07:30;7,41
31.05.2023 07:45;2,96
31.05.2023 08:00;14,87
31.05.2023 08:15;11,88
31.05.2023 08:30;9,56
31.05.2023 08:45;17,70
31.05.2023 09:00;8,96
31.05.2023 09:15;15,27
31.05.2023 09:30;12,16
31.05.2023 09:45;6,98
31.05.2023 10:00;7,57
31.05.2023 10:15;16,91
31.05.2023 10:30;18,40
31.05.2023 10:45;7,41
31.05.2023 11:00;15,59
31.05.2023 11:15;11,54
31.05.2023 11:30;5,25
31.05.2023 11:45;11,23
31.05.2023 12:00;15,54
31.05.2023 12:15;17,12
31.05.2023 12:30;18,36
31.05.2023 12:45;11,28
31.05.2023 13:00;19,79
31.05.2023 13:15;10,70
31.05.2023 13:30;12,66
31.05.2023 13:45;8,27
31.05.2023 14:00;7,83
31.05.2023 14:15;24,55
31.05.2023 14:30;14,79
31.05.2023 14:45;9,18
31.05.2023 15:00;14,89
31.05.2023 15:15;9,94
31.05.2023 15:30;16,61
31.05.2023 15:45;11,95
31.05.2023 16:00;17,59
31.05.2023 16:15;10,69
31.05.2023 16:30;16,34
31.05.2023 16:45;13,08
31.05.2023 17:00;10,61
31.05.2023 17:15;14,17
31.05.2023 17:30;13,38
31.05.2023 17:45;11,27
31.05.2023 18:00;10,45
31.05.2023 18:15;0,00
31.05.2023 18:30;1,36
31.05.2023 18:45;1,29
31.05.2023 19:00;2,99
31.05.2023 19:15;2,20
31.05.2023 19:30;3,29
31.05.2023 19:45;6,31
31.05.2023 20:00;5,00
31.05.2023 20:15;5,00
31.05.2023 20:30;5,00
31.05.2023 20:45;6,08
31.05.2023 21:00;5,99
31.05.2023 21:15;5,00
31.05.2023 21:30;5,38
31.05.2023 21:45;8,43
31.05.2023 22:00;5,00
31.05.2023 22:15;5,00
31.05.2023 22:30;6,28
31.05.2023 22:45;5,15
31.05.2023 23:00;5,00
31.05.2023 23:15;6,68
31.05.2023 23:30;7,05
31.05.2023 23:45;5,00
01.06.2023 00:00;5,00
01.06.2023 00:15;10,00
01.06.2023 00:30;6,53
01.06.2023 00:45;6,71
01.06.2023 01:00;7,71
01.06.2023 01:15;5,40
01.06.2023 01:30;6,96
01.06.2023 01:45;6,80
01.06.2023 02:00;6,44
01.06.2023 02:15;5,00
01.06.2023 02:30;5,71
01.06.2023 02:45;5,00
01.06.2023 03:00;5,39
01.06.2023 03:15;5,00
01.06.2023 03:30;5,00
01.06.2023 03:45;5,00
01.06.2023 04:00;5,00
01.06.2023 04:15;4,30
01.06.2023 04:30;3,71
01.06.2023 04:45;3,89
01.06.2023 05:00;3,28
01.06.2023 05:15;2,90
01.06.2023 05:30;4,25
01.06.2023 05:45;4,14
01.06.2023 06:00;0,00
01.06.2023 06:15;0,00
01.06.2023 06:30;0,00
01.06.2023 06:45;0,00
01.06.2023 07:00;9,80
01.06.2023 07:15;13,16
01.06.2023 07:30;6,20
01.06.2023 07:45;15,75
01.06.2023 08:00;17,94
01.06.2023 08:15;10,59
01.06.2023 08:30;3,68
01.06.2023 08:45;13,10
01.06.2023 09:00;14,54
01.06.2023 09:15;11,25
01.06.2023 09:30;5,70
01.06.2023 09:45;1,49
01.06.2023 10:00;19,06
01.06.2023 10:15;10,83
01.06.2023 10:30;7,92
01.06.2023 10:45;7,94
01.06.2023 11:00;7,82
01.06.2023 11:15;10,33
01.06.2023 11:30;13,07
01.06.2023 11:45;6,13
01.06.2023 12:00;9,44
01.06.2023 12:15;4,66
01.06.2023 12:30;18,26
01.06.2023 12:45;9,15
01.06.2023 13:00;7,28
01.06.2023 13:15;16,28
01.06.2023 13:30;11,54
01.06.2023 13:45;6,91
01.06.2023 14:00;14,93
01.06.2023 14:15;16,23
01.06.2023 14:30;6,09
01.06.2023 14:45;13,80
01.06.2023 15:00;19,45
01.06.2023 15:15;20,31
01.06.2023 15:30;6,15
01.06.2023 15:45;10,40
01.06.2023 16:00;15,66
01.06.2023 16:15;5,55
01.06.2023 16:30;15,34
01.06.2023 16:45;13,11
01.06.2023 17:00;7,57
01.06.2023 17:15;13,11
01.06.2023 17:30;9,46
01.06.2023 17:45;14,87
01.06.2023 18:00;12,82
01.06.2023 18:15;1,40
01.06.2023 18:30;0,65
01.06.2023 18:45;2,24
01.06.2023 19:00;3,60
01.06.2023 19:15;3,11
01.06.2023 19:30;3,79
01.06.2023 19:45;5,51
01.06.2023 20:00;5,00
01.06.2023 20:15;5,86
01.06.2023 20:30;6,72
01.06.2023 20:45;5,00
01.06.2023 21:00;5,23
01.06.2023 21:15;5,00
01.06.2023 21:30;5,86
01.06.2023 21:45;5,00
01.06.2023 22:00;5,00
01.06.2023 22:15;5,99
01.06.2023 22:30;7,71
01.06.2023 22:45;5,00
01.06.2023 23:00;5,00
01.06.2023 23:15;5,69
01.06.2023 23:30;5,00
01.06.2023 23:45;5,00
02.06.2023 00:00;7,80
02.06.2023 00:15;5,48
02.06.2023 00:30;5,00
02.06.2023 00:45;5,00
02.06.2023 01:00;5,68
02.06.2023 01:15;7,08
02.06.2023 01:30;5,00
02.06.2023 01:45;6,25
02.06.2023 02:00;8,01
02.06.2023 02:15;9,13
02.06.2023 02:30;6,01
02.06.2023 02:45;6,37
02.06.2023 03:00;5,00
02.06.2023 03:15;9,55
02.06.2023 03:30;5,00
02.06.2023 03:45;5,00
02.06.2023 04:00;5,00
02.06.2023 04:15;7,77
02.06.2023 04:30;8,25
02.06.2023 04:45;3,34
02.06.2023 05:00;4,61
02.06.2023 05:15;0,83
02.06.2023 05:30;1,88
02.06.2023 05:45;0,81
02.06.2023 06:00;0,00
02.06.2023 06:15;0,00
02.06.2023 06:30;0,00
02.06.2023 06:45;0,00
02.06.2023 07:00;14,89
02.06.2023 07:15;8,92
02.06.2023 07:30;4,02
02.06.2023 07:45;15,72
02.06.2023 08:00;6,26
02.06.2023 08:15;12,95
02.06.2023 08:30;10,50
02.06.2023 08:45;19,01
02.06.2023 09:00;13,87
02.06.2023 09:15;24,22
02.06.2023 09:30;4,35
02.06.2023 09:45;2,03
02.06.2023 10:00;4,08
02.06.2023 10:15;11,10
02.06.2023 10:30;11,71
02.06.2023 10:45;5,52
02.06.2023 11:00;15,44
02.06.2023 11:15;18,51
02.06.2023 11:30;15,50
02.06.2023 11:45;10,91
02.06.2023 12:00;22,22
02.06.2023 12:15;10,85
02.06.2023 12:30;18,62
02.06.2023 12:45;14,29
02.06.2023 13:00;11,39
02.06.2023 13:15;16,72
02.06.2023 13:30;20,60
02.06.2023 13:45;7,55
02.06.2023 14:00;17,18
02.06.2023 14:15;26,12
02.06.2023 14:30;13,75
02.06.2023 14:45;13,82
02.06.2023 15:00;11,72
02.06.2023 15:15;15,05
02.06.2023 15:30;11,91
02.06.2023 15:45;16,64
02.06.2023 16:00;11,27
02.06.2023 16:15;10,60
02.06.2023 16:30;10,15
02.06.2023 16:45;11,03
02.06.2023 17:00;20,47
02.06.2023 17:15;17,57
02.06.2023 17:30;8,33
02.06.2023 17:45;13,34
02.06.2023 18:00;18,63
02.06.2023 18:15;0,00
02.06.2023 18:30;0,65
02.06.2023 18:45;6,97
02.06.2023 19:00;3,03
02.06.2023 19:15;2,50
02.06.2023 19:30;4,69
02.06.2023 19:45;4,40
02.06.2023 20:00;6,34
02.06.2023 20:15;5,00
02.06.2023 20:30;5,00
02.06.2023 20:45;9,13
02.06.2023 21:00;5,00
02.06.2023 21:15;5,00
02.06.2023 21:30;7,69
02.06.2023 21:45;5,00
02.06.2023 22:00;5,00
02.06.2023 22:15;6,50
02.06.2023 22:30;7,23
02.06.2023 22:45;7,79
02.06.2023 23:00;5,00
02.06.2023 23:15;6,54
02.06.2023 23:30;5,00
02.06.2023 23:45;5,00
03.06.2023 00:00;5,00
03.06.2023 00:15;5,00
03.06.2023 00:30;5,00
03.06.2023 00:45;5,00
03.06.2023 01:00;5,00
03.06.2023 01:15;5,00
03.06.2023 01:30;5,00
03.06.2023 01:45;5,00
03.06.2023 02:00;5,00
03.06.2023 02:15;5,00
03.06.2023 02:30;5,00
03.06.2023 02:45;5,00
03.06.2023 03:00;5,00
03.06.2023 03:15;5,00
03.06.2023 03:30;5,00
03.06.2023 03:45;5,00
03.06.2023 04:00;5,00
03.06.2023 04:15;4,85
03.06.2023 04:30;4,13
03.06.2023 04:45;3,23
03.06.2023 05:00;2,27
03.06.2023 05:15;3,15
03.06.2023 05:30;0,00
03.06.2023 05:45;0,00
03.06.2023 06:00;0,00
03.06.2023 06:15;0,00
03.06.2023 06:30;0,00
03.06.2023 06:45;2,19
03.06.2023 07:00;0,00
03.06.2023 07:15;1,69
03.06.2023 07:30;0,00
03.06.2023 07:45;0,00
03.06.2023 08:00;1,21
03.06.2023 08:15;0,00
03.06.2023 08:30;0,00
03.06.2023 08:45;0,00
03.06.2023 09:00;0,00
03.06.2023 09:15;0,00
03.06.2023 09:30;0,00
03.06.2023 09:45;0,00
03.06.2023 10:00;0,00
03.06.2023 10:15;9,14
03.06.2023 10:30;0,00
03.06.2023 10:45;0,00
03.06.2023 11:00;0,00
03.06.2023 11:15;8,27
03.06.2023 11:30;0,00
03.06.2023 11:45;0,00
03.06.2023 12:00;0,00
03.06.2023 12:15;0,00
03.06.2023 12:30;0,00
03.06.2023 12:45;0,00
03.06.2023 13:00;0,00
03.06.2023 13:15;0,00
03.06.2023 13:30;0,00
03.06.2023 13:45;0,00
03.06.2023 14:00;0,00
03.06.2023 14:15;0,00
03.06.2023 14:30;7,27
03.06.2023 14:45;0,00
03.06.2023 15:00;0,00
03.06.2023 15:15;4,34
03.06.2023 15:30;0,02
03.06.2023 15:45;1,37
03.06.2023 16:00;0,00
03.06.2023 16:15;0,00
03.06.2023 16:30;7,86
03.06.2023 16:45;0,00
03.06.2023 17:00;2,01
03.06.2023 17:15;5,25
03.06.2023 17:30;0,00
03.06.2023 17:45;0,12
03.06.2023 18:00;0,52
03.06.2023 18:15;0,60
03.06.2023 18:30;0,29
03.06.2023 18:45;1,97
03.06.2023 19:00;3,14
03.06.2023 19:15;3,90
03.06.2023 19:30;3,93
03.06.2023 19:45;5,29
03.06.2023 20:00;5,00
03.06.2023 20:15;5,00
03.06.2023 20:30;5,00
03.06.2023 20:45;5,00
03.06.2023 21:00;5,00
03.06.2023 21:15;5,00
03.06.2023 21:30;5,00
03.06.2023 21:45;5,00
03.06.2023 22:00;5,00
03.06.2023 22:15;5,00
03.06.2023 22:30;5,00
03.06.2023 22:45;5,00
03.06.2023 23:00;5,00
03.06.2023 23:15;5,00
03.06.2023 23:30;5,00
03.06.2023 23:45;5,00
04.06.2023 00:00;5,00
04.06.2023 00:15;5,00
04.06.2023 00:30;5,00
04.06.2023 00:45;5,00
04.06.2023 01:00;5,00
04.06.2023 01:15;5,00
04.06.2023 01:30;5,00
04.06.2023 01:45;5,00
04.06.2023 02:00;5,00
04.06.2023 02:15;5,00
04.06.2023 02:30;5,00
04.06.2023 02:45;5,00
04.06.2023 03:00;5,00
04.06.2023 03:15;5,00
04.06.2023 03:30;5,00
04.06.2023 03:45;5,00
04.06.2023 04:00;5,00
04.06.2023 04:15;4,27
04.06.2023 04:30;4,39
04.06.2023 04:45;1,98
04.06.2023 05:00;3,26
04.06.2023 05:15;3,10
04.06.2023 05:30;0,00
04.06.2023 05:45;0,00
04.06.2023 06:00;0,00
04.06.2023 06:15;0,00
04.06.2023 06:30;0,00
04.06.2023 06:45;0,00
04.06.2023 07:00;0,00
04.06.2023 07:15;0,00
04.06.2023 07:30;4,30
04.06.2023 07:45;0,00
04.06.2023 08:00;0,00
04.06.2023 08:15;0,00
04.06.2023 08:30;0,00
04.06.2023 08:45;0,00
04.06.2023 09:00;1,73
04.06.2023 09:15;0,00
04.06.2023 09:30;2,78
04.06.2023 09:45;0,00
04.06.2023 10:00;0,00
04.06.2023 10:15;0,00
04.06.2023 10:30;0,00
04.06.2023 10:45;0,00
04.06.2023 11:00;0,00
04.06.2023 11:15;0,00
04.06.2023 11:30;0,00
04.06.2023 11:45;0,00
04.06.2023 12:00;0,00
04.06.2023 12:15;11,08
04.06.2023 12:30;0,00
04.06.2023 12:45;0,00
04.06.2023 13:00;0,00
04.06.2023 13:15;6,71
04.06.2023 13:30;0,00
04.06.2023 13:45;0,00
04.06.2023 14:00;0,00
04.06.2023 14:15;5,64
04.06.2023 14:30;5,70
04.06.2023 14:45;7,48
04.06.2023 15:00;0,00
04.06.2023 15:15;0,00
04.06.2023 15:30;0,00
04.06.2023 15:45;4,61
04.06.2023 16:00;5,72
04.06.2023 16:15;8,26
04.06.2023 16:30;0,17
04.06.2023 16:45;0,00
04.06.2023 17:00;2,82
04.06.2023 17:15;0,00
04.06.2023 17:30;0,00
04.06.2023 17:45;2,51
04.06.2023 18:00;0,00
04.06.2023 18:15;0,00
04.06.2023 18:30;0,00
04.06.2023 18:45;0,66
04.06.2023 19:00;2,03
04.06.2023 19:15;3,70
04.06.2023 19:30;3,52
04.06.2023 19:45;4,47
04.06.2023 20:00;5,00
04.06.2023 20:15;5,00
04.06.2023 20:30;5,00
04.06.2023 20:45;5,21
04.06.2023 21:00;5,00
04.06.2023 21:15;5,00
04.06.2023 21:30;5,00
04.06.2023 21:45;5,00
04.06.2023 22:00;5,00
04.06.2023 22:15;5,00
04.06.2023 22:30;5,00
04.06.2023 22:45;5,00
04.06.2023 23:00;5,00
04.06.2023 23:15;5,00
04.06.2023 23:30;5,00
04.06.2023 23:45;5,00
05.06.2023 00:00;5,65
05.06.2023 00:15;7,31
05.06.2023 00:30;7,10
05.06.2023 00:45;6,03
05.06.2023 01:00;6,52
05.06.2023 01:15;7,86
05.06.2023 01:30;5,02
05.06.2023 01:45;5,00
05.06.2023 02:00;7,92
05.06.2023 02:15;5,00
05.06.2023 02:30;5,00
05.06.2023 02:45;5,00
05.06.2023 03:00;6,46
05.06.2023 03:15;5,00
05.06.2023 03:30;5,00
05.06.2023 03:45;6,50
05.06.2023 04:00;6,76
05.06.2023 04:15;4,08
05.06.2023 04:30;3,53
05.06.2023 04:45;1,93
05.06.2023 05:00;2,67
05.06.2023 05:15;1,50
05.06.2023 05:30;1,48
05.06.2023 05:45;0,68
05.06.2023 06:00;0,00
05.06.2023 06:15;2,84
05.06.2023 06:30;1,87
05.06.2023 06:45;0,00
05.06.2023 07:00;12,56
05.06.2023 07:15;7,94
05.06.2023 07:30;15,14
05.06.2023 07:45;10,58
05.06.2023 08:00;14,64
05.06.2023 08:15;10,40
05.06.2023 08:30;7,49
05.06.2023 08:45;12,30
05.06.2023 09:00;13,31
05.06.2023 09:15;14,16
05.06.2023 09:30;12,02
05.06.2023 09:45;5,69
05.06.2023 10:00;17,80
05.06.2023 10:15;4,12
05.06.2023 10:30;4,72
05.06.2023 10:45;19,14
05.06.2023 11:00;9,76
05.06.2023 11:15;9,72
05.06.2023 11:30;9,98
05.06.2023 11:45;14,19
05.06.2023 12:00;1,84
05.06.2023 12:15;5,49
05.06.2023 12:30;14,13
05.06.2023 12:45;8,76
05.06.2023 13:00;13,31
05.06.2023 13:15;25,94
05.06.2023 13:30;24,89
05.06.2023 13:45;19,80
05.06.2023 14:00;12,48
05.06.2023 14:15;14,79
05.06.2023 14:30;5,24
05.06.2023 14:45;26,72
05.06.2023 15:00;12,70
05.06.2023 15:15;11,38
05.06.2023 15:30;7,37
05.06.2023 15:45;9,93
05.06.2023 16:00;11,31
05.06.2023 16:15;15,55
05.06.2023 16:30;11,14
05.06.2023 16:45;11,93
05.06.2023 17:00;9,83
05.06.2023 17:15;10,07
05.06.2023 17:30;15,15
05.06.2023 17:45;13,60
05.06.2023 18:00;13,73
05.06.2023 18:15;0,00
05.06.2023 18:30;5,68
05.06.2023 18:45;2,07
05.06.2023 19:00;2,30
05.06.2023 19:15;2,47
05.06.2023 19:30;3,48
05.06.2023 19:45;4,97
05.06.2023 20:00;6,58
05.06.2023 20:15;5,07
05.06.2023 20:30;5,89
05.06.2023 20:45;5,24
05.06.2023 21:00;5,52
05.06.2023 21:15;5,00
05.06.2023 21:30;5,36
05.06.2023 21:45;10,72
05.06.2023 22:00;5,94
05.06.2023 22:15;6,61
05.06.2023 22:30;6,20
05.06.2023 22:45;5,00
05.06.2023 23:00;7,91
05.06.2023 23:15;5,00
05.06.2023 23:30;7,43
05.06.2023 23:45;5,00
06.06.2023 00:00;5,00
06.06.2023 00:15;6,04
06.06.2023 00:30;5,00
06.06.2023 00:45;6,38
06.06.2023 01:00;5,00
06.06.2023 01:15;5,00
06.06.2023 01:30;5,00
06.06.2023 01:45;10,96
06.06.2023 02:00;5,00
06.06.2023 02:15;5,33
06.06.2023 02:30;7,60
06.06.2023 02:45;7,38
06.06.2023 03:00;7,01
06.06.2023 03:15;5,00
06.06.2023 03:30;8,01
06.06.2023 03:45;7,14
06.06.2023 04:00;5,73
06.06.2023 04:15;5,17
06.06.2023 04:30;3,66
06.06.2023 04:45;2,89
06.06.2023 05:00;6,75
06.06.2023 05:15;3,29
06.06.2023 05:30;0,00
06.06.2023 05:45;0,00
06.06.2023 06:00;0,00
06.06.2023 06:15;1,49
06.06.2023 06:30;1,78
06.06.2023 06:45;0,00
06.06.2023 07:00;7,93
06.06.2023 07:15;10,41
06.06.2023 07:30;12,34
06.06.2023 07:45;10,67
06.06.2023 08:00;1,42
06.06.2023 08:15;2,95
06.06.2023 08:30;17,19
06.06.2023 08:45;20,79
06.06.2023 09:00;16,27
06.06.2023 09:15;16,76
06.06.2023 09:30;16,99
06.06.2023 09:45;14,21
06.06.2023 10:00;12,76
06.06.2023 10:15;19,67
06.06.2023 10:30;16,42
06.06.2023 10:45;4,01
06.06.2023 11:00;16,05
06.06.2023 11:15;15,51
06.06.2023 11:30;25,44
06.06.2023 11:45;13,71
06.06.2023 12:00;7,67
06.06.2023 12:15;6,75
06.06.2023 12:30;8,14
06.06.2023 12:45;22,81
06.06.2023 13:00;21,00
06.06.2023 13:15;7,37
06.06.2023 13:30;6,44
06.06.2023 13:45;11,88
06.06.2023 14:00;9,54
06.06.2023 14:15;24,18
06.06.2023 14:30;18,69
06.06.2023 14:45;24,91
06.06.2023 15:00;11,55
06.06.2023 15:15;9,52
06.06.2023 15:30;13,51
06.06.2023 15:45;16,76
06.06.2023 16:00;6,81
06.06.2023 16:15;11,24
06.06.2023 16:30;4,54
06.06.2023 16:45;11,30
06.06.2023 17:00;14,35
06.06.2023 17:15;8,39
06.06.2023 17:30;8,69
06.06.2023 17:45;12,17
06.06.2023 18:00;11,09
06.06.2023 18:15;0,00
06.06.2023 18:30;1,70
06.06.2023 18:45;2,78
06.06.2023 19:00;2,47
06.06.2023 19:15;3,55
06.06.2023 19:30;4,07
06.06.2023 19:45;4,03
06.06.2023 20:00;5,00
06.06.2023 20:15;5,00
06.06.2023 20:30;9,13
06.06.2023 20:45;5,00
06.06.2023 21:00;8,48
06.06.2023 21:15;5,39
06.06.2023 21:30;6,44
06.06.2023 21:45;5,00
06.06.2023 22:00;5,73
06.06.2023 22:15;6,61
06.06.2023 22:30;6,64
06.06.2023 22:45;6,86
06.06.2023 23:00;5,00
06.06.2023 23:15;5,00
06.06.2023 23:30;5,00
06.06.2023 23:45;6,36
07.06.2023 00:00;7,46
07.06.2023 00:15;8,53
07.06.2023 00:30;5,91
07.06.2023 00:45;5,00
07.06.2023 01:00;5,00
07.06.2023 01:15;7,38
07.06.2023 01:30;5,00
07.06.2023 01:45;5,00
07.06.2023 02:00;5,00
07.06.2023 02:15;5,16
07.06.2023 02:30;5,37
07.06.2023 02:45;5,58
07.06.2023 03:00;5,00
07.06.2023 03:15;5,33
07.06.2023 03:30;5,00
07.06.2023 03:45;6,76
07.06.2023 04:00;5,00
07.06.2023 04:15;3,99
07.06.2023 04:30;3,74
07.06.2023 04:45;2,50
07.06.2023 05:00;6,01
07.06.2023 05:15;4,23
07.06.2023 05:30;3,10
07.06.2023 05:45;3,59
07.06.2023 06:00;0,00
07.06.2023 06:15;0,00
07.06.2023 06:30;4,22
07.06.2023 06:45;0,00
07.06.2023 07:00;8,82
07.06.2023 07:15;6,00
07.06.2023 07:30;5,83
07.06.2023 07:45;3,10
07.06.2023 08:00;11,60
07.06.2023 08:15;14,04
07.06.2023 08:30;9,60
07.06.2023 08:45;13,86
07.06.2023 09:00;6,47
07.06.2023 09:15;5,77
07.06.2023 09:30;11,86
07.06.2023 09:45;10,04
07.06.2023 10:00;16,89
07.06.2023 10:15;7,39
07.06.2023 10:30;9,16
07.06.2023 10:45;3,10
07.06.2023 11:00;20,01
07.06.2023 11:15;16,27
07.06.2023 11:30;21,87
07.06.2023 11:45;18,49
07.06.2023 12:00;22,54
07.06.2023 12:15;5,53
07.06.2023 12:30;7,19
07.06.2023 12:45;15,65
07.06.2023 13:00;19,90
07.06.2023 13:15;22,79
07.06.2023 13:30;18,87
07.06.2023 13:45;10,18
07.06.2023 14:00;17,79
07.06.2023 14:15;3,28
07.06.2023 14:30;5,63
07.06.2023 14:45;11,11
07.06.2023 15:00;14,47
07.06.2023 15:15;16,24
07.06.2023 15:30;7,94
07.06.2023 15:45;19,65
07.06.2023 16:00;7,64
07.06.2023 16:15;14,18
07.06.2023 16:30;10,37
07.06.2023 16:45;17,98
07.06.2023 17:00;14,49
07.06.2023 17:15;10,09
07.06.2023 17:30;10,16
07.06.2023 17:45;9,26
07.06.2023 18:00;12,09
07.06.2023 18:15;0,71
07.06.2023 18:30;0,00
07.06.2023 18:45;0,26
07.06.2023 19:00;4,04
07.06.2023 19:15;4,30
07.06.2023 19:30;4,93
07.06.2023 19:45;4,37
07.06.2023 20:00;5,00
07.06.2023 20:15;6,77
07.06.2023 20:30;5,00
07.06.2023 20:45;5,34
07.06.2023 21:00;5,00
07.06.2023 21:15;7,09
07.06.2023 21:30;5,00
07.06.2023 21:45;6,08
07.06.2023 22:00;5,00
07.06.2023 22:15;5,00
07.06.2023 22:30;5,00
07.06.2023 22:45;9,48
07.06.2023 23:00;6,40
07.06.2023 23:15;5,00
07.06.2023 23:30;5,00
07.06.2023 23:45;5,00
08.06.2023 00:00;6,72
08.06.2023 00:15;5,00
08.06.2023 00:30;5,01
08.06.2023 00:45;8,83
08.06.2023 01:00;5,00
08.06.2023 01:15;5,45
08.06.2023 01:30;9,70
08.06.2023 01:45;6,55
08.06.2023 02:00;5,54
08.06.2023 02:15;6,30
08.06.2023 02:30;5,00
08.06.2023 02:45;7,89
08.06.2023 03:00;5,00
08.06.2023 03:15;5,00
08.06.2023 03:30;5,00
08.06.2023 03:45;5,00
08.06.2023 04:00;4,98
08.06.2023 04:15;4,20
08.06.2023 04:30;5,84
08.06.2023 04:45;4,63
08.06.2023 05:00;3,81
08.06.2023 05:15;1,06
08.06.2023 05:30;4,34
08.06.2023 05:45;0,00
08.06.2023 06:00;0,00
08.06.2023 06:15;0,00
08.06.2023 06:30;0,00
08.06.2023 06:45;3,27
08.06.2023 07:00;17,21
08.06.2023 07:15;5,90
08.06.2023 07:30;13,40
08.06.2023 07:45;6,33
08.06.2023 08:00;17,35
08.06.2023 08:15;9,32
08.06.2023 08:30;1,18
08.06.2023 08:45;10,21
08.06.2023 09:00;19,53
08.06.2023 09:15;5,03
08.06.2023 09:30;4,84
08.06.2023 09:45;13,28
08.06.2023 10:00;11,71
08.06.2023 10:15;6,22
08.06.2023 10:30;9,58
08.06.2023 10:45;19,95
08.06.2023 11:00;11,68
08.06.2023 11:15;6,39
08.06.2023 11:30;9,98
08.06.2023 11:45;13,46
08.06.2023 12:00;14,73
08.06.2023 12:15;18,10
08.06.2023 12:30;24,03
08.06.2023 12:45;10,04
08.06.2023 13:00;15,14
08.06.2023 13:15;24,60
08.06.2023 13:30;5,93
08.06.2023 13:45;14,82
08.06.2023 14:00;19,28
08.06.2023 14:15;16,22
08.06.2023 14:30;15,59
08.06.2023 14:45;10,73
08.06.2023 15:00;17,28
08.06.2023 15:15;7,81
08.06.2023 15:30;10,73
08.06.2023 15:45;14,75
08.06.2023 16:00;13,11
08.06.2023 16:15;13,62
08.06.2023 16:30;13,95
08.06.2023 16:45;8,33
08.06.2023 17:00;18,13
08.06.2023 17:15;11,70
08.06.2023 17:30;12,64
08.06.2023 17:45;15,59
08.06.2023 18:00;11,61
08.06.2023 18:15;0,00
08.06.2023 18:30;3,23
08.06.2023 18:45;1,78
08.06.2023 19:00;2,05
08.06.2023 19:15;3,11
08.06.2023 19:30;4,61
08.06.2023 19:45;4,21
08.06.2023 20:00;4,98
08.06.2023 20:15;5,00
08.06.2023 20:30;6,01
08.06.2023 20:45;5,96
08.06.2023 21:00;6,25
08.06.2023 21:15;5,87
08.06.2023 21:30;5,00
08.06.2023 21:45;5,00
08.06.2023 22:00;7,13
08.06.2023 22:15;7,43
08.06.2023 22:30;5,00
08.06.2023 22:45;5,00
08.06.2023 23:00;5,00
08.06.2023 23:15;7,38
08.06.2023 23:30;7,72
08.06.2023 23:45;5,00
09.06.2023 00:00;5,90
09.06.2023 00:15;8,95
09.06.2023 00:30;6,11
09.06.2023 00:45;8,12
09.06.2023 01:00;7,28
09.06.2023 01:15;5,00
09.06.2023 01:30;5,00
09.06.2023 01:45;5,35
09.06.2023 02:00;5,49
09.06.2023 02:15;7,11
09.06.2023 02:30;6,10
09.06.2023 02:45;5,00
09.06.2023 03:00;5,00
09.06.2023 03:15;5,00
09.06.2023 03:30;5,63
09.06.2023 03:45;5,76
09.06.2023 04:00;5,82
09.06.2023 04:15;3,92
09.06.2023 04:30;5,82
09.06.2023 04:45;4,32
09.06.2023 05:00;2,38
09.06.2023 05:15;3,30
09.06.2023 05:30;2,19
09.06.2023 05:45;2,54
09.06.2023 06:00;4,42
09.06.2023 06:15;1,02
09.06.2023 06:30;0,00
09.06.2023 06:45;0,00
09.06.2023 07:00;4,98
09.06.2023 07:15;6,99
09.06.2023 07:30;3,44
09.06.2023 07:45;8,54
09.06.2023 08:00;12,45
09.06.2023 08:15;8,23
09.06.2023 08:30;10,19
09.06.2023 08:45;7,06
09.06.2023 09:00;4,57
09.06.2023 09:15;24,67
09.06.2023 09:30;6,10
09.06.2023 09:45;13,50
09.06.2023 10:00;16,02
09.06.2023 10:15;3,56
09.06.2023 10:30;12,88
09.06.2023 10:45;9,67
09.06.2023 11:00;10,22
09.06.2023 11:15;6,15
09.06.2023 11:30;11,17
09.06.2023 11:45;9,60
09.06.2023 12:00;16,95
09.06.2023 12:15;2,73
09.06.2023 12:30;3,89
09.06.2023 12:45;23,89
09.06.2023 13:00;10,25
09.06.2023 13:15;19,79
09.06.2023 13:30;9,26
09.06.2023 13:45;24,34
09.06.2023 14:00;12,20
09.06.2023 14:15;19,02
09.06.2023 14:30;21,26
09.06.2023 14:45;16,58
09.06.2023 15:00;16,21
09.06.2023 15:15;15,63
09.06.2023 15:30;14,18
09.06.2023 15:45;10,59
09.06.2023 16:00;11,38
09.06.2023 16:15;9,12
09.06.2023 16:30;14,93
09.06.2023 16:45;10,19
09.06.2023 17:00;12,51
09.06.2023 17:15;11,26
09.06.2023 17:30;13,94
09.06.2023 17:45;14,05
09.06.2023 18:00;13,23
09.06.2023 18:15;0,00
09.06.2023 18:30;0,00
09.06.2023 18:45;0,13
09.06.2023 19:00;3,48
09.06.2023 19:15;3,20
09.06.2023 19:30;4,68
09.06.2023 19:45;7,45
09.06.2023 20:00;4,96
09.06.2023 20:15;6,76
09.06.2023 20:30;5,00
09.06.2023 20:45;7,13
09.06.2023 21:00;5,00
09.06.2023 21:15;5,00
09.06.2023 21:30;5,00
09.06.2023 21:45;5,00
09.06.2023 22:00;5,00
09.06.2023 22:15;5,00
09.06.2023 22:30;6,72
09.06.2023 22:45;5,00
09.06.2023 23:00;5,00
09.06.2023 23:15;5,00
09.06.2023 23:30;5,00
09.06.2023 23:45;5,00
10.06.2023 00:00;5,00
10.06.2023 00:15;5,00
10.06.2023 00:30;5,00
10.06.2023 00:45;5,00
10.06.2023 01:00;5,00
10.06.2023 01:15;5,00
10.06.2023 01:30;5,73
10.06.2023 01:45;5,00
10.06.2023 02:00;5,00
10.06.2023 02:15;5,00
10.06.2023 02:30;5,00
10.06.2023 02:45;5,20
10.06.2023 03:00;5,00
10.06.2023 03:15;5,00
10.06.2023 03:30;5,00
10.06.2023 03:45;5,00
10.06.2023 04:00;4,91
10.06.2023 04:15;4,06
10.06.2023 04:30;3,77
10.06.2023 04:45;3,65
10.06.2023 05:00;3,37
10.06.2023 05:15;0,00
10.06.2023 05:30;0,00
10.06.2023 05:45;0,00
10.06.2023 06:00;0,59
10.06.2023 06:15;0,00
10.06.2023 06:30;0,00
10.06.2023 06:45;0,00
10.06.2023 07:00;0,00
10.06.2023 07:15;1,94
10.06.2023 07:30;0,00
10.06.2023 07:45;0,00
10.06.2023 08:00;0,42
10.06.2023 08:15;0,00
10.06.2023 08:30;0,00
10.06.2023 08:45;0,00
10.06.2023 09:00;0,78
10.06.2023 09:15;0,00
10.06.2023 09:30;0,00
10.06.2023 09:45;0,00
10.06.2023 10:00;0,00
10.06.2023 10:15;0,00
10.06.2023 10:30;0,00
10.06.2023 10:45;2,13
10.06.2023 11:00;0,00
10.06.2023 11:15;0,00
10.06.2023 11:30;0,00
10.06.2023 11:45;0,00
10.06.2023 12:00;0,00
10.06.2023 12:15;0,00
10.06.2023 12:30;0,00
10.06.2023 12:45;0,56
10.06.2023 13:00;0,00
10.06.2023 13:15;0,00
10.06.2023 13:30;0,00
10.06.2023 13:45;0,00
10.06.2023 14:00;0,00
10.06.2023 14:15;0,00
10.06.2023 14:30;0,00
10.06.2023 14:45;0,00
10.06.2023 15:00;1,15
10.06.2023 15:15;0,00
10.06.2023 15:30;0,00
10.06.2023 15:45;0,00
10.06.2023 16:00;0,06
10.06.2023 16:15;0,00
10.06.2023 16:30;8,29
10.06.2023 16:45;2,15
10.06.2023 17:00;2,05
10.06.2023 17:15;0,32
10.06.2023 17:30;0,00
10.06.2023 17:45;0,04
10.06.2023 18:00;0,00
10.06.2023 18:15;0,92
10.06.2023 18:30;2,33
10.06.2023 18:45;1,47
10.06.2023 19:00;2,62
10.06.2023 19:15;4,15
10.06.2023 19:30;3,35
10.06.2023 19:45;4,96
10.06.2023 20:00;4,91
10.06.2023 20:15;5,00
10.06.2023 20:30;5,19
10.06.2023 20:45;5,00
10.06.2023 21:00;5,00
10.06.2023 21:15;5,00
10.06.2023 21:30;5,00
10.06.2023 21:45;5,00
10.06.2023 22:00;5,00
10.06.2023 22:15;5,00
10.06.2023 22:30;5,78
10.06.2023 22:45;5,00
10.06.2023 23:00;5,00
10.06.2023 23:15;5,00
10.06.2023 23:30;5,00
10.06.2023 23:45;5,39
11.06.2023 00:00;5,00
11.06.2023 00:15;5,00
11.06.2023 00:30;5,00
11.06.2023 00:45;5,00
11.06.2023 01:00;5,00
11.06.2023 01:15;5,00
11.06.2023 01:30;5,00
11.06.2023 01:45;5,00
11.06.2023 02:00;5,00
11.06.2023 02:15;5,17
11.06.2023 02:30;5,00
11.06.2023 02:45;5,00
11.06.2023 03:00;5,00
11.06.2023 03:15;5,00
11.06.2023 03:30;5,00
11.06.2023 03:45;5,00
11.06.2023 04:00;4,87
11.06.2023 04:15;4,03
11.06.2023 04:30;2,78
11.06.2023 04:45;1,70
11.06.2023 05:00;2,23
11.06.2023 05:15;2,72
11.06.2023 05:30;1,13
11.06.2023 05:45;0,00
11.06.2023 06:00;0,00
11.06.2023 06:15;0,00
11.06.2023 06:30;0,00
11.06.2023 06:45;0,00
11.06.2023 07:00;0,00
11.06.2023 07:15;1,03
11.06.2023 07:30;0,00
11.06.2023 07:45;0,00
11.06.2023 08:00;0,00
11.06.2023 08:15;0,00
11.06.2023 08:30;0,00
11.06.2023 08:45;2,50
11.06.2023 09:00;0,00
11.06.2023 09:15;0,00
11.06.2023 09:30;0,00
11.06.2023 09:45;0,00
11.06.2023 10:00;0,00
11.06.2023 10:15;0,00
11.06.2023 10:30;0,00
11.06.2023 10:45;0,00
11.06.2023 11:00;4,22
11.06.2023 11:15;0,00
11.06.2023 11:30;0,00
11.06.2023 11:45;5,80
11.06.2023 12:00;0,00
11.06.2023 12:15;0,00
11.06.2023 12:30;0,00
11.06.2023 12:45;0,00
11.06.2023 13:00;5,59
11.06.2023 13:15;7,86
11.06.2023 13:30;3,47
11.06.2023 13:45;0,00
11.06.2023 14:00;0,00
11.06.2023 14:15;0,00
11.06.2023 14:30;0,00
11.06.2023 14:45;3,87
11.06.2023 15:00;0,00
11.06.2023 15:15;0,69
11.06.2023 15:30;0,00
11.06.2023 15:45;0,00
11.06.2023 16:00;0,00
11.06.2023 16:15;0,00
11.06.2023 16:30;0,00
11.06.2023 16:45;0,00
11.06.2023 17:00;0,00
11.06.2023 17:15;3,16
11.06.2023 17:30;0,77
11.06.2023 17:45;0,00
11.06.2023 18:00;2,51
11.06.2023 18:15;0,48
11.06.2023 18:30;0,86
11.06.2023 18:45;1,44
11.06.2023 19:00;1,58
11.06.2023 19:15;3,80
11.06.2023 19:30;2,88
11.06.2023 19:45;4,93
11.06.2023 20:00;4,88
11.06.2023 20:15;5,00
11.06.2023 20:30;5,00
11.06.2023 20:45;5,00
11.06.2023 21:00;5,00
11.06.2023 21:15;5,00
11.06.2023 21:30;5,00
11.06.2023 21:45;5,00
11.06.2023 22:00;5,00
11.06.2023 22:15;5,00
11.06.2023 22:30;5,00
11.06.2023 22:45;5,00
11.06.2023 23:00;5,00
11.06.2023 23:15;5,00
11.06.2023 23:30;5,00
11.06.2023 23:45;5,00
12.06.2023 00:00;5,00
12.06.2023 00:15;5,00
12.06.2023 00:30;7,09
12.06.2023 00:45;5,00
12.06.2023 01:00;6,69
12.06.2023 01:15;7,57
12.06.2023 01:30;5,00
12.06.2023 01:45;5,00
12.06.2023 02:00;5,00
12.06.2023 02:15;5,02
12.06.2023 02:30;5,24
12.06.2023 02:45;5,00
12.06.2023 03:00;9,10
12.06.2023 03:15;5,83
12.06.2023 03:30;5,00
12.06.2023 03:45;8,18
12.06.2023 04:00;4,85
12.06.2023 04:15;4,10
12.06.2023 04:30;3,14
12.06.2023 04:45;7,85
12.06.2023 05:00;4,24
12.06.2023 05:15;2,96
12.06.2023 05:30;0,15
12.06.2023 05:45;1,77
12.06.2023 06:00;2,16
12.06.2023 06:15;0,43
12.06.2023 06:30;0,18
12.06.2023 06:45;1,64
12.06.2023 07:00;3,80
12.06.2023 07:15;4,33
12.06.2023 07:30;16,47
12.06.2023 07:45;13,83
12.06.2023 08:00;9,85
12.06.2023 08:15;18,39
12.06.2023 08:30;2,90
12.06.2023 08:45;15,05
12.06.2023 09:00;5,86
12.06.2023 09:15;10,14
12.06.2023 09:30;15,57
12.06.2023 09:45;4,11
12.06.2023 10:00;5,71
12.06.2023 10:15;14,24
12.06.2023 10:30;4,25
12.06.2023 10:45;13,92
12.06.2023 11:00;15,74
12.06.2023 11:15;0,00
12.06.2023 11:30;11,75
12.06.2023 11:45;1,46
12.06.2023 12:00;13,37
12.06.2023 12:15;27,27
12.06.2023 12:30;27,55
12.06.2023 12:45;8,72
12.06.2023 13:00;15,44
12.06.2023 13:15;11,24
12.06.2023 13:30;6,45
12.06.2023 13:45;13,80
12.06.2023 14:00;18,49
12.06.2023 14:15;11,18
12.06.2023 14:30;11,08
12.06.2023 14:45;15,35
12.06.2023 15:00;22,94
12.06.2023 15:15;15,61
12.06.2023 15:30;11,72
12.06.2023 15:45;20,80
12.06.2023 16:00;15,89
12.06.2023 16:15;17,22
12.06.2023 16:30;24,67
12.06.2023 16:45;10,91
12.06.2023 17:00;12,72
12.06.2023 17:15;11,96
12.06.2023 17:30;15,22
12.06.2023 17:45;10,40
12.06.2023 18:00;9,57
12.06.2023 18:15;4,48
12.06.2023 18:30;0,23
12.06.2023 18:45;1,70
12.06.2023 19:00;2,00
12.06.2023 19:15;4,55
12.06.2023 19:30;6,01
12.06.2023 19:45;4,29
12.06.2023 20:00;4,89
12.06.2023 20:15;5,18
12.06.2023 20:30;5,29
12.06.2023 20:45;6,70
12.06.2023 21:00;9,28
12.06.2023 21:15;5,00
12.06.2023 21:30;5,00
12.06.2023 21:45;5,00
12.06.2023 22:00;5,65
12.06.2023 22:15;6,21
12.06.2023 22:30;5,00
12.06.2023 22:45;6,81
12.06.2023 23:00;6,18
12.06.2023 23:15;5,34
12.06.2023 23:30;5,00
12.06.2023 23:45;5,00
13.06.2023 00:00;5,00
13.06.2023 00:15;5,72
13.06.2023 00:30;5,30
13.06.2023 00:45;5,62
13.06.2023 01:00;6,25
13.06.2023 01:15;6,02
13.06.2023 01:30;5,02
13.06.2023 01:45;5,34
13.06.2023 02:00;5,00
13.06.2023 02:15;5,00
13.06.2023 02:30;5,35
13.06.2023 02:45;5,00
13.06.2023 03:00;6,97
13.06.2023 03:15;5,00
13.06.2023 03:30;5,68
13.06.2023 03:45;5,48
13.06.2023 04:00;6,60
13.06.2023 04:15;6,07
13.06.2023 04:30;4,97
13.06.2023 04:45;1,69
13.06.2023 05:00;3,96
13.06.2023 05:15;6,04
13.06.2023 05:30;4,33
13.06.2023 05:45;0,00
13.06.2023 06:00;0,00
13.06.2023 06:15;1,05
13.06.2023 06:30;0,03
13.06.2023 06:45;0,00
13.06.2023 07:00;5,58
13.06.2023 07:15;2,10
13.06.2023 07:30;2,17
13.06.2023 07:45;7,61
13.06.2023 08:00;11,50
13.06.2023 08:15;14,46
13.06.2023 08:30;13,47
13.06.2023 08:45;9,09
13.06.2023 09:00;14,89
13.06.2023 09:15;5,31
13.06.2023 09:30;18,04
13.06.2023 09:45;9,60
13.06.2023 10:00;16,21
13.06.2023 10:15;6,94
13.06.2023 10:30;14,65
13.06.2023 10:45;3,73
13.06.2023 11:00;14,24
13.06.2023 11:15;13,37
13.06.2023 11:30;6,31
13.06.2023 11:45;12,70
13.06.2023 12:00;11,92
13.06.2023 12:15;5,97
13.06.2023 12:30;15,69
13.06.2023 12:45;21,37
13.06.2023 13:00;17,38
13.06.2023 13:15;26,32
13.06.2023 13:30;12,80
13.06.2023 13:45;10,33
13.06.2023 14:00;10,55
13.06.2023 14:15;8,75
13.06.2023 14:30;3,86
13.06.2023 14:45;10,27
13.06.2023 15:00;23,41
13.06.2023 15:15;6,66
13.06.2023 15:30;19,77
13.06.2023 15:45;9,56
13.06.2023 16:00;11,39
13.06.2023 16:15;8,28
13.06.2023 16:30;12,04
13.06.2023 16:45;5,97
13.06.2023 17:00;11,69
13.06.2023 17:15;13,96
13.06.2023 17:30;7,19
13.06.2023 17:45;13,95
13.06.2023 18:00;10,16
13.06.2023 18:15;0,00
13.06.2023 18:30;0,00
13.06.2023 18:45;2,87
13.06.2023 19:00;2,95
13.06.2023 19:15;1,64
13.06.2023 19:30;5,72
13.06.2023 19:45;4,13
13.06.2023 20:00;4,88
13.06.2023 20:15;5,00
13.06.2023 20:30;5,00
13.06.2023 20:45;5,00
13.06.2023 21:00;6,50
13.06.2023 21:15;5,31
13.06.2023 21:30;8,39
13.06.2023 21:45;8,34
13.06.2023 22:00;6,11
13.06.2023 22:15;5,87
13.06.2023 22:30;5,38
13.06.2023 22:45;5,00
13.06.2023 23:00;5,00
13.06.2023 23:15;5,45
13.06.2023 23:30;6,48
13.06.2023 23:45;5,82
14.06.2023 00:00;5,00
14.06.2023 00:15;7,11
14.06.2023 00:30;8,20
14.06.2023 00:45;7,11
14.06.2023 01:00;7,22
14.06.2023 01:15;5,00
14.06.2023 01:30;7,39
14.06.2023 01:45;5,53
14.06.2023 02:00;6,26
14.06.2023 02:15;5,97
14.06.2023 02:30;5,00
14.06.2023 02:45;5,00
14.06.2023 03:00;5,07
14.06.2023 03:15;7,21
14.06.2023 03:30;5,00
14.06.2023 03:45;7,02
14.06.2023 04:00;6,58
14.06.2023 04:15;3,81
14.06.2023 04:30;6,08
14.06.2023 04:45;3,11
14.06.2023 05:00;5,58
14.06.2023 05:15;2,05
14.06.2023 05:30;0,00
14.06.2023 05:45;0,00
14.06.2023 06:00;0,00
14.06.2023 06:15;0,35
14.06.2023 06:30;0,00
14.06.2023 06:45;0,00
14.06.2023 07:00;5,80
14.06.2023 07:15;12,40
14.06.2023 07:30;6,79
14.06.2023 07:45;15,64
14.06.2023 08:00;10,76
14.06.2023 08:15;16,16
14.06.2023 08:30;3,04
14.06.2023 08:45;12,51
14.06.2023 09:00;4,96
14.06.2023 09:15;12,18
14.06.2023 09:30;2,67
14.06.2023 09:45;20,14
14.06.2023 10:00;7,00
14.06.2023 10:15;14,38
14.06.2023 10:30;6,14
14.06.2023 10:45;10,03
14.06.2023 11:00;18,54
14.06.2023 11:15;3,13
14.06.2023 11:30;11,97
14.06.2023 11:45;9,20
14.06.2023 12:00;5,32
14.06.2023 12:15;13,07
14.06.2023 12:30;6,61
14.06.2023 12:45;15,55
14.06.2023 13:00;6,85
14.06.2023 13:15;9,77
14.06.2023 13:30;12,64
14.06.2023 13:45;8,53
14.06.2023 14:00;7,36
14.06.2023 14:15;12,78
14.06.2023 14:30;10,98
14.06.2023 14:45;12,03
14.06.2023 15:00;4,36
14.06.2023 15:15;14,95
14.06.2023 15:30;6,65
14.06.2023 15:45;16,42
14.06.2023 16:00;22,28
14.06.2023 16:15;10,68
14.06.2023 16:30;10,09
14.06.2023 16:45;16,21
14.06.2023 17:00;18,77
14.06.2023 17:15;7,09
14.06.2023 17:30;11,69
14.06.2023 17:45;9,47
14.06.2023 18:00;18,19
14.06.2023 18:15;0,00
14.06.2023 18:30;1,47
14.06.2023 18:45;2,60
14.06.2023 19:00;1,60
14.06.2023 19:15;5,62
14.06.2023 19:30;5,32
14.06.2023 19:45;4,39
14.06.2023 20:00;8,62
14.06.2023 20:15;5,00
14.06.2023 20:30;5,00
14.06.2023 20:45;5,00
14.06.2023 21:00;9,09
14.06.2023 21:15;5,00
14.06.2023 21:30;5,17
14.06.2023 21:45;8,10
14.06.2023 22:00;5,00
14.06.2023 22:15;5,00
14.06.2023 22:30;5,00
14.06.2023 22:45;7,98
14.06.2023 23:00;5,38
14.06.2023 23:15;9,10
14.06.2023 23:30;6,71
14.06.2023 23:45;5,00
15.06.2023 00:00;5,33
15.06.2023 00:15;5,00
15.06.2023 00:30;5,00
15.06.2023 00:45;14,19
15.06.2023 01:00;7,27
15.06.2023 01:15;6,95
15.06.2023 01:30;5,00
15.06.2023 01:45;8,37
15.06.2023 02:00;7,43
15.06.2023 02:15;8,99
15.06.2023 02:30;8,90
15.06.2023 02:45;5,00
15.06.2023 03:00;5,00
15.06.2023 03:15;5,00
15.06.2023 03:30;5,00
15.06.2023 03:45;5,88
15.06.2023 04:00;4,77
15.06.2023 04:15;8,31
15.06.2023 04:30;7,16
15.06.2023 04:45;3,27
15.06.2023 05:00;5,77
15.06.2023 05:15;5,43
15.06.2023 05:30;0,97
15.06.2023 05:45;0,00
15.06.2023 06:00;2,77
15.06.2023 06:15;0,00
15.06.2023 06:30;1,46
15.06.2023 06:45;0,00
15.06.2023 07:00;10,85
15.06.2023 07:15;12,26
15.06.2023 07:30;7,46
15.06.2023 07:45;11,23
15.06.2023 08:00;10,63
15.06.2023 08:15;11,21
15.06.2023 08:30;10,77
15.06.2023 08:45;11,79
15.06.2023 09:00;4,73
15.06.2023 09:15;3,14
15.06.2023 09:30;20,59
15.06.2023 09:45;5,27
15.06.2023 10:00;4,71
15.06.2023 10:15;8,39
15.06.2023 10:30;13,58
15.06.2023 10:45;12,67
15.06.2023 11:00;4,91
15.06.2023 11:15;4,95
15.06.2023 11:30;8,11
15.06.2023 11:45;22,40
15.06.2023 12:00;16,09
15.06.2023 12:15;15,43
15.06.2023 12:30;6,78
15.06.2023 12:45;13,34
15.06.2023 13:00;19,12
15.06.2023 13:15;10,03
15.06.2023 13:30;13,88
15.06.2023 13:45;5,64
15.06.2023 14:00;10,17
15.06.2023 14:15;5,95
15.06.2023 14:30;5,81
15.06.2023 14:45;4,10
15.06.2023 15:00;11,50
15.06.2023 15:15;15,11
15.06.2023 15:30;16,32
15.06.2023 15:45;8,69
15.06.2023 16:00;8,35
15.06.2023 16:15;14,81
15.06.2023 16:30;10,08
15.06.2023 16:45;14,41
15.06.2023 17:00;18,02
15.06.2023 17:15;14,06
15.06.2023 17:30;8,62
15.06.2023 17:45;8,15
15.06.2023 18:00;8,55
15.06.2023 18:15;0,55
15.06.2023 18:30;2,25
15.06.2023 18:45;1,22
15.06.2023 19:00;1,95
15.06.2023 19:15;2,53
15.06.2023 19:30;3,46
15.06.2023 19:45;4,03
15.06.2023 20:00;5,31
15.06.2023 20:15;5,00
15.06.2023 20:30;7,99
15.06.2023 20:45;7,61
15.06.2023 21:00;7,59
15.06.2023 21:15;5,00
15.06.2023 21:30;5,00
15.06.2023 21:45;5,39
15.06.2023 22:00;5,00
15.06.2023 22:15;5,00
15.06.2023 22:30;5,00
15.06.2023 22:45;5,15
15.06.2023 23:00;5,00
15.06.2023 23:15;6,61
15.06.2023 23:30;6,56
15.06.2023 23:45;7,43
16.06.2023 00:00;5,00
16.06.2023 00:15;6,02
16.06.2023 00:30;5,00
16.06.2023 00:45;5,00
16.06.2023 01:00;5,00
16.06.2023 01:15;7,36
16.06.2023 01:30;5,00
16.06.2023 01:45;8,35
16.06.2023 02:00;6,32
16.06.2023 02:15;5,00
16.06.2023 02:30;7,54
16.06.2023 02:45;6,11
16.06.2023 03:00;5,00
16.06.2023 03:15;8,94
16.06.2023 03:30;5,74
16.06.2023 03:45;5,26
16.06.2023 04:00;4,83
16.06.2023 04:15;6,56
16.06.2023 04:30;3,92
16.06.2023 04:45;4,41
16.06.2023 05:00;1,83
16.06.2023 05:15;5,73
16.06.2023 05:30;0,25
16.06.2023 05:45;3,13
16.06.2023 06:00;0,00
16.06.2023 06:15;5,36
16.06.2023 06:30;0,00
16.06.2023 06:45;0,00
16.06.2023 07:00;3,01
16.06.2023 07:15;6,83
16.06.2023 07:30;8,25
16.06.2023 07:45;5,64
16.06.2023 08:00;6,57
16.06.2023 08:15;7,74
16.06.2023 08:30;7,42
16.06.2023 08:45;1,73
16.06.2023 09:00;10,73
16.06.2023 09:15;12,69
16.06.2023 09:30;3,50
16.06.2023 09:45;6,99
16.06.2023 10:00;7,61
16.06.2023 10:15;3,65
16.06.2023 10:30;0,24
16.06.2023 10:45;19,82
16.06.2023 11:00;3,12
16.06.2023 11:15;8,04
16.06.2023 11:30;17,09
16.06.2023 11:45;15,89
16.06.2023 12:00;2,99
16.06.2023 12:15;21,15
16.06.2023 12:30;20,35
16.06.2023 12:45;14,04
16.06.2023 13:00;25,06
16.06.2023 13:15;18,00
16.06.2023 13:30;17,15
16.06.2023 13:45;13,70
16.06.2023 14:00;6,56
16.06.2023 14:15;15,74
16.06.2023 14:30;7,32
16.06.2023 14:45;9,59
16.06.2023 15:00;27,17
16.06.2023 15:15;15,00
16.06.2023 15:30;15,78
16.06.2023 15:45;11,81
16.06.2023 16:00;11,56
16.06.2023 16:15;10,90
16.06.2023 16:30;13,80
16.06.2023 16:45;13,33
16.06.2023 17:00;17,57
16.06.2023 17:15;15,00
16.06.2023 17:30;11,47
16.06.2023 17:45;11,45
16.06.2023 18:00;8,79
16.06.2023 18:15;0,54
16.06.2023 18:30;3,02
16.06.2023 18:45;3,10
16.06.2023 19:00;3,09
16.06.2023 19:15;3,29
16.06.2023 19:30;7,42
16.06.2023 19:45;4,74
16.06.2023 20:00;4,86
16.06.2023 20:15;5,00
16.06.2023 20:30;6,63
16.06.2023 20:45;7,21
16.06.2023 21:00;5,26
16.06.2023 21:15;10,17
16.06.2023 21:30;6,87
16.06.2023 21:45;5,00
16.06.2023 22:00;5,00
16.06.2023 22:15;5,00
16.06.2023 22:30;5,89
16.06.2023 22:45;5,00
16.06.2023 23:00;8,57
16.06.2023 23:15;8,15
16.06.2023 23:30;6,49
16.06.2023 23:45;5,00
17.06.2023 00:00;5,00
17.06.2023 00:15;5,00
17.06.2023 00:30;5,00
17.06.2023 00:45;5,00
17.06.2023 01:00;5,00
17.06.2023 01:15;5,00
17.06.2023 01:30;5,00
17.06.2023 01:45;5,00
17.06.2023 02:00;5,00
17.06.2023 02:15;5,00
17.06.2023 02:30;5,00
17.06.2023 02:45;5,00
17.06.2023 03:00;5,00
17.06.2023 03:15;5,00
17.06.2023 03:30;5,00
17.06.2023 03:45;5,00
17.06.2023 04:00;4,76
17.06.2023 04:15;3,88
17.06.2023 04:30;4,23
17.06.2023 04:45;2,53
17.06.2023 05:00;0,46
17.06.2023 05:15;0,36
17.06.2023 05:30;4,32
17.06.2023 05:45;1,56
17.06.2023 06:00;0,00
17.06.2023 06:15;0,00
17.06.2023 06:30;0,00
17.06.2023 06:45;0,00
17.06.2023 07:00;0,00
17.06.2023 07:15;2,10
17.06.2023 07:30;3,99
17.06.2023 07:45;0,00
17.06.2023 08:00;0,83
17.06.2023 08:15;0,00
17.06.2023 08:30;2,70
17.06.2023 08:45;0,00
17.06.2023 09:00;0,00
17.06.2023 09:15;6,87
17.06.2023 09:30;0,00
17.06.2023 09:45;0,00
17.06.2023 10:00;0,00
17.06.2023 10:15;0,00
17.06.2023 10:30;0,00
17.06.2023 10:45;0,00
17.06.2023 11:00;0,00
17.06.2023 11:15;0,00
17.06.2023 11:30;1,89
17.06.2023 11:45;0,00
17.06.2023 12:00;0,00
17.06.2023 12:15;0,00
17.06.2023 12:30;3,72
17.06.2023 12:45;0,00
17.06.2023 13:00;0,00
17.06.2023 13:15;0,00
17.06.2023 13:30;0,00
17.06.2023 13:45;4,29
17.06.2023 14:00;2,00
17.06.2023 14:15;0,00
17.06.2023 14:30;7,49
17.06.2023 14:45;0,00
17.06.2023 15:00;0,00
17.06.2023 15:15;0,00
17.06.2023 15:30;1,45
17.06.2023 15:45;0,00
17.06.2023 16:00;2,23
17.06.2023 16:15;7,97
17.06.2023 16:30;0,00
17.06.2023 16:45;0,00
17.06.2023 17:00;0,00
17.06.2023 17:15;0,00
17.06.2023 17:30;0,00
17.06.2023 17:45;0,00
17.06.2023 18:00;0,96
17.06.2023 18:15;0,43
17.06.2023 18:30;0,00
17.06.2023 18:45;0,52
17.06.2023 19:00;2,45
17.06.2023 19:15;3,24
17.06.2023 19:30;2,68
17.06.2023 19:45;4,16
17.06.2023 20:00;4,73
17.06.2023 20:15;5,00
17.06.2023 20:30;5,15
17.06.2023 20:45;5,15
17.06.2023 21:00;5,00
17.06.2023 21:15;5,00
17.06.2023 21:30;5,00
17.06.2023 21:45;5,00
17.06.2023 22:00;5,00
17.06.2023 22:15;5,00
17.06.2023 22:30;5,00
17.06.2023 22:45;5,00
17.06.2023 23:00;5,00
17.06.2023 23:15;5,00
17.06.2023 23:30;5,00
17.06.2023 23:45;5,00
18.06.2023 00:00;5,00
18.06.2023 00:15;5,00
18.06.2023 00:30;5,00
18.06.2023 00:45;5,00
18.06.2023 01:00;5,00
18.06.2023 01:15;5,00
18.06.2023 01:30;5,00
18.06.2023 01:45;5,00
18.06.2023 02:00;5,00
18.06.2023 02:15;5,00
18.06.2023 02:30;5,00
18.06.2023 02:45;5,00
18.06.2023 03:00;5,00
18.06.2023 03:15;5,00
18.06.2023 03:30;5,00
18.06.2023 03:45;5,00
18.06.2023 04:00;4,72
18.06.2023 04:15;4,73
18.06.2023 04:30;4,43
18.06.2023 04:45;1,64
18.06.2023 05:00;0,75
18.06.2023 05:15;2,34
18.06.2023 05:30;0,00
18.06.2023 05:45;0,00
18.06.2023 06:00;0,00
18.06.2023 06:15;0,00
18.06.2023 06:30;0,00
18.06.2023 06:45;0,00
18.06.2023 07:00;0,00
18.06.2023 07:15;0,00
18.06.2023 07:30;0,00
18.06.2023 07:45;0,00
18.06.2023 08:00;0,00
18.06.2023 08:15;0,00
18.06.2023 08:30;0,00
18.06.2023 08:45;2,34
18.06.2023 09:00;0,00
18.06.2023 09:15;0,00
18.06.2023 09:30;0,00
18.06.2023 09:45;0,00
18.06.2023 10:00;0,00
18.06.2023 10:15;0,00
18.06.2023 10:30;0,00
18.06.2023 10:45;0,00
18.06.2023 11:00;1,64
18.06.2023 11:15;0,00
18.06.2023 11:30;0,00
18.06.2023 11:45;0,00
18.06.2023 12:00;0,00
18.06.2023 12:15;0,98
18.06.2023 12:30;0,00
18.06.2023 12:45;0,00
18.06.2023 13:00;0,00
18.06.2023 13:15;0,00
18.06.2023 13:30;0,00
18.06.2023 13:45;0,00
18.06.2023 14:00;0,00
18.06.2023 14:15;0,00
18.06.2023 14:30;0,00
18.06.2023 14:45;0,00
18.06.2023 15:00;0,00
18.06.2023 15:15;0,00
18.06.2023 15:30;0,00
18.06.2023 15:45;0,00
18.06.2023 16:00;0,00
18.06.2023 16:15;0,00
18.06.2023 16:30;1,00
18.06.2023 16:45;0,00
18.06.2023 17:00;4,36
18.06.2023 17:15;0,00
18.06.2023 17:30;0,00
18.06.2023 17:45;5,14
18.06.2023 18:00;1,10
18.06.2023 18:15;0,16
18.06.2023 18:30;0,17
18.06.2023 18:45;4,29
18.06.2023 19:00;1,93
18.06.2023 19:15;2,63
18.06.2023 19:30;4,33
18.06.2023 19:45;3,81
18.06.2023 20:00;5,20
18.06.2023 20:15;5,00
18.06.2023 20:30;5,00
18.06.2023 20:45;5,00
18.06.2023 21:00;5,00
18.06.2023 21:15;5,89
18.06.2023 21:30;5,00
18.06.2023 21:45;5,00
18.06.2023 22:00;5,00
18.06.2023 22:15;5,00
18.06.2023 22:30;5,00
18.06.2023 22:45;5,00
18.06.2023 23:00;5,00
18.06.2023 23:15;5,00
18.06.2023 23:30;5,00
18.06.2023 23:45;5,00
19.06.2023 00:00;6,54
19.06.2023 00:15;7,39
19.06.2023 00:30;8,84
19.06.2023 00:45;5,16
19.06.2023 01:00;5,00
19.06.2023 01:15;6,43
19.06.2023 01:30;5,00
19.06.2023 01:45;5,00
19.06.2023 02:00;7,20
19.06.2023 02:15;5,00
19.06.2023 02:30;5,00
19.06.2023 02:45;5,00
19.06.2023 03:00;5,30
19.06.2023 03:15;7,48
19.06.2023 03:30;7,46
19.06.2023 03:45;5,42
19.06.2023 04:00;9,04
19.06.2023 04:15;3,95
19.06.2023 04:30;3,37
19.06.2023 04:45;3,45
19.06.2023 05:00;2,72
19.06.2023 05:15;1,27
19.06.2023 05:30;1,50
19.06.2023 05:45;0,00
19.06.2023 06:00;1,06
19.06.2023 06:15;0,00
19.06.2023 06:30;0,00
19.06.2023 06:45;0,00
19.06.2023 07:00;4,11
19.06.2023 07:15;12,65
19.06.2023 07:30;3,20
19.06.2023 07:45;11,35
19.06.2023 08:00;9,06
19.06.2023 08:15;0,00
19.06.2023 08:30;8,71
19.06.2023 08:45;3,16
19.06.2023 09:00;9,92
19.06.2023 09:15;9,39
19.06.2023 09:30;13,11
19.06.2023 09:45;4,44
19.06.2023 10:00;11,66
19.06.2023 10:15;12,35
19.06.2023 10:30;13,46
19.06.2023 10:45;14,24
19.06.2023 11:00;10,82
19.06.2023 11:15;8,97
19.06.2023 11:30;12,17
19.06.2023 11:45;22,96
19.06.2023 12:00;6,23
19.06.2023 12:15;10,55
19.06.2023 12:30;29,42
19.06.2023 12:45;22,32
19.06.2023 13:00;15,47
19.06.2023 13:15;4,27
19.06.2023 13:30;11,96
19.06.2023 13:45;19,63
19.06.2023 14:00;11,51
19.06.2023 14:15;5,15
19.06.2023 14:30;18,04
19.06.2023 14:45;20,02
19.06.2023 15:00;7,80
19.06.2023 15:15;4,49
19.06.2023 15:30;14,12
19.06.2023 15:45;9,02
19.06.2023 16:00;12,97
19.06.2023 16:15;18,01
19.06.2023 16:30;5,93
19.06.2023 16:45;12,21
19.06.2023 17:00;8,82
19.06.2023 17:15;13,31
19.06.2023 17:30;8,89
19.06.2023 17:45;15,45
19.06.2023 18:00;12,84
19.06.2023 18:15;0,00
19.06.2023 18:30;1,10
19.06.2023 18:45;2,50
19.06.2023 19:00;3,17
19.06.2023 19:15;3,26
19.06.2023 19:30;3,10
19.06.2023 19:45;4,30
19.06.2023 20:00;4,74
19.06.2023 20:15;5,00
19.06.2023 20:30;5,00
19.06.2023 20:45;5,00
19.06.2023 21:00;10,66
19.06.2023 21:15;5,00
19.06.2023 21:30;5,56
19.06.2023 21:45;5,00
19.06.2023 22:00;5,00
19.06.2023 22:15;5,39
19.06.2023 22:30;5,55
19.06.2023 22:45;7,72
19.06.2023 23:00;6,00
19.06.2023 23:15;5,00
19.06.2023 23:30;5,00
19.06.2023 23:45;8,20
20.06.2023 00:00;7,05
20.06.2023 00:15;5,00
20.06.2023 00:30;5,27
20.06.2023 00:45;5,48
20.06.2023 01:00;5,00
20.06.2023 01:15;6,74
20.06.2023 01:30;6,86
20.06.2023 01:45;5,00
20.06.2023 02:00;5,00
20.06.2023 02:15;8,19
20.06.2023 02:30;7,06
20.06.2023 02:45;5,34
20.06.2023 03:00;5,00
20.06.2023 03:15;5,88
20.06.2023 03:30;6,59
20.06.2023 03:45;5,00
20.06.2023 04:00;5,54
20.06.2023 04:15;3,81
20.06.2023 04:30;3,36
20.06.2023 04:45;4,09
20.06.2023 05:00;1,96
20.06.2023 05:15;4,80
20.06.2023 05:30;0,00
20.06.2023 05:45;4,19
20.06.2023 06:00;0,00
20.06.2023 06:15;0,00
20.06.2023 06:30;0,00
20.06.2023 06:45;0,00
20.06.2023 07:00;7,87
20.06.2023 07:15;7,90
20.06.2023 07:30;0,61
20.06.2023 07:45;9,83
20.06.2023 08:00;9,40
20.06.2023 08:15;0,00
20.06.2023 08:30;7,35
20.06.2023 08:45;3,03
20.06.2023 09:00;10,39
20.06.2023 09:15;9,01
20.06.2023 09:30;11,16
20.06.2023 09:45;20,18
20.06.2023 10:00;1,96
20.06.2023 10:15;11,82
20.06.2023 10:30;8,01
20.06.2023 10:45;10,36
20.06.2023 11:00;3,95
20.06.2023 11:15;5,65
20.06.2023 11:30;13,56
20.06.2023 11:45;18,54
20.06.2023 12:00;4,73
20.06.2023 12:15;5,15
20.06.2023 12:30;20,32
20.06.2023 12:45;13,83
20.06.2023 13:00;12,72
20.06.2023 13:15;7,96
20.06.2023 13:30;12,24
20.06.2023 13:45;6,32
20.06.2023 14:00;20,77
20.06.2023 14:15;18,66
20.06.2023 14:30;3,24
20.06.2023 14:45;18,71
20.06.2023 15:00;14,80
20.06.2023 15:15;9,16
20.06.2023 15:30;13,28
20.06.2023 15:45;15,51
20.06.2023 16:00;11,62
20.06.2023 16:15;16,96
20.06.2023 16:30;8,07
20.06.2023 16:45;11,41
20.06.2023 17:00;15,42
20.06.2023 17:15;15,49
20.06.2023 17:30;13,61
20.06.2023 17:45;15,99
20.06.2023 18:00;13,43
20.06.2023 18:15;0,00
20.06.2023 18:30;0,21
20.06.2023 18:45;0,00
20.06.2023 19:00;1,09
20.06.2023 19:15;3,67
20.06.2023 19:30;4,64
20.06.2023 19:45;5,38
20.06.2023 20:00;4,77
20.06.2023 20:15;6,39
20.06.2023 20:30;6,98
20.06.2023 20:45;8,43
20.06.2023 21:00;7,17
20.06.2023 21:15;5,32
20.06.2023 21:30;5,00
20.06.2023 21:45;5,50
20.06.2023 22:00;5,71
20.06.2023 22:15;6,61
20.06.2023 22:30;7,90
20.06.2023 22:45;5,00
20.06.2023 23:00;9,39
20.06.2023 23:15;5,00
20.06.2023 23:30;6,03
20.06.2023 23:45;5,00
21.06.2023 00:00;5,00
21.06.2023 00:15;5,00
21.06.2023 00:30;5,00
21.06.2023 00:45;5,00
21.06.2023 01:00;5,25
21.06.2023 01:15;7,42
21.06.2023 01:30;5,00
21.06.2023 01:45;7,00
21.06.2023 02:00;5,38
21.06.2023 02:15;7,24
21.06.2023 02:30;5,00
21.06.2023 02:45;5,00
21.06.2023 03:00;5,00
21.06.2023 03:15;5,00
21.06.2023 03:30;6,14
21.06.2023 03:45;8,14
21.06.2023 04:00;4,74
21.06.2023 04:15;5,74
21.06.2023 04:30;3,81
21.06.2023 04:45;2,61
21.06.2023 05:00;4,29
21.06.2023 05:15;0,80
21.06.2023 05:30;0,05
21.06.2023 05:45;1,02
21.06.2023 06:00;0,07
21.06.2023 06:15;0,00
21.06.2023 06:30;0,00
21.06.2023 06:45;0,00
21.06.2023 07:00;5,72
21.06.2023 07:15;0,00
21.06.2023 07:30;8,82
21.06.2023 07:45;3,09
21.06.2023 08:00;13,81
21.06.2023 08:15;15,05
21.06.2023 08:30;21,27
21.06.2023 08:45;6,94
21.06.2023 09:00;19,12
21.06.2023 09:15;7,50
21.06.2023 09:30;2,78
21.06.2023 09:45;5,40
21.06.2023 10:00;10,34
21.06.2023 10:15;0,41
21.06.2023 10:30;15,35
21.06.2023 10:45;11,16
21.06.2023 11:00;11,76
21.06.2023 11:15;14,44
21.06.2023 11:30;11,59
21.06.2023 11:45;6,07
21.06.2023 12:00;2,52
21.06.2023 12:15;12,50
21.06.2023 12:30;19,74
21.06.2023 12:45;14,89
21.06.2023 13:00;4,20
21.06.2023 13:15;5,40
21.06.2023 13:30;23,23
21.06.2023 13:45;6,03
21.06.2023 14:00;18,34
21.06.2023 14:15;11,09
21.06.2023 14:30;14,89
21.06.2023 14:45;5,58
21.06.2023 15:00;20,51
21.06.2023 15:15;17,80
21.06.2023 15:30;16,90
21.06.2023 15:45;8,52
21.06.2023 16:00;8,04
21.06.2023 16:15;17,02
21.06.2023 16:30;15,32
21.06.2023 16:45;18,87
21.06.2023 17:00;8,21
21.06.2023 17:15;13,11
21.06.2023 17:30;7,12
21.06.2023 17:45;8,83
21.06.2023 18:00;13,48
21.06.2023 18:15;0,83
21.06.2023 18:30;1,61
21.06.2023 18:45;2,70
21.06.2023 19:00;2,68
21.06.2023 19:15;2,22
21.06.2023 19:30;3,70
21.06.2023 19:45;3,91
21.06.2023 20:00;6,12
21.06.2023 20:15;6,63
21.06.2023 20:30;6,26
21.06.2023 20:45;7,24
21.06.2023 21:00;5,00
21.06.2023 21:15;7,05
21.06.2023 21:30;5,00
21.06.2023 21:45;5,00
21.06.2023 22:00;6,25
21.06.2023 22:15;7,62
21.06.2023 22:30;6,16
21.06.2023 22:45;5,23
21.06.2023 23:00;5,81
21.06.2023 23:15;5,46
21.06.2023 23:30;5,00
21.06.2023 23:45;5,00
22.06.2023 00:00;5,02
22.06.2023 00:15;5,34
22.06.2023 00:30;5,20
22.06.2023 00:45;6,53
22.06.2023 01:00;5,00
22.06.2023 01:15;6,30
22.06.2023 01:30;5,00
22.06.2023 01:45;8,83
22.06.2023 02:00;5,34
22.06.2023 02:15;9,86
22.06.2023 02:30;5,88
22.06.2023 02:45;5,00
22.06.2023 03:00;5,00
22.06.2023 03:15;5,00
22.06.2023 03:30;5,00
22.06.2023 03:45;5,00
22.06.2023 04:00;5,67
22.06.2023 04:15;4,04
22.06.2023 04:30;4,84
22.06.2023 04:45;4,99
22.06.2023 05:00;2,48
22.06.2023 05:15;5,26
22.06.2023 05:30;0,00
22.06.2023 05:45;0,00
22.06.2023 06:00;1,18
22.06.2023 06:15;0,00
22.06.2023 06:30;0,00
22.06.2023 06:45;0,00
22.06.2023 07:00;3,84
22.06.2023 07:15;9,63
22.06.2023 07:30;7,45
22.06.2023 07:45;0,53
22.06.2023 08:00;7,45
22.06.2023 08:15;8,38
22.06.2023 08:30;1,84
22.06.2023 08:45;8,00
22.06.2023 09:00;23,43
22.06.2023 09:15;16,68
22.06.2023 09:30;10,93
22.06.2023 09:45;13,42
22.06.2023 10:00;9,65
22.06.2023 10:15;12,92
22.06.2023 10:30;8,13
22.06.2023 10:45;18,11
22.06.2023 11:00;18,25
22.06.2023 11:15;0,24
22.06.2023 11:30;16,77
22.06.2023 11:45;4,94
22.06.2023 12:00;13,77
22.06.2023 12:15;11,48
22.06.2023 12:30;5,84
22.06.2023 12:45;23,61
22.06.2023 13:00;6,77
22.06.2023 13:15;9,13
22.06.2023 13:30;5,72
22.06.2023 13:45;16,61
22.06.2023 14:00;13,98
22.06.2023 14:15;30,37
22.06.2023 14:30;17,27
22.06.2023 14:45;12,66
22.06.2023 15:00;8,85
22.06.2023 15:15;4,96
22.06.2023 15:30;11,09
22.06.2023 15:45;8,51
22.06.2023 16:00;9,95
22.06.2023 16:15;23,77
22.06.2023 16:30;12,36
22.06.2023 16:45;11,59
22.06.2023 17:00;12,98
22.06.2023 17:15;15,34
22.06.2023 17:30;10,10
22.06.2023 17:45;13,12
22.06.2023 18:00;5,69
22.06.2023 18:15;0,00
22.06.2023 18:30;0,00
22.06.2023 18:45;4,43
22.06.2023 19:00;5,10
22.06.2023 19:15;5,35
22.06.2023 19:30;3,29
22.06.2023 19:45;6,57
22.06.2023 20:00;6,84
22.06.2023 20:15;5,00
22.06.2023 20:30;5,00
22.06.2023 20:45;5,00
22.06.2023 21:00;6,67
22.06.2023 21:15;5,00
22.06.2023 21:30;5,00
22.06.2023 21:45;5,00
22.06.2023 22:00;6,13
22.06.2023 22:15;5,00
22.06.2023 22:30;5,00
22.06.2023 22:45;5,00
22.06.2023 23:00;9,25
22.06.2023 23:15;5,00
22.06.2023 23:30;5,00
22.06.2023 23:45;6,35
23.06.2023 00:00;5,00
23.06.2023 00:15;5,00
23.06.2023 00:30;9,64
23.06.2023 00:45;5,00
23.06.2023 01:00;5,00
23.06.2023 01:15;5,49
23.06.2023 01:30;8,63
23.06.2023 01:45;5,00
23.06.2023 02:00;5,72
23.06.2023 02:15;9,35
23.06.2023 02:30;5,43
23.06.2023 02:45;5,00
23.06.2023 03:00;5,00
23.06.2023 03:15;5,59
23.06.2023 03:30;7,83
23.06.2023 03:45;5,00
23.06.2023 04:00;6,65
23.06.2023 04:15;4,42
23.06.2023 04:30;3,26
23.06.2023 04:45;2,13
23.06.2023 05:00;3,49
23.06.2023 05:15;0,00
23.06.2023 05:30;3,12
23.06.2023 05:45;0,42
23.06.2023 06:00;0,00
23.06.2023 06:15;0,00
23.06.2023 06:30;0,00
23.06.2023 06:45;0,00
23.06.2023 07:00;10,75
23.06.2023 07:15;6,24
23.06.2023 07:30;8,90
23.06.2023 07:45;15,53
23.06.2023 08:00;10,10
23.06.2023 08:15;9,87
23.06.2023 08:30;16,80
23.06.2023 08:45;6,86
23.06.2023 09:00;10,65
23.06.2023 09:15;15,47
23.06.2023 09:30;10,43
23.06.2023 09:45;7,60
23.06.2023 10:00;13,24
23.06.2023 10:15;13,77
23.06.2023 10:30;15,38
23.06.2023 10:45;19,09
23.06.2023 11:00;9,55
23.06.2023 11:15;14,18
23.06.2023 11:30;20,57
23.06.2023 11:45;9,74
23.06.2023 12:00;12,52
23.06.2023 12:15;12,64
23.06.2023 12:30;20,75
23.06.2023 12:45;18,03
23.06.2023 13:00;1,72
23.06.2023 13:15;23,68
23.06.2023 13:30;5,48
23.06.2023 13:45;13,10
23.06.2023 14:00;16,14
23.06.2023 14:15;15,14
23.06.2023 14:30;5,61
23.06.2023 14:45;25,29
23.06.2023 15:00;6,19
23.06.2023 15:15;10,67
23.06.2023 15:30;3,92
23.06.2023 15:45;18,98
23.06.2023 16:00;13,62
23.06.2023 16:15;21,35
23.06.2023 16:30;6,76
23.06.2023 16:45;14,68
23.06.2023 17:00;13,22
23.06.2023 17:15;16,46
23.06.2023 17:30;9,30
23.06.2023 17:45;10,84
23.06.2023 18:00;13,34
23.06.2023 18:15;0,00
23.06.2023 18:30;1,55
23.06.2023 18:45;3,52
23.06.2023 19:00;7,59
23.06.2023 19:15;1,54
23.06.2023 19:30;2,76
23.06.2023 19:45;5,13
23.06.2023 20:00;5,67
23.06.2023 20:15;6,21
23.06.2023 20:30;5,00
23.06.2023 20:45;5,65
23.06.2023 21:00;5,30
23.06.2023 21:15;5,00
23.06.2023 21:30;5,66
23.06.2023 21:45;7,28
23.06.2023 22:00;5,13
23.06.2023 22:15;5,14
23.06.2023 22:30;7,31
23.06.2023 22:45;7,10
23.06.2023 23:00;8,34
23.06.2023 23:15;5,00
23.06.2023 23:30;6,98
23.06.2023 23:45;6,38
24.06.2023 00:00;5,00
24.06.2023 00:15;5,00
24.06.2023 00:30;5,00
24.06.2023 00:45;5,00
24.06.2023 01:00;5,00
24.06.2023 01:15;5,00
24.06.2023 01:30;5,00
24.06.2023 01:45;5,00
24.06.2023 02:00;5,00
24.06.2023 02:15;5,00
24.06.2023 02:30;5,00
24.06.2023 02:45;5,00
24.06.2023 03:00;5,00
24.06.2023 03:15;5,00
24.06.2023 03:30;5,00
24.06.2023 03:45;5,00
24.06.2023 04:00;4,81
24.06.2023 04:15;4,01
24.06.2023 04:30;3,62
24.06.2023 04:45;1,68
24.06.2023 05:00;4,02
24.06.2023 05:15;4,19
24.06.2023 05:30;0,00
24.06.2023 05:45;0,00
24.06.2023 06:00;0,00
24.06.2023 06:15;0,00
24.06.2023 06:30;0,00
24.06.2023 06:45;0,00
24.06.2023 07:00;0,89
24.06.2023 07:15;0,00
24.06.2023 07:30;3,07
24.06.2023 07:45;0,00
24.06.2023 08:00;0,00
24.06.2023 08:15;0,00
24.06.2023 08:30;0,00
24.06.2023 08:45;0,00
24.06.2023 09:00;0,00
24.06.2023 09:15;6,97
24.06.2023 09:30;1,94
24.06.2023 09:45;0,00
24.06.2023 10:00;0,00
24.06.2023 10:15;0,00
24.06.2023 10:30;0,00
24.06.2023 10:45;0,00
24.06.2023 11:00;0,00
24.06.2023 11:15;0,00
24.06.2023 11:30;3,03
24.06.2023 11:45;0,00
24.06.2023 12:00;0,00
24.06.2023 12:15;0,00
24.06.2023 12:30;0,00
24.06.2023 12:45;0,00
24.06.2023 13:00;0,00
24.06.2023 13:15;0,00
24.06.2023 13:30;1,20
24.06.2023 13:45;0,00
24.06.2023 14:00;0,00
24.06.2023 14:15;0,00
24.06.2023 14:30;0,00
24.06.2023 14:45;0,00
24.06.2023 15:00;0,00
24.06.2023 15:15;0,00
24.06.2023 15:30;0,00
24.06.2023 15:45;0,00
24.06.2023 16:00;0,00
24.06.2023 16:15;0,00
24.06.2023 16:30;0,37
24.06.2023 16:45;0,92
24.06.2023 17:00;0,00
24.06.2023 17:15;0,00
24.06.2023 17:30;3,90
24.06.2023 17:45;0,00
24.06.2023 18:00;1,66
24.06.2023 18:15;0,00
24.06.2023 18:30;0,00
24.06.2023 18:45;0,19
24.06.2023 19:00;2,44
24.06.2023 19:15;1,59
24.06.2023 19:30;3,16
24.06.2023 19:45;4,17
24.06.2023 20:00;4,77
24.06.2023 20:15;5,00
24.06.2023 20:30;5,00
24.06.2023 20:45;5,00
24.06.2023 21:00;5,00
24.06.2023 21:15;5,00
24.06.2023 21:30;5,00
24.06.2023 21:45;5,00
24.06.2023 22:00;5,00
24.06.2023 22:15;5,85
24.06.2023 22:30;5,00
24.06.2023 22:45;5,00
24.06.2023 23:00;5,00
24.06.2023 23:15;5,00
24.06.2023 23:30;5,00
24.06.2023 23:45;5,00
25.06.2023 00:00;6,35
25.06.2023 00:15;5,00
25.06.2023 00:30;5,00
25.06.2023 00:45;5,00
25.06.2023 01:00;5,00
25.06.2023 01:15;5,00
25.06.2023 01:30;6,39
25.06.2023 01:45;5,00
25.06.2023 02:00;5,00
25.06.2023 02:15;5,00
25.06.2023 02:30;5,00
25.06.2023 02:45;5,00
25.06.2023 03:00;5,00
25.06.2023 03:15;5,00
25.06.2023 03:30;5,00
25.06.2023 03:45;5,00
25.06.2023 04:00;4,85
25.06.2023 04:15;4,01
25.06.2023 04:30;2,93
25.06.2023 04:45;3,72
25.06.2023 05:00;2,25
25.06.2023 05:15;0,00
25.06.2023 05:30;0,00
25.06.2023 05:45;0,00
25.06.2023 06:00;0,00
25.06.2023 06:15;0,00
25.06.2023 06:30;0,00
25.06.2023 06:45;0,00
25.06.2023 07:00;0,00
25.06.2023 07:15;0,40
25.06.2023 07:30;0,00
25.06.2023 07:45;2,31
25.06.2023 08:00;0,00
25.06.2023 08:15;0,00
25.06.2023 08:30;0,00
25.06.2023 08:45;0,00
25.06.2023 09:00;0,00
25.06.2023 09:15;0,00
25.06.2023 09:30;0,00
25.06.2023 09:45;0,00
25.06.2023 10:00;0,00
25.06.2023 10:15;0,00
25.06.2023 10:30;0,00
25.06.2023 10:45;0,00
25.06.2023 11:00;0,00
25.06.2023 11:15;0,00
25.06.2023 11:30;0,00
25.06.2023 11:45;0,00
25.06.2023 12:00;0,00
25.06.2023 12:15;0,00
25.06.2023 12:30;0,00
25.06.2023 12:45;0,00
25.06.2023 13:00;0,00
25.06.2023 13:15;0,00
25.06.2023 13:30;0,00
25.06.2023 13:45;0,00
25.06.2023 14:00;1,78
25.06.2023 14:15;0,62
25.06.2023 14:30;0,00
25.06.2023 14:45;0,00
25.06.2023 15:00;0,00
25.06.2023 15:15;5,38
25.06.2023 15:30;0,00
25.06.2023 15:45;0,00
25.06.2023 16:00;0,00
25.06.2023 16:15;0,00
25.06.2023 16:30;6,82
25.06.2023 16:45;0,00
25.06.2023 17:00;0,00
25.06.2023 17:15;0,00
25.06.2023 17:30;0,00
25.06.2023 17:45;1,79
25.06.2023 18:00;0,00
25.06.2023 18:15;0,00
25.06.2023 18:30;1,83
25.06.2023 18:45;1,94
25.06.2023 19:00;0,52
25.06.2023 19:15;2,74
25.06.2023 19:30;3,93
25.06.2023 19:45;3,94
25.06.2023 20:00;4,75
25.06.2023 20:15;5,00
25.06.2023 20:30;5,00
25.06.2023 20:45;5,00
25.06.2023 21:00;5,00
25.06.2023 21:15;5,86
25.06.2023 21:30;5,00
25.06.2023 21:45;5,00
25.06.2023 22:00;5,00
25.06.2023 22:15;5,00
25.06.2023 22:30;5,00
25.06.2023 22:45;5,00
25.06.2023 23:00;5,00
25.06.2023 23:15;5,00
25.06.2023 23:30;5,00
25.06.2023 23:45;5,00
26.06.2023 00:00;6,99
26.06.2023 00:15;7,68
26.06.2023 00:30;5,99
26.06.2023 00:45;8,12
26.06.2023 01:00;5,91
26.06.2023 01:15;5,00
26.06.2023 01:30;5,14
26.06.2023 01:45;5,11
26.06.2023 02:00;5,00
26.06.2023 02:15;8,42
26.06.2023 02:30;5,75
26.06.2023 02:45;5,34
26.06.2023 03:00;5,93
26.06.2023 03:15;11,12
26.06.2023 03:30;5,00
26.06.2023 03:45;5,00
26.06.2023 04:00;4,82
26.06.2023 04:15;4,49
26.06.2023 04:30;3,53
26.06.2023 04:45;1,70
26.06.2023 05:00;0,46
26.06.2023 05:15;1,94
26.06.2023 05:30;1,61
26.06.2023 05:45;0,00
26.06.2023 06:00;0,00
26.06.2023 06:15;1,85
26.06.2023 06:30;0,00
26.06.2023 06:45;0,00
26.06.2023 07:00;9,02
26.06.2023 07:15;7,36
26.06.2023 07:30;12,31
26.06.2023 07:45;12,22
26.06.2023 08:00;7,84
26.06.2023 08:15;13,50
26.06.2023 08:30;15,37
26.06.2023 08:45;12,25
26.06.2023 09:00;11,90
26.06.2023 09:15;12,43
26.06.2023 09:30;3,37
26.06.2023 09:45;9,82
26.06.2023 10:00;12,19
26.06.2023 10:15;8,95
26.06.2023 10:30;5,47
26.06.2023 10:45;5,32
26.06.2023 11:00;26,68
26.06.2023 11:15;14,20
26.06.2023 11:30;13,96
26.06.2023 11:45;17,69
26.06.2023 12:00;7,11
26.06.2023 12:15;16,42
26.06.2023 12:30;19,31
26.06.2023 12:45;10,04
26.06.2023 13:00;11,39
26.06.2023 13:15;18,58
26.06.2023 13:30;8,72
26.06.2023 13:45;8,95
26.06.2023 14:00;9,18
26.06.2023 14:15;13,24
26.06.2023 14:30;7,98
26.06.2023 14:45;14,51
26.06.2023 15:00;23,06
26.06.2023 15:15;14,41
26.06.2023 15:30;16,52
26.06.2023 15:45;18,85
26.06.2023 16:00;3,46
26.06.2023 16:15;17,48
26.06.2023 16:30;13,01
26.06.2023 16:45;8,21
26.06.2023 17:00;7,78
26.06.2023 17:15;15,00
26.06.2023 17:30;9,73
26.06.2023 17:45;14,45
26.06.2023 18:00;8,62
26.06.2023 18:15;1,27
26.06.2023 18:30;2,56
26.06.2023 18:45;1,72
26.06.2023 19:00;1,92
26.06.2023 19:15;1,57
26.06.2023 19:30;3,13
26.06.2023 19:45;5,36
26.06.2023 20:00;7,29
26.06.2023 20:15;5,00
26.06.2023 20:30;5,00
26.06.2023 20:45;5,47
26.06.2023 21:00;5,27
26.06.2023 21:15;5,64
26.06.2023 21:30;5,00
26.06.2023 21:45;5,00
26.06.2023 22:00;5,00
26.06.2023 22:15;5,46
26.06.2023 22:30;5,53
26.06.2023 22:45;6,43
26.06.2023 23:00;5,67
26.06.2023 23:15;5,00
26.06.2023 23:30;8,05
26.06.2023 23:45;7,70
27.06.2023 00:00;5,00
27.06.2023 00:15;5,82
27.06.2023 00:30;5,00
27.06.2023 00:45;5,43
27.06.2023 01:00;7,26
27.06.2023 01:15;9,41
27.06.2023 01:30;6,65
27.06.2023 01:45;5,74
27.06.2023 02:00;5,00
27.06.2023 02:15;5,51
27.06.2023 02:30;7,87
27.06.2023 02:45;5,06
27.06.2023 03:00;5,00
27.06.2023 03:15;5,00
27.06.2023 03:30;6,18
27.06.2023 03:45;5,64
27.06.2023 04:00;4,85
27.06.2023 04:15;6,23
27.06.2023 04:30;3,77
27.06.2023 04:45;2,33
27.06.2023 05:00;3,50
27.06.2023 05:15;0,99
27.06.2023 05:30;1,33
27.06.2023 05:45;0,00
27.06.2023 06:00;0,00
27.06.2023 06:15;0,00
27.06.2023 06:30;3,10
27.06.2023 06:45;1,29
27.06.2023 07:00;5,48
27.06.2023 07:15;8,42
27.06.2023 07:30;4,20
27.06.2023 07:45;5,87
27.06.2023 08:00;6,31
27.06.2023 08:15;8,70
27.06.2023 08:30;14,16
27.06.2023 08:45;12,22
27.06.2023 09:00;6,56
27.06.2023 09:15;12,58
27.06.2023 09:30;7,41
27.06.2023 09:45;4,86
27.06.2023 10:00;11,50
27.06.2023 10:15;10,16
27.06.2023 10:30;16,67
27.06.2023 10:45;5,84
27.06.2023 11:00;6,86
27.06.2023 11:15;2,38
27.06.2023 11:30;8,11
27.06.2023 11:45;13,74
27.06.2023 12:00;8,31
27.06.2023 12:15;14,39
27.06.2023 12:30;17,58
27.06.2023 12:45;11,74
27.06.2023 13:00;8,52
27.06.2023 13:15;7,15
27.06.2023 13:30;10,64
27.06.2023 13:45;4,69
27.06.2023 14:00;9,70
27.06.2023 14:15;11,75
27.06.2023 14:30;18,67
27.06.2023 14:45;8,68
27.06.2023 15:00;18,18
27.06.2023 15:15;17,10
27.06.2023 15:30;11,00
27.06.2023 15:45;13,56
27.06.2023 16:00;11,69
27.06.2023 16:15;8,94
27.06.2023 16:30;11,13
27.06.2023 16:45;10,86
27.06.2023 17:00;9,11
27.06.2023 17:15;11,96
27.06.2023 17:30;16,95
27.06.2023 17:45;15,04
27.06.2023 18:00;5,42
27.06.2023 18:15;5,20
27.06.2023 18:30;1,56
27.06.2023 18:45;3,34
27.06.2023 19:00;2,18
27.06.2023 19:15;2,28
27.06.2023 19:30;5,83
27.06.2023 19:45;4,60
27.06.2023 20:00;6,74
27.06.2023 20:15;5,00
27.06.2023 20:30;5,00
27.06.2023 20:45;6,58
27.06.2023 21:00;6,61
27.06.2023 21:15;6,75
27.06.2023 21:30;5,00
27.06.2023 21:45;6,38
27.06.2023 22:00;7,37
27.06.2023 22:15;5,00
27.06.2023 22:30;5,00
27.06.2023 22:45;7,84
27.06.2023 23:00;5,00
27.06.2023 23:15;6,41
27.06.2023 23:30;5,03
27.06.2023 23:45;5,00
28.06.2023 00:00;7,40
28.06.2023 00:15;5,00
28.06.2023 00:30;5,00
28.06.2023 00:45;6,20
28.06.2023 01:00;6,20
28.06.2023 01:15;5,00
28.06.2023 01:30;5,44
28.06.2023 01:45;5,00
28.06.2023 02:00;6,56
28.06.2023 02:15;5,64
28.06.2023 02:30;5,05
28.06.2023 02:45;5,19
28.06.2023 03:00;6,13
28.06.2023 03:15;5,09
28.06.2023 03:30;5,00
28.06.2023 03:45;9,54
28.06.2023 04:00;7,42
28.06.2023 04:15;3,79
28.06.2023 04:30;4,25
28.06.2023 04:45;1,60
28.06.2023 05:00;4,09
28.06.2023 05:15;2,26
28.06.2023 05:30;1,02
28.06.2023 05:45;0,00
28.06.2023 06:00;0,00
28.06.2023 06:15;0,96
28.06.2023 06:30;0,06
28.06.2023 06:45;0,00
28.06.2023 07:00;6,18
28.06.2023 07:15;6,37
28.06.2023 07:30;7,84
28.06.2023 07:45;10,97
28.06.2023 08:00;7,04
28.06.2023 08:15;6,77
28.06.2023 08:30;9,95
28.06.2023 08:45;9,59
28.06.2023 09:00;16,71
28.06.2023 09:15;5,25
28.06.2023 09:30;7,38
28.06.2023 09:45;3,16
28.06.2023 10:00;15,07
28.06.2023 10:15;1,95
28.06.2023 10:30;22,12
28.06.2023 10:45;26,08
28.06.2023 11:00;12,87
28.06.2023 11:15;14,70
28.06.2023 11:30;4,72
28.06.2023 11:45;4,65
28.06.2023 12:00;5,25
28.06.2023 12:15;7,64
28.06.2023 12:30;8,80
28.06.2023 12:45;24,15
28.06.2023 13:00;6,55
28.06.2023 13:15;9,38
28.06.2023 13:30;19,97
28.06.2023 13:45;12,95
28.06.2023 14:00;14,29
28.06.2023 14:15;6,08
28.06.2023 14:30;19,60
28.06.2023 14:45;10,91
28.06.2023 15:00;11,56
28.06.2023 15:15;14,41
28.06.2023 15:30;4,84
28.06.2023 15:45;9,78
28.06.2023 16:00;16,58
28.06.2023 16:15;13,70
28.06.2023 16:30;13,79
28.06.2023 16:45;8,33
28.06.2023 17:00;9,91
28.06.2023 17:15;12,82
28.06.2023 17:30;13,81
28.06.2023 17:45;11,89
28.06.2023 18:00;13,57
28.06.2023 18:15;3,14
28.06.2023 18:30;1,77
28.06.2023 18:45;0,00
28.06.2023 19:00;1,24
28.06.2023 19:15;1,88
28.06.2023 19:30;3,46
28.06.2023 19:45;4,45
28.06.2023 20:00;9,12
28.06.2023 20:15;5,75
28.06.2023 20:30;5,00
28.06.2023 20:45;6,78
28.06.2023 21:00;5,00
28.06.2023 21:15;5,00
28.06.2023 21:30;5,00
28.06.2023 21:45;8,45
28.06.2023 22:00;5,00
28.06.2023 22:15;5,00
28.06.2023 22:30;7,57
28.06.2023 22:45;5,00
28.06.2023 23:00;5,00
28.06.2023 23:15;5,00
28.06.2023 23:30;6,19
28.06.2023 23:45;5,95
29.06.2023 00:00;8,74
29.06.2023 00:15;5,00
29.06.2023 00:30;5,23
29.06.2023 00:45;5,00
29.06.2023 01:00;5,00
29.06.2023 01:15;6,91
29.06.2023 01:30;6,07
29.06.2023 01:45;5,71
29.06.2023 02:00;5,99
29.06.2023 02:15;5,00
29.06.2023 02:30;5,00
29.06.2023 02:45;5,22
29.06.2023 03:00;7,46
29.06.2023 03:15;8,36
29.06.2023 03:30;6,73
29.06.2023 03:45;5,20
29.06.2023 04:00;5,58
29.06.2023 04:15;4,37
29.06.2023 04:30;3,28
29.06.2023 04:45;1,96
29.06.2023 05:00;2,22
29.06.2023 05:15;0,00
29.06.2023 05:30;4,96
29.06.2023 05:45;0,58
29.06.2023 06:00;0,00
29.06.2023 06:15;0,00
29.06.2023 06:30;0,00
29.06.2023 06:45;0,00
29.06.2023 07:00;11,48
29.06.2023 07:15;14,68
29.06.2023 07:30;11,46
29.06.2023 07:45;9,72
29.06.2023 08:00;5,01
29.06.2023 08:15;16,97
29.06.2023 08:30;7,82
29.06.2023 08:45;4,70
29.06.2023 09:00;16,91
29.06.2023 09:15;11,04
29.06.2023 09:30;13,64
29.06.2023 09:45;15,62
29.06.2023 10:00;16,12
29.06.2023 10:15;13,99
29.06.2023 10:30;0,30
29.06.2023 10:45;13,64
29.06.2023 11:00;16,48
29.06.2023 11:15;8,31
29.06.2023 11:30;6,86
29.06.2023 11:45;8,96
29.06.2023 12:00;1,68
29.06.2023 12:15;9,23
29.06.2023 12:30;13,39
29.06.2023 12:45;15,76
29.06.2023 13:00;1,47
29.06.2023 13:15;14,10
29.06.2023 13:30;13,32
29.06.2023 13:45;18,54
29.06.2023 14:00;9,22
29.06.2023 14:15;12,33
29.06.2023 14:30;10,64
29.06.2023 14:45;17,43
29.06.2023 15:00;14,16
29.06.2023 15:15;12,25
29.06.2023 15:30;4,66
29.06.2023 15:45;20,48
29.06.2023 16:00;8,03
29.06.2023 16:15;9,33
29.06.2023 16:30;15,40
29.06.2023 16:45;11,57
29.06.2023 17:00;9,30
29.06.2023 17:15;14,32
29.06.2023 17:30;8,92
29.06.2023 17:45;14,66
29.06.2023 18:00;8,94
29.06.2023 18:15;0,00
29.06.2023 18:30;0,00
29.06.2023 18:45;1,78
29.06.2023 19:00;3,29
29.06.2023 19:15;5,43
29.06.2023 19:30;4,75
29.06.2023 19:45;5,85
29.06.2023 20:00;8,00
29.06.2023 20:15;7,38
29.06.2023 20:30;7,38
29.06.2023 20:45;5,53
29.06.2023 21:00;6,73
29.06.2023 21:15;5,57
29.06.2023 21:30;5,00
29.06.2023 21:45;5,75
29.06.2023 22:00;5,65
29.06.2023 22:15;6,31
29.06.2023 22:30;5,00
29.06.2023 22:45;5,00
29.06.2023 23:00;6,45
29.06.2023 23:15;5,00
29.06.2023 23:30;8,06
29.06.2023 23:45;5,00
30.06.2023 00:00;5,63
30.06.2023 00:15;6,25
30.06.2023 00:30;6,32
30.06.2023 00:45;5,00
30.06.2023 01:00;6,78
30.06.2023 01:15;5,74
30.06.2023 01:30;5,00
30.06.2023 01:45;5,00
30.06.2023 02:00;5,00
30.06.2023 02:15;5,00
30.06.2023 02:30;8,58
30.06.2023 02:45;8,11
30.06.2023 03:00;6,04
30.06.2023 03:15;5,00
30.06.2023 03:30;5,00
30.06.2023 03:45;6,65
30.06.2023 04:00;8,53
30.06.2023 04:15;3,79
30.06.2023 04:30;3,21
30.06.2023 04:45;5,27
30.06.2023 05:00;1,47
30.06.2023 05:15;0,40
30.06.2023 05:30;1,97
30.06.2023 05:45;1,33
30.06.2023 06:00;2,25
30.06.2023 06:15;0,00
30.06.2023 06:30;0,00
30.06.2023 06:45;0,00
30.06.2023 07:00;10,72
30.06.2023 07:15;3,12
30.06.2023 07:30;4,70
30.06.2023 07:45;18,90
30.06.2023 08:00;9,17
30.06.2023 08:15;10,62
30.06.2023 08:30;12,78
30.06.2023 08:45;9,77
30.06.2023 09:00;2,33
30.06.2023 09:15;14,37
30.06.2023 09:30;10,81
30.06.2023 09:45;4,44
30.06.2023 10:00;11,16
30.06.2023 10:15;17,37
30.06.2023 10:30;14,62
30.06.2023 10:45;16,86
30.06.2023 11:00;9,26
30.06.2023 11:15;13,68
30.06.2023 11:30;11,15
30.06.2023 11:45;18,95
30.06.2023 12:00;20,44
30.06.2023 12:15;14,28
30.06.2023 12:30;23,53
30.06.2023 12:45;4,15
30.06.2023 13:00;16,47
30.06.2023 13:15;5,15
30.06.2023 13:30;7,31
30.06.2023 13:45;24,09
30.06.2023 14:00;13,45
30.06.2023 14:15;10,78
30.06.2023 14:30;12,44
30.06.2023 14:45;8,46
30.06.2023 15:00;7,44
30.06.2023 15:15;16,85
30.06.2023 15:30;17,75
30.06.2023 15:45;8,86
30.06.2023 16:00;9,09
30.06.2023 16:15;6,36
30.06.2023 16:30;11,06
30.06.2023 16:45;11,89
30.06.2023 17:00;13,97
30.06.2023 17:15;10,87
30.06.2023 17:30;12,70
30.06.2023 17:45;10,94
30.06.2023 18:00;10,76
30.06.2023 18:15;0,47
30.06.2023 18:30;3,13
30.06.2023 18:45;0,00
30.06.2023 19:00;0,53
30.06.2023 19:15;3,51
30.06.2023 19:30;4,59
30.06.2023 19:45;3,79
30.06.2023 20:00;4,88
30.06.2023 20:15;7,04
30.06.2023 20:30;6,06
30.06.2023 20:45;5,89
30.06.2023 21:00;6,70
30.06.2023 21:15;5,00
30.06.2023 21:30;5,00
30.06.2023 21:45;6,76
30.06.2023 22:00;5,00
30.06.2023 22:15;5,00
30.06.2023 22:30;5,00
30.06.2023 22:45;7,00
30.06.2023 23:00;5,65
30.06.2023 23:15;6,85
30.06.2023 23:30;5,00
30.06.2023 23:45;5,77
01.07.2023 00:00;5,00
01.07.2023 00:15;5,00
01.07.2023 00:30;5,00
01.07.2023 00:45;5,00
01.07.2023 01:00;8,20
01.07.2023 01:15;5,00
01.07.2023 01:30;5,00
01.07.2023 01:45;5,00
01.07.2023 02:00;5,00
01.07.2023 02:15;5,00
01.07.2023 02:30;5,00
01.07.2023 02:45;5,00
01.07.2023 03:00;5,50
01.07.2023 03:15;5,00
01.07.2023 03:30;5,00
01.07.2023 03:45;5,00
01.07.2023 04:00;4,90
01.07.2023 04:15;4,03
01.07.2023 04:30;3,31
01.07.2023 04:45;2,32
01.07.2023 05:00;2,66
01.07.2023 05:15;1,31
01.07.2023 05:30;0,36
01.07.2023 05:45;0,00
01.07.2023 06:00;1,17
01.07.2023 06:15;1,44
01.07.2023 06:30;0,00
01.07.2023 06:45;0,00
01.07.2023 07:00;0,00
01.07.2023 07:15;0,00
01.07.2023 07:30;0,00
01.07.2023 07:45;0,00
01.07.2023 08:00;0,00
01.07.2023 08:15;0,00
01.07.2023 08:30;0,00
01.07.2023 08:45;0,00
01.07.2023 09:00;0,00
01.07.2023 09:15;0,00
01.07.2023 09:30;0,00
01.07.2023 09:45;0,00
01.07.2023 10:00;0,00
01.07.2023 10:15;0,00
01.07.2023 10:30;0,00
01.07.2023 10:45;0,00
01.07.2023 11:00;0,00
01.07.2023 11:15;0,00
01.07.2023 11:30;0,00
01.07.2023 11:45;0,00
01.07.2023 12:00;0,00
01.07.2023 12:15;0,00
01.07.2023 12:30;0,00
01.07.2023 12:45;0,00
01.07.2023 13:00;0,00
01.07.2023 13:15;0,00
01.07.2023 13:30;0,00
01.07.2023 13:45;0,00
01.07.2023 14:00;13,22
01.07.2023 14:15;0,00
01.07.2023 14:30;0,00
01.07.2023 14:45;0,00
01.07.2023 15:00;0,00
01.07.2023 15:15;0,00
01.07.2023 15:30;0,00
01.07.2023 15:45;0,00
01.07.2023 16:00;0,00
01.07.2023 16:15;0,00
01.07.2023 16:30;0,87
01.07.2023 16:45;0,00
01.07.2023 17:00;0,00
01.07.2023 17:15;4,63
01.07.2023 17:30;0,00
01.07.2023 17:45;1,47
01.07.2023 18:00;0,42
01.07.2023 18:15;0,00
01.07.2023 18:30;1,06
01.07.2023 18:45;1,57
01.07.2023 19:00;1,52
01.07.2023 19:15;3,01
01.07.2023 19:30;2,76
01.07.2023 19:45;4,44
01.07.2023 20:00;4,98
01.07.2023 20:15;5,00
01.07.2023 20:30;5,00
01.07.2023 20:45;5,00
01.07.2023 21:00;5,00
01.07.2023 21:15;5,00
01.07.2023 21:30;5,00
01.07.2023 21:45;5,00
01.07.2023 22:00;5,00
01.07.2023 22:15;5,00
01.07.2023 22:30;5,00
01.07.2023 22:45;5,00
01.07.2023 23:00;5,00
01.07.2023 23:15;5,00
01.07.2023 23:30;5,00
01.07.2023 23:45;5,00
02.07.2023 00:00;5,00
02.07.2023 00:15;5,00
02.07.2023 00:30;5,00
02.07.2023 00:45;7,23
02.07.2023 01:00;5,00
02.07.2023 01:15;5,00
02.07.2023 01:30;5,00
02.07.2023 01:45;5,00
02.07.2023 02:00;5,00
02.07.2023 02:15;5,00
02.07.2023 02:30;5,00
02.07.2023 02:45;5,00
02.07.2023 03:00;5,00
02.07.2023 03:15;5,00
02.07.2023 03:30;5,00
02.07.2023 03:45;5,00
02.07.2023 04:00;4,90
02.07.2023 04:15;4,21
02.07.2023 04:30;3,61
02.07.2023 04:45;2,25
02.07.2023 05:00;2,64
02.07.2023 05:15;0,36
02.07.2023 05:30;0,00
02.07.2023 05:45;0,00
02.07.2023 06:00;0,00
02.07.2023 06:15;0,00
02.07.2023 06:30;0,00
02.07.2023 06:45;0,00
02.07.2023 07:00;1,87
02.07.2023 07:15;0,00
02.07.2023 07:30;2,44
02.07.2023 07:45;0,00
02.07.2023 08:00;0,00
02.07.2023 08:15;1,94
02.07.2023 08:30;4,62
02.07.2023 08:45;0,00
02.07.2023 09:00;7,07
02.07.2023 09:15;1,87
02.07.2023 09:30;0,00
02.07.2023 09:45;0,00
02.07.2023 10:00;0,00
02.07.2023 10:15;0,40
02.07.2023 10:30;0,00
02.07.2023 10:45;0,00
02.07.2023 11:00;0,00
02.07.2023 11:15;3,03
02.07.2023 11:30;0,59
02.07.2023 11:45;0,00
02.07.2023 12:00;0,00
02.07.2023 12:15;0,00
02.07.2023 12:30;0,26
02.07.2023 12:45;0,00
02.07.2023 13:00;0,00
02.07.2023 13:15;0,00
02.07.2023 13:30;0,23
02.07.2023 13:45;0,00
02.07.2023 14:00;0,00
02.07.2023 14:15;0,30
02.07.2023 14:30;0,00
02.07.2023 14:45;2,94
02.07.2023 15:00;0,00
02.07.2023 15:15;0,00
02.07.2023 15:30;0,00
02.07.2023 15:45;2,74
02.07.2023 16:00;2,30
02.07.2023 16:15;0,00
02.07.2023 16:30;0,00
02.07.2023 16:45;0,51
02.07.2023 17:00;0,00
02.07.2023 17:15;1,79
02.07.2023 17:30;4,04
02.07.2023 17:45;2,85
02.07.2023 18:00;0,00
02.07.2023 18:15;0,00
02.07.2023 18:30;0,41
02.07.2023 18:45;1,51
02.07.2023 19:00;3,52
02.07.2023 19:15;2,94
02.07.2023 19:30;3,90
02.07.2023 19:45;4,15
02.07.2023 20:00;4,91
02.07.2023 20:15;5,42
02.07.2023 20:30;5,00
02.07.2023 20:45;5,00
02.07.2023 21:00;5,00
02.07.2023 21:15;5,00
02.07.2023 21:30;5,00
02.07.2023 21:45;5,00
02.07.2023 22:00;5,36
02.07.2023 22:15;5,90
02.07.2023 22:30;5,00
02.07.2023 22:45;6,90
02.07.2023 23:00;5,00
02.07.2023 23:15;5,00
02.07.2023 23:30;5,00
02.07.2023 23:45;5,00
03.07.2023 00:00;5,00
03.07.2023 00:15;5,00
03.07.2023 00:30;9,25
03.07.2023 00:45;5,00
03.07.2023 01:00;5,00
03.07.2023 01:15;5,00
03.07.2023 01:30;7,02
03.07.2023 01:45;5,00
03.07.2023 02:00;5,00
03.07.2023 02:15;5,72
03.07.2023 02:30;5,00
03.07.2023 02:45;5,00
03.07.2023 03:00;7,93
03.07.2023 03:15;5,98
03.07.2023 03:30;5,39
03.07.2023 03:45;5,55
03.07.2023 04:00;4,92
03.07.2023 04:15;7,99
03.07.2023 04:30;3,88
03.07.2023 04:45;4,92
03.07.2023 05:00;3,35
03.07.2023 05:15;3,85
03.07.2023 05:30;0,67
03.07.2023 05:45;0,00
03.07.2023 06:00;0,00
03.07.2023 06:15;0,00
03.07.2023 06:30;0,00
03.07.2023 06:45;0,00
03.07.2023 07:00;2,30
03.07.2023 07:15;6,46
03.07.2023 07:30;5,88
03.07.2023 07:45;6,75
03.07.2023 08:00;8,69
03.07.2023 08:15;16,82
03.07.2023 08:30;0,46
03.07.2023 08:45;3,02
03.07.2023 09:00;2,14
03.07.2023 09:15;11,66
03.07.2023 09:30;9,96
03.07.2023 09:45;24,85
03.07.2023 10:00;13,98
03.07.2023 10:15;3,57
03.07.2023 10:30;5,45
03.07.2023 10:45;21,96
03.07.2023 11:00;18,07
03.07.2023 11:15;28,14
03.07.2023 11:30;16,88
03.07.2023 11:45;11,22
03.07.2023 12:00;4,26
03.07.2023 12:15;8,67
03.07.2023 12:30;15,39
03.07.2023 12:45;19,39
03.07.2023 13:00;16,12
03.07.2023 13:15;5,86
03.07.2023 13:30;7,91
03.07.2023 13:45;23,76
03.07.2023 14:00;19,04
03.07.2023 14:15;14,34
03.07.2023 14:30;16,53
03.07.2023 14:45;16,73
03.07.2023 15:00;22,76
03.07.2023 15:15;15,23
03.07.2023 15:30;10,57
03.07.2023 15:45;20,19
03.07.2023 16:00;9,60
03.07.2023 16:15;5,11
03.07.2023 16:30;13,44
03.07.2023 16:45;8,93
03.07.2023 17:00;13,73
03.07.2023 17:15;12,37
03.07.2023 17:30;11,90
03.07.2023 17:45;5,71
03.07.2023 18:00;14,32
03.07.2023 18:15;0,40
03.07.2023 18:30;3,30
03.07.2023 18:45;3,24
03.07.2023 19:00;1,99
03.07.2023 19:15;1,73
03.07.2023 19:30;3,66
03.07.2023 19:45;4,35
03.07.2023 20:00;7,53
03.07.2023 20:15;5,75
03.07.2023 20:30;5,00
03.07.2023 20:45;7,22
03.07.2023 21:00;7,59
03.07.2023 21:15;5,00
03.07.2023 21:30;8,19
03.07.2023 21:45;5,85
03.07.2023 22:00;5,69
03.07.2023 22:15;7,14
03.07.2023 22:30;5,00
03.07.2023 22:45;7,03
03.07.2023 23:00;5,00
03.07.2023 23:15;5,00
03.07.2023 23:30;5,00
03.07.2023 23:45;6,26
04.07.2023 00:00;5,00
04.07.2023 00:15;8,34
04.07.2023 00:30;7,50
04.07.2023 00:45;7,79
04.07.2023 01:00;5,37
04.07.2023 01:15;5,64
04.07.2023 01:30;5,00
04.07.2023 01:45;7,11
04.07.2023 02:00;5,88
04.07.2023 02:15;6,26
04.07.2023 02:30;8,50
04.07.2023 02:45;5,00
04.07.2023 03:00;5,00
04.07.2023 03:15;5,77
04.07.2023 03:30;5,00
04.07.2023 03:45;5,00
04.07.2023 04:00;6,06
04.07.2023 04:15;3,91
04.07.2023 04:30;6,91
04.07.2023 04:45;2,00
04.07.2023 05:00;4,41
04.07.2023 05:15;4,52
04.07.2023 05:30;0,99
04.07.2023 05:45;2,50
04.07.2023 06:00;0,00
04.07.2023 06:15;0,00
04.07.2023 06:30;1,26
04.07.2023 06:45;0,00
04.07.2023 07:00;6,47
04.07.2023 07:15;7,13
04.07.2023 07:30;8,58
04.07.2023 07:45;6,03
04.07.2023 08:00;6,02
04.07.2023 08:15;9,99
04.07.2023 08:30;1,65
04.07.2023 08:45;0,00
04.07.2023 09:00;2,58
04.07.2023 09:15;9,74
04.07.2023 09:30;12,70
04.07.2023 09:45;5,52
04.07.2023 10:00;17,41
04.07.2023 10:15;4,56
04.07.2023 10:30;6,46
04.07.2023 10:45;10,36
04.07.2023 11:00;9,68
04.07.2023 11:15;8,47
04.07.2023 11:30;17,34
04.07.2023 11:45;6,22
04.07.2023 12:00;6,36
04.07.2023 12:15;11,71
04.07.2023 12:30;14,64
04.07.2023 12:45;13,79
04.07.2023 13:00;22,18
04.07.2023 13:15;22,83
04.07.2023 13:30;15,00
04.07.2023 13:45;19,79
04.07.2023 14:00;2,91
04.07.2023 14:15;18,37
04.07.2023 14:30;8,05
04.07.2023 14:45;12,06
04.07.2023 15:00;5,90
04.07.2023 15:15;16,66
04.07.2023 15:30;19,50
04.07.2023 15:45;10,43
04.07.2023 16:00;10,90
04.07.2023 16:15;6,51
04.07.2023 16:30;9,24
04.07.2023 16:45;6,67
04.07.2023 17:00;16,93
04.07.2023 17:15;11,32
04.07.2023 17:30;11,64
04.07.2023 17:45;12,53
04.07.2023 18:00;14,49
04.07.2023 18:15;0,88
04.07.2023 18:30;0,00
04.07.2023 18:45;2,43
04.07.2023 19:00;5,31
04.07.2023 19:15;5,21
04.07.2023 19:30;4,53
04.07.2023 19:45;3,91
04.07.2023 20:00;7,60
04.07.2023 20:15;5,00
04.07.2023 20:30;8,83
04.07.2023 20:45;5,00
04.07.2023 21:00;7,97
04.07.2023 21:15;6,09
04.07.2023 21:30;5,36
04.07.2023 21:45;5,00
04.07.2023 22:00;8,90
04.07.2023 22:15;6,53
04.07.2023 22:30;5,00
04.07.2023 22:45;5,00
04.07.2023 23:00;5,48
04.07.2023 23:15;5,12
04.07.2023 23:30;5,00
04.07.2023 23:45;5,01
05.07.2023 00:00;5,00
05.07.2023 00:15;5,14
05.07.2023 00:30;6,57
05.07.2023 00:45;8,10
05.07.2023 01:00;6,94
05.07.2023 01:15;5,00
05.07.2023 01:30;5,86
05.07.2023 01:45;5,24
05.07.2023 02:00;5,00
05.07.2023 02:15;5,91
05.07.2023 02:30;8,83
05.07.2023 02:45;5,18
05.07.2023 03:00;5,00
05.07.2023 03:15;5,18
05.07.2023 03:30;5,00
05.07.2023 03:45;6,84
05.07.2023 04:00;6,15
05.07.2023 04:15;4,43
05.07.2023 04:30;3,00
05.07.2023 04:45;3,70
05.07.2023 05:00;3,23
05.07.2023 05:15;1,97
05.07.2023 05:30;1,53
05.07.2023 05:45;0,71
05.07.2023 06:00;0,00
05.07.2023 06:15;0,00
05.07.2023 06:30;0,10
05.07.2023 06:45;0,00
05.07.2023 07:00;9,16
05.07.2023 07:15;2,19
05.07.2023 07:30;8,79
05.07.2023 07:45;5,27
05.07.2023 08:00;17,67
05.07.2023 08:15;11,65
05.07.2023 08:30;7,41
05.07.2023 08:45;6,51
05.07.2023 09:00;17,03
05.07.2023 09:15;17,37
05.07.2023 09:30;7,59
05.07.2023 09:45;13,52
05.07.2023 10:00;5,64
05.07.2023 10:15;3,95
05.07.2023 10:30;5,88
05.07.2023 10:45;4,77
05.07.2023 11:00;13,26
05.07.2023 11:15;1,46
05.07.2023 11:30;4,22
05.07.2023 11:45;10,58
05.07.2023 12:00;22,76
05.07.2023 12:15;28,49
05.07.2023 12:30;7,27
05.07.2023 12:45;25,10
05.07.2023 13:00;17,51
05.07.2023 13:15;10,30
05.07.2023 13:30;21,64
05.07.2023 13:45;5,65
05.07.2023 14:00;10,06
05.07.2023 14:15;3,29
05.07.2023 14:30;7,43
05.07.2023 14:45;22,34
05.07.2023 15:00;7,80
05.07.2023 15:15;7,24
05.07.2023 15:30;9,82
05.07.2023 15:45;10,45
05.07.2023 16:00;9,48
05.07.2023 16:15;8,20
05.07.2023 16:30;15,30
05.07.2023 16:45;12,77
05.07.2023 17:00;9,17
05.07.2023 17:15;11,61
05.07.2023 17:30;7,80
05.07.2023 17:45;10,02
05.07.2023 18:00;7,95
05.07.2023 18:15;0,00
05.07.2023 18:30;0,00
05.07.2023 18:45;0,23
05.07.2023 19:00;3,23
05.07.2023 19:15;3,20
05.07.2023 19:30;4,47
05.07.2023 19:45;4,56
05.07.2023 20:00;5,50
05.07.2023 20:15;5,00
05.07.2023 20:30;5,00
05.07.2023 20:45;7,79
05.07.2023 21:00;5,00
05.07.2023 21:15;6,87
05.07.2023 21:30;5,00
05.07.2023 21:45;5,00
05.07.2023 22:00;5,64
05.07.2023 22:15;5,00
05.07.2023 22:30;5,00
05.07.2023 22:45;5,00
05.07.2023 23:00;5,00
05.07.2023 23:15;5,00
05.07.2023 23:30;8,32
05.07.2023 23:45;8,71
06.07.2023 00:00;5,00
06.07.2023 00:15;6,20
06.07.2023 00:30;6,83
06.07.2023 00:45;6,20
06.07.2023 01:00;5,00
06.07.2023 01:15;5,00
06.07.2023 01:30;5,00
06.07.2023 01:45;5,00
06.07.2023 02:00;5,00
06.07.2023 02:15;5,00
06.07.2023 02:30;5,00
06.07.2023 02:45;5,00
06.07.2023 03:00;5,00
06.07.2023 03:15;5,53
06.07.2023 03:30;5,00
06.07.2023 03:45;5,70
06.07.2023 04:00;7,28
06.07.2023 04:15;7,32
06.07.2023 04:30;3,02
06.07.2023 04:45;1,84
06.07.2023 05:00;0,94
06.07.2023 05:15;3,91
06.07.2023 05:30;0,00
06.07.2023 05:45;0,00
06.07.2023 06:00;2,53
06.07.2023 06:15;0,00
06.07.2023 06:30;1,02
06.07.2023 06:45;0,00
06.07.2023 07:00;4,46
06.07.2023 07:15;3,81
06.07.2023 07:30;8,84
06.07.2023 07:45;6,79
06.07.2023 08:00;10,66
06.07.2023 08:15;19,97
06.07.2023 08:30;0,00
06.07.2023 08:45;19,37
06.07.2023 09:00;12,64
06.07.2023 09:15;7,23
06.07.2023 09:30;2,63
06.07.2023 09:45;24,27
06.07.2023 10:00;8,75
06.07.2023 10:15;17,92
06.07.2023 10:30;8,65
06.07.2023 10:45;14,43
06.07.2023 11:00;14,49
06.07.2023 11:15;22,46
06.07.2023 11:30;11,89
06.07.2023 11:45;1,97
06.07.2023 12:00;15,57
06.07.2023 12:15;14,79
06.07.2023 12:30;17,78
06.07.2023 12:45;21,12
06.07.2023 13:00;20,22
06.07.2023 13:15;12,70
06.07.2023 13:30;1,34
06.07.2023 13:45;4,68
06.07.2023 14:00;8,23
06.07.2023 14:15;5,31
06.07.2023 14:30;8,40
06.07.2023 14:45;8,24
06.07.2023 15:00;15,15
06.07.2023 15:15;10,31
06.07.2023 15:30;19,29
06.07.2023 15:45;15,24
06.07.2023 16:00;10,75
06.07.2023 16:15;14,50
06.07.2023 16:30;16,34
06.07.2023 16:45;5,93
06.07.2023 17:00;10,24
06.07.2023 17:15;11,38
06.07.2023 17:30;7,67
06.07.2023 17:45;7,23
06.07.2023 18:00;15,01
06.07.2023 18:15;0,00
06.07.2023 18:30;1,51
06.07.2023 18:45;1,79
06.07.2023 19:00;4,33
06.07.2023 19:15;2,74
06.07.2023 19:30;4,39
06.07.2023 19:45;4,53
06.07.2023 20:00;8,09
06.07.2023 20:15;6,24
06.07.2023 20:30;7,21
06.07.2023 20:45;5,84
06.07.2023 21:00;6,76
06.07.2023 21:15;5,00
06.07.2023 21:30;5,00
06.07.2023 21:45;7,81
06.07.2023 22:00;8,23
06.07.2023 22:15;5,00
06.07.2023 22:30;5,61
06.07.2023 22:45;5,00
06.07.2023 23:00;5,00
06.07.2023 23:15;5,68
06.07.2023 23:30;7,40
06.07.2023 23:45;6,02
07.07.2023 00:00;5,00
07.07.2023 00:15;6,14
07.07.2023 00:30;5,00
07.07.2023 00:45;5,94
07.07.2023 01:00;7,90
07.07.2023 01:15;5,00
07.07.2023 01:30;6,71
07.07.2023 01:45;5,00
07.07.2023 02:00;7,57
07.07.2023 02:15;5,00
07.07.2023 02:30;5,00
07.07.2023 02:45;6,50
07.07.2023 03:00;5,84
07.07.2023 03:15;5,00
07.07.2023 03:30;5,00
07.07.2023 03:45;5,00
07.07.2023 04:00;5,00
07.07.2023 04:15;4,19
07.07.2023 04:30;4,94
07.07.2023 04:45;3,10
07.07.2023 05:00;1,94
07.07.2023 05:15;6,60
07.07.2023 05:30;1,29
07.07.2023 05:45;0,00
07.07.2023 06:00;5,52
07.07.2023 06:15;0,00
07.07.2023 06:30;0,00
07.07.2023 06:45;0,00
07.07.2023 07:00;7,88
07.07.2023 07:15;12,37
07.07.2023 07:30;6,28
07.07.2023 07:45;9,57
07.07.2023 08:00;11,52
07.07.2023 08:15;13,27
07.07.2023 08:30;5,24
07.07.2023 08:45;3,09
07.07.2023 09:00;13,35
07.07.2023 09:15;3,37
07.07.2023 09:30;16,36
07.07.2023 09:45;5,09
07.07.2023 10:00;2,23
07.07.2023 10:15;3,78
07.07.2023 10:30;6,34
07.07.2023 10:45;14,79
07.07.2023 11:00;11,62
07.07.2023 11:15;10,51
07.07.2023 11:30;15,99
07.07.2023 11:45;29,76
07.07.2023 12:00;15,19
07.07.2023 12:15;10,18
07.07.2023 12:30;9,84
07.07.2023 12:45;8,44
07.07.2023 13:00;12,89
07.07.2023 13:15;4,31
07.07.2023 13:30;14,49
07.07.2023 13:45;14,65
07.07.2023 14:00;4,32
07.07.2023 14:15;29,38
07.07.2023 14:30;7,81
07.07.2023 14:45;12,52
07.07.2023 15:00;15,66
07.07.2023 15:15;6,60
07.07.2023 15:30;8,28
07.07.2023 15:45;18,11
07.07.2023 16:00;14,97
07.07.2023 16:15;10,20
07.07.2023 16:30;20,02
07.07.2023 16:45;9,07
07.07.2023 17:00;9,26
07.07.2023 17:15;11,96
07.07.2023 17:30;9,93
07.07.2023 17:45;13,27
07.07.2023 18:00;12,17
07.07.2023 18:15;0,45
07.07.2023 18:30;0,00
07.07.2023 18:45;1,30
07.07.2023 19:00;1,10
07.07.2023 19:15;3,02
07.07.2023 19:30;4,78
07.07.2023 19:45;4,28
07.07.2023 20:00;7,05
07.07.2023 20:15;5,00
07.07.2023 20:30;7,04
07.07.2023 20:45;5,00
07.07.2023 21:00;5,00
07.07.2023 21:15;6,27
07.07.2023 21:30;6,97
07.07.2023 21:45;5,00
07.07.2023 22:00;6,55
07.07.2023 22:15;5,00
07.07.2023 22:30;5,00
07.07.2023 22:45;7,70
07.07.2023 23:00;5,00
07.07.2023 23:15;5,00
07.07.2023 23:30;5,00
07.07.2023 23:45;5,00
08.07.2023 00:00;5,00
08.07.2023 00:15;5,00
08.07.2023 00:30;5,00
08.07.2023 00:45;5,00
08.07.2023 01:00;5,00
08.07.2023 01:15;5,00
08.07.2023 01:30;5,00
08.07.2023 01:45;5,00
08.07.2023 02:00;5,00
08.07.2023 02:15;5,00
08.07.2023 02:30;5,00
08.07.2023 02:45;5,00
08.07.2023 03:00;5,00
08.07.2023 03:15;5,00
08.07.2023 03:30;5,00
08.07.2023 03:45;5,00
08.07.2023 04:00;5,00
08.07.2023 04:15;4,15
08.07.2023 04:30;3,02
08.07.2023 04:45;1,96
08.07.2023 05:00;1,12
08.07.2023 05:15;0,59
08.07.2023 05:30;0,00
08.07.2023 05:45;0,00
08.07.2023 06:00;0,30
08.07.2023 06:15;3,17
08.07.2023 06:30;1,57
08.07.2023 06:45;0,00
08.07.2023 07:00;0,10
08.07.2023 07:15;0,00
08.07.2023 07:30;0,00
08.07.2023 07:45;6,50
08.07.2023 08:00;0,52
08.07.2023 08:15;0,00
08.07.2023 08:30;0,00
08.07.2023 08:45;0,00
08.07.2023 09:00;0,00
08.07.2023 09:15;0,00
08.07.2023 09:30;0,00
08.07.2023 09:45;1,41
08.07.2023 10:00;0,00
08.07.2023 10:15;0,00
08.07.2023 10:30;0,00
08.07.2023 10:45;0,00
08.07.2023 11:00;0,00
08.07.2023 11:15;0,00
08.07.2023 11:30;0,00
08.07.2023 11:45;0,00
08.07.2023 12:00;0,00
08.07.2023 12:15;0,00
08.07.2023 12:30;0,00
08.07.2023 12:45;0,00
08.07.2023 13:00;0,00
08.07.2023 13:15;0,00
08.07.2023 13:30;0,00
08.07.2023 13:45;0,00
08.07.2023 14:00;0,00
08.07.2023 14:15;6,22
08.07.2023 14:30;0,00
08.07.2023 14:45;0,53
08.07.2023 15:00;0,00
08.07.2023 15:15;0,00
08.07.2023 15:30;0,00
08.07.2023 15:45;5,16
08.07.2023 16:00;0,00
08.07.2023 16:15;6,08
08.07.2023 16:30;0,00
08.07.2023 16:45;0,00
08.07.2023 17:00;0,00
08.07.2023 17:15;1,96
08.07.2023 17:30;5,63
08.07.2023 17:45;0,00
08.07.2023 18:00;3,33
08.07.2023 18:15;3,25
08.07.2023 18:30;0,00
08.07.2023 18:45;1,83
08.07.2023 19:00;2,70
08.07.2023 19:15;2,37
08.07.2023 19:30;3,02
08.07.2023 19:45;4,62
08.07.2023 20:00;5,00
08.07.2023 20:15;5,00
08.07.2023 20:30;5,00
08.07.2023 20:45;5,00
08.07.2023 21:00;7,69
08.07.2023 21:15;5,00
08.07.2023 21:30;5,00
08.07.2023 21:45;5,00
08.07.2023 22:00;5,00
08.07.2023 22:15;5,00
08.07.2023 22:30;5,00
08.07.2023 22:45;5,24
08.07.2023 23:00;5,00
08.07.2023 23:15;5,00
08.07.2023 23:30;5,61
08.07.2023 23:45;5,00
09.07.2023 00:00;7,22
09.07.2023 00:15;5,00
09.07.2023 00:30;5,00
09.07.2023 00:45;5,00
09.07.2023 01:00;5,00
09.07.2023 01:15;5,00
09.07.2023 01:30;5,00
09.07.2023 01:45;5,00
09.07.2023 02:00;5,00
09.07.2023 02:15;5,00
09.07.2023 02:30;5,00
09.07.2023 02:45;5,00
09.07.2023 03:00;5,00
09.07.2023 03:15;5,00
09.07.2023 03:30;5,00
09.07.2023 03:45;5,00
09.07.2023 04:00;5,54
09.07.2023 04:15;4,50
09.07.2023 04:30;4,10
09.07.2023 04:45;3,99
09.07.2023 05:00;3,43
09.07.2023 05:15;3,11
09.07.2023 05:30;1,07
09.07.2023 05:45;0,00
09.07.2023 06:00;2,59
09.07.2023 06:15;0,00
09.07.2023 06:30;0,00
09.07.2023 06:45;0,00
09.07.2023 07:00;0,00
09.07.2023 07:15;0,00
09.07.2023 07:30;0,00
09.07.2023 07:45;3,70
09.07.2023 08:00;5,46
09.07.2023 08:15;0,00
09.07.2023 08:30;5,76
09.07.2023 08:45;2,37
09.07.2023 09:00;2,00
09.07.2023 09:15;0,00
09.07.2023 09:30;0,00
09.07.2023 09:45;0,00
09.07.2023 10:00;0,00
09.07.2023 10:15;0,00
09.07.2023 10:30;0,00
09.07.2023 10:45;0,00
09.07.2023 11:00;0,00
09.07.2023 11:15;2,09
09.07.2023 11:30;0,00
09.07.2023 11:45;0,00
09.07.2023 12:00;0,83
09.07.2023 12:15;0,00
09.07.2023 12:30;0,00
09.07.2023 12:45;0,00
09.07.2023 13:00;0,00
09.07.2023 13:15;0,00
09.07.2023 13:30;0,00
09.07.2023 13:45;0,00
09.07.2023 14:00;0,00
09.07.2023 14:15;0,00
09.07.2023 14:30;0,00
09.07.2023 14:45;0,00
09.07.2023 15:00;0,76
09.07.2023 15:15;0,00
09.07.2023 15:30;0,00
09.07.2023 15:45;0,00
09.07.2023 16:00;0,00
09.07.2023 16:15;6,35
09.07.2023 16:30;0,00
09.07.2023 16:45;0,00
09.07.2023 17:00;4,39
09.07.2023 17:15;3,82
09.07.2023 17:30;0,00
09.07.2023 17:45;4,08
09.07.2023 18:00;0,00
09.07.2023 18:15;0,98
09.07.2023 18:30;0,00
09.07.2023 18:45;3,15
09.07.2023 19:00;1,86
09.07.2023 19:15;3,95
09.07.2023 19:30;4,32
09.07.2023 19:45;4,69
09.07.2023 20:00;5,00
09.07.2023 20:15;5,00
09.07.2023 20:30;5,00
09.07.2023 20:45;5,00
09.07.2023 21:00;5,00
09.07.2023 21:15;5,00
09.07.2023 21:30;5,00
09.07.2023 21:45;5,00
09.07.2023 22:00;5,00
09.07.2023 22:15;5,00
09.07.2023 22:30;5,00
09.07.2023 22:45;5,41
09.07.2023 23:00;5,00
09.07.2023 23:15;5,57
09.07.2023 23:30;5,00
09.07.2023 23:45;5,00
10.07.2023 00:00;5,50
10.07.2023 00:15;5,00
10.07.2023 00:30;5,00
10.07.2023 00:45;5,00
10.07.2023 01:00;5,00
10.07.2023 01:15;6,08
10.07.2023 01:30;5,00
10.07.2023 01:45;5,00
10.07.2023 02:00;5,00
10.07.2023 02:15;5,00
10.07.2023 02:30;7,73
10.07.2023 02:45;5,00
10.07.2023 03:00;5,00
10.07.2023 03:15;5,49
10.07.2023 03:30;5,00
10.07.2023 03:45;9,56
10.07.2023 04:00;5,00
10.07.2023 04:15;5,07
10.07.2023 04:30;5,11
10.07.2023 04:45;5,15
10.07.2023 05:00;2,61
10.07.2023 05:15;1,80
10.07.2023 05:30;7,33
10.07.2023 05:45;0,00
10.07.2023 06:00;0,00
10.07.2023 06:15;0,00
10.07.2023 06:30;0,00
10.07.2023 06:45;1,68
10.07.2023 07:00;7,58
10.07.2023 07:15;3,53
10.07.2023 07:30;7,94
10.07.2023 07:45;11,88
10.07.2023 08:00;11,32
10.07.2023 08:15;1,35
10.07.2023 08:30;5,42
10.07.2023 08:45;11,76
10.07.2023 09:00;1,95
10.07.2023 09:15;17,07
10.07.2023 09:30;9,29
10.07.2023 09:45;5,07
10.07.2023 10:00;0,00
10.07.2023 10:15;19,79
10.07.2023 10:30;11,42
10.07.2023 10:45;8,30
10.07.2023 11:00;6,97
10.07.2023 11:15;2,90
10.07.2023 11:30;9,76
10.07.2023 11:45;10,53
10.07.2023 12:00;11,17
10.07.2023 12:15;12,23
10.07.2023 12:30;5,27
10.07.2023 12:45;13,66
10.07.2023 13:00;15,48
10.07.2023 13:15;5,61
10.07.2023 13:30;5,62
10.07.2023 13:45;12,91
10.07.2023 14:00;19,91
10.07.2023 14:15;23,82
10.07.2023 14:30;11,48
10.07.2023 14:45;20,34
10.07.2023 15:00;8,37
10.07.2023 15:15;19,34
10.07.2023 15:30;3,72
10.07.2023 15:45;13,40
10.07.2023 16:00;14,51
10.07.2023 16:15;14,84
10.07.2023 16:30;13,72
10.07.2023 16:45;6,10
10.07.2023 17:00;11,39
10.07.2023 17:15;11,38
10.07.2023 17:30;13,14
10.07.2023 17:45;11,25
10.07.2023 18:00;15,36
10.07.2023 18:15;4,94
10.07.2023 18:30;2,93
10.07.2023 18:45;0,55
10.07.2023 19:00;4,73
10.07.2023 19:15;7,77
10.07.2023 19:30;3,19
10.07.2023 19:45;4,25
10.07.2023 20:00;5,46
10.07.2023 20:15;6,86
10.07.2023 20:30;5,00
10.07.2023 20:45;5,00
10.07.2023 21:00;5,00
10.07.2023 21:15;6,30
10.07.2023 21:30;5,00
10.07.2023 21:45;6,32
10.07.2023 22:00;7,44
10.07.2023 22:15;5,59
10.07.2023 22:30;5,05
10.07.2023 22:45;6,76
10.07.2023 23:00;5,00
10.07.2023 23:15;5,00
10.07.2023 23:30;5,00
10.07.2023 23:45;5,00
11.07.2023 00:00;5,00
11.07.2023 00:15;8,76
11.07.2023 00:30;9,45
11.07.2023 00:45;5,00
11.07.2023 01:00;5,29
11.07.2023 01:15;5,00
11.07.2023 01:30;7,32
11.07.2023 01:45;7,72
11.07.2023 02:00;5,00
11.07.2023 02:15;6,06
11.07.2023 02:30;5,00
11.07.2023 02:45;8,62
11.07.2023 03:00;5,98
11.07.2023 03:15;5,00
11.07.2023 03:30;5,00
11.07.2023 03:45;5,00
11.07.2023 04:00;6,15
11.07.2023 04:15;6,43
11.07.2023 04:30;4,07
11.07.2023 04:45;6,66
11.07.2023 05:00;7,26
11.07.2023 05:15;2,63
11.07.2023 05:30;0,84
11.07.2023 05:45;2,87
11.07.2023 06:00;3,01
11.07.2023 06:15;4,02
11.07.2023 06:30;0,00
11.07.2023 06:45;0,39
11.07.2023 07:00;5,38
11.07.2023 07:15;7,38
11.07.2023 07:30;8,97
11.07.2023 07:45;7,79
11.07.2023 08:00;5,69
11.07.2023 08:15;10,08
11.07.2023 08:30;17,83
11.07.2023 08:45;1,77
11.07.2023 09:00;13,46
11.07.2023 09:15;12,96
11.07.2023 09:30;13,99
11.07.2023 09:45;5,50
11.07.2023 10:00;10,62
11.07.2023 10:15;12,97
11.07.2023 10:30;13,47
11.07.2023 10:45;11,39
11.07.2023 11:00;16,55
11.07.2023 11:15;8,74
11.07.2023 11:30;21,87
11.07.2023 11:45;2,09
11.07.2023 12:00;5,09
11.07.2023 12:15;11,47
11.07.2023 12:30;10,12
11.07.2023 12:45;19,65
11.07.2023 13:00;7,10
11.07.2023 13:15;7,34
11.07.2023 13:30;11,10
11.07.2023 13:45;9,27
11.07.2023 14:00;9,33
11.07.2023 14:15;12,94
11.07.2023 14:30;14,73
11.07.2023 14:45;11,12
11.07.2023 15:00;18,36
11.07.2023 15:15;11,23
11.07.2023 15:30;9,36
11.07.2023 15:45;8,36
11.07.2023 16:00;6,43
11.07.2023 16:15;15,75
11.07.2023 16:30;11,84
11.07.2023 16:45;14,10
11.07.2023 17:00;15,33
11.07.2023 17:15;2,52
11.07.2023 17:30;19,96
11.07.2023 17:45;8,42
11.07.2023 18:00;5,65
11.07.2023 18:15;0,00
11.07.2023 18:30;2,31
11.07.2023 18:45;2,58
11.07.2023 19:00;4,32
11.07.2023 19:15;2,13
11.07.2023 19:30;3,82
11.07.2023 19:45;4,35
11.07.2023 20:00;8,54
11.07.2023 20:15;6,38
11.07.2023 20:30;10,80
11.07.2023 20:45;5,00
11.07.2023 21:00;5,00
11.07.2023 21:15;5,00
11.07.2023 21:30;7,86
11.07.2023 21:45;5,00
11.07.2023 22:00;5,35
11.07.2023 22:15;5,30
11.07.2023 22:30;5,18
11.07.2023 22:45;5,00
11.07.2023 23:00;5,00
11.07.2023 23:15;5,00
11.07.2023 23:30;5,09
11.07.2023 23:45;6,99
12.07.2023 00:00;8,62
12.07.2023 00:15;5,00
12.07.2023 00:30;5,00
12.07.2023 00:45;5,00
12.07.2023 01:00;5,48
12.07.2023 01:15;5,00
12.07.2023 01:30;5,58
12.07.2023 01:45;7,31
12.07.2023 02:00;5,00
12.07.2023 02:15;6,09
12.07.2023 02:30;5,00
12.07.2023 02:45;6,02
12.07.2023 03:00;5,00
12.07.2023 03:15;7,50
12.07.2023 03:30;6,93
12.07.2023 03:45;6,24
12.07.2023 04:00;6,69
12.07.2023 04:15;4,57
12.07.2023 04:30;4,01
12.07.2023 04:45;4,40
12.07.2023 05:00;2,20
12.07.2023 05:15;5,30
12.07.2023 05:30;0,00
12.07.2023 05:45;0,00
12.07.2023 06:00;0,69
12.07.2023 06:15;0,00
12.07.2023 06:30;0,00
12.07.2023 06:45;2,54
12.07.2023 07:00;17,31
12.07.2023 07:15;3,57
12.07.2023 07:30;6,34
12.07.2023 07:45;9,60
12.07.2023 08:00;19,94
12.07.2023 08:15;13,71
12.07.2023 08:30;17,78
12.07.2023 08:45;2,28
12.07.2023 09:00;7,52
12.07.2023 09:15;17,24
12.07.2023 09:30;1,12
12.07.2023 09:45;12,50
12.07.2023 10:00;4,33
12.07.2023 10:15;6,82
12.07.2023 10:30;13,04
12.07.2023 10:45;15,66
12.07.2023 11:00;12,42
12.07.2023 11:15;14,40
12.07.2023 11:30;9,74
12.07.2023 11:45;11,43
12.07.2023 12:00;15,98
12.07.2023 12:15;8,39
12.07.2023 12:30;17,49
12.07.2023 12:45;12,41
12.07.2023 13:00;16,31
12.07.2023 13:15;19,45
12.07.2023 13:30;10,19
12.07.2023 13:45;18,44
12.07.2023 14:00;8,30
12.07.2023 14:15;12,19
12.07.2023 14:30;2,70
12.07.2023 14:45;17,70
12.07.2023 15:00;24,16
12.07.2023 15:15;7,73
12.07.2023 15:30;3,48
12.07.2023 15:45;10,89
12.07.2023 16:00;17,96
12.07.2023 16:15;16,57
12.07.2023 16:30;9,51
12.07.2023 16:45;12,90
12.07.2023 17:00;14,83
12.07.2023 17:15;6,00
12.07.2023 17:30;8,57
12.07.2023 17:45;19,80
12.07.2023 18:00;10,66
12.07.2023 18:15;0,00
12.07.2023 18:30;3,39
12.07.2023 18:45;0,00
12.07.2023 19:00;3,26
12.07.2023 19:15;3,79
12.07.2023 19:30;5,02
12.07.2023 19:45;6,04
12.07.2023 20:00;5,91
12.07.2023 20:15;5,00
12.07.2023 20:30;5,00
12.07.2023 20:45;6,98
12.07.2023 21:00;6,03
12.07.2023 21:15;5,25
12.07.2023 21:30;5,03
12.07.2023 21:45;5,79
12.07.2023 22:00;5,00
12.07.2023 22:15;6,75
12.07.2023 22:30;5,00
12.07.2023 22:45;5,00
12.07.2023 23:00;6,32
12.07.2023 23:15;5,00
12.07.2023 23:30;5,00
12.07.2023 23:45;5,23
13.07.2023 00:00;5,00
13.07.2023 00:15;5,00
13.07.2023 00:30;6,61
13.07.2023 00:45;5,00
13.07.2023 01:00;7,67
13.07.2023 01:15;5,00
13.07.2023 01:30;5,00
13.07.2023 01:45;5,90
13.07.2023 02:00;5,00
13.07.2023 02:15;7,17
13.07.2023 02:30;6,12
13.07.2023 02:45;5,00
13.07.2023 03:00;5,03
13.07.2023 03:15;5,87
13.07.2023 03:30;5,00
13.07.2023 03:45;5,00
13.07.2023 04:00;5,66
13.07.2023 04:15;9,00
13.07.2023 04:30;3,29
13.07.2023 04:45;5,98
13.07.2023 05:00;3,60
13.07.2023 05:15;2,10
13.07.2023 05:30;2,35
13.07.2023 05:45;4,35
13.07.2023 06:00;1,18
13.07.2023 06:15;0,00
13.07.2023 06:30;2,01
13.07.2023 06:45;0,00
13.07.2023 07:00;13,92
13.07.2023 07:15;12,40
13.07.2023 07:30;11,33
13.07.2023 07:45;10,55
13.07.2023 08:00;12,25
13.07.2023 08:15;0,97
13.07.2023 08:30;8,80
13.07.2023 08:45;16,62
13.07.2023 09:00;10,61
13.07.2023 09:15;13,44
13.07.2023 09:30;14,60
13.07.2023 09:45;8,24
13.07.2023 10:00;14,58
13.07.2023 10:15;21,89
13.07.2023 10:30;6,31
13.07.2023 10:45;8,95
13.07.2023 11:00;11,23
13.07.2023 11:15;7,99
13.07.2023 11:30;15,77
13.07.2023 11:45;24,27
13.07.2023 12:00;5,65
13.07.2023 12:15;9,88
13.07.2023 12:30;13,92
13.07.2023 12:45;12,65
13.07.2023 13:00;14,63
13.07.2023 13:15;12,89
13.07.2023 13:30;10,23
13.07.2023 13:45;4,75
13.07.2023 14:00;12,57
13.07.2023 14:15;3,41
13.07.2023 14:30;9,95
13.07.2023 14:45;19,87
13.07.2023 15:00;3,72
13.07.2023 15:15;9,32
13.07.2023 15:30;14,34
13.07.2023 15:45;3,81
13.07.2023 16:00;12,98
13.07.2023 16:15;10,46
13.07.2023 16:30;16,01
13.07.2023 16:45;17,56
13.07.2023 17:00;8,42
13.07.2023 17:15;10,47
13.07.2023 17:30;11,03
13.07.2023 17:45;10,85
13.07.2023 18:00;10,09
13.07.2023 18:15;0,62
13.07.2023 18:30;0,72
13.07.2023 18:45;2,81
13.07.2023 19:00;3,04
13.07.2023 19:15;3,18
13.07.2023 19:30;8,03
13.07.2023 19:45;4,63
13.07.2023 20:00;7,67
13.07.2023 20:15;5,21
13.07.2023 20:30;5,00
13.07.2023 20:45;5,00
13.07.2023 21:00;5,38
13.07.2023 21:15;8,01
13.07.2023 21:30;5,00
13.07.2023 21:45;5,00
13.07.2023 22:00;7,12
13.07.2023 22:15;5,78
13.07.2023 22:30;5,00
13.07.2023 22:45;5,30
13.07.2023 23:00;8,13
13.07.2023 23:15;5,03
13.07.2023 23:30;5,00
13.07.2023 23:45;5,88
14.07.2023 00:00;5,00
14.07.2023 00:15;5,00
14.07.2023 00:30;5,00
14.07.2023 00:45;7,05
14.07.2023 01:00;5,00
14.07.2023 01:15;5,00
14.07.2023 01:30;5,03
14.07.2023 01:45;5,00
14.07.2023 02:00;5,30
14.07.2023 02:15;5,00
14.07.2023 02:30;5,00
14.07.2023 02:45;5,00
14.07.2023 03:00;5,99
14.07.2023 03:15;5,18
14.07.2023 03:30;5,00
14.07.2023 03:45;8,98
14.07.2023 04:00;6,56
14.07.2023 04:15;6,39
14.07.2023 04:30;3,35
14.07.2023 04:45;2,92
14.07.2023 05:00;3,73
14.07.2023 05:15;3,52
14.07.2023 05:30;2,39
14.07.2023 05:45;4,81
14.07.2023 06:00;0,00
14.07.2023 06:15;0,00
14.07.2023 06:30;3,20
14.07.2023 06:45;0,00
14.07.2023 07:00;7,55
14.07.2023 07:15;13,04
14.07.2023 07:30;8,41
14.07.2023 07:45;2,89
14.07.2023 08:00;4,81
14.07.2023 08:15;16,84
14.07.2023 08:30;9,44
14.07.2023 08:45;2,58
14.07.2023 09:00;6,94
14.07.2023 09:15;0,00
14.07.2023 09:30;17,05
14.07.2023 09:45;9,17
14.07.2023 10:00;10,22
14.07.2023 10:15;3,54
14.07.2023 10:30;15,61
14.07.2023 10:45;18,02
14.07.2023 11:00;13,89
14.07.2023 11:15;16,41
14.07.2023 11:30;11,43
14.07.2023 11:45;26,55
14.07.2023 12:00;6,65
14.07.2023 12:15;27,23
14.07.2023 12:30;2,68
14.07.2023 12:45;16,25
14.07.2023 13:00;19,73
14.07.2023 13:15;9,94
14.07.2023 13:30;6,37
14.07.2023 13:45;4,75
14.07.2023 14:00;6,09
14.07.2023 14:15;18,99
14.07.2023 14:30;10,65
14.07.2023 14:45;23,07
14.07.2023 15:00;12,07
14.07.2023 15:15;12,55
14.07.2023 15:30;13,77
14.07.2023 15:45;20,55
14.07.2023 16:00;13,98
14.07.2023 16:15;6,77
14.07.2023 16:30;8,83
14.07.2023 16:45;11,74
14.07.2023 17:00;13,71
14.07.2023 17:15;8,18
14.07.2023 17:30;14,91
14.07.2023 17:45;16,85
14.07.2023 18:00;11,91
14.07.2023 18:15;2,56
14.07.2023 18:30;0,00
14.07.2023 18:45;1,41
14.07.2023 19:00;2,79
14.07.2023 19:15;5,77
14.07.2023 19:30;4,68
14.07.2023 19:45;6,32
14.07.2023 20:00;5,00
14.07.2023 20:15;7,74
14.07.2023 20:30;9,51
14.07.2023 20:45;5,00
14.07.2023 21:00;5,00
14.07.2023 21:15;6,65
14.07.2023 21:30;6,13
14.07.2023 21:45;6,65
14.07.2023 22:00;5,00
14.07.2023 22:15;9,08
14.07.2023 22:30;5,34
14.07.2023 22:45;5,00
14.07.2023 23:00;5,00
14.07.2023 23:15;5,00
14.07.2023 23:30;8,28
14.07.2023 23:45;5,00
15.07.2023 00:00;5,00
15.07.2023 00:15;5,00
15.07.2023 00:30;5,00
15.07.2023 00:45;5,00
15.07.2023 01:00;5,00
15.07.2023 01:15;5,00
15.07.2023 01:30;5,00
15.07.2023 01:45;5,00
15.07.2023 02:00;5,00
15.07.2023 02:15;5,00
15.07.2023 02:30;5,00
15.07.2023 02:45;5,00
15.07.2023 03:00;5,00
15.07.2023 03:15;5,00
15.07.2023 03:30;5,00
15.07.2023 03:45;5,00
15.07.2023 04:00;5,00
15.07.2023 04:15;4,62
15.07.2023 04:30;3,81
15.07.2023 04:45;3,20
15.07.2023 05:00;3,03
15.07.2023 05:15;1,04
15.07.2023 05:30;0,05
15.07.2023 05:45;0,43
15.07.2023 06:00;0,00
15.07.2023 06:15;0,00
15.07.2023 06:30;0,00
15.07.2023 06:45;0,00
15.07.2023 07:00;0,00
15.07.2023 07:15;0,28
15.07.2023 07:30;0,00
15.07.2023 07:45;4,56
15.07.2023 08:00;0,00
15.07.2023 08:15;0,00
15.07.2023 08:30;0,00
15.07.2023 08:45;0,00
15.07.2023 09:00;0,00
15.07.2023 09:15;0,00
15.07.2023 09:30;0,00
15.07.2023 09:45;0,00
15.07.2023 10:00;0,00
15.07.2023 10:15;0,00
15.07.2023 10:30;0,00
15.07.2023 10:45;0,00
15.07.2023 11:00;0,00
15.07.2023 11:15;0,00
15.07.2023 11:30;0,00
15.07.2023 11:45;0,00
15.07.2023 12:00;0,00
15.07.2023 12:15;0,00
15.07.2023 12:30;0,00
15.07.2023 12:45;0,00
15.07.2023 13:00;0,00
15.07.2023 13:15;0,00
15.07.2023 13:30;0,00
15.07.2023 13:45;0,00
15.07.2023 14:00;0,00
15.07.2023 14:15;5,96
15.07.2023 14:30;3,29
15.07.2023 14:45;0,00
15.07.2023 15:00;0,00
15.07.2023 15:15;0,00
15.07.2023 15:30;0,00
15.07.2023 15:45;0,00
15.07.2023 16:00;0,00
15.07.2023 16:15;3,34
15.07.2023 16:30;0,00
15.07.2023 16:45;1,49
15.07.2023 17:00;0,00
15.07.2023 17:15;0,00
15.07.2023 17:30;3,02
15.07.2023 17:45;4,03
15.07.2023 18:00;3,31
15.07.2023 18:15;0,00
15.07.2023 18:30;2,15
15.07.2023 18:45;1,69
15.07.2023 19:00;3,78
15.07.2023 19:15;3,36
15.07.2023 19:30;4,26
15.07.2023 19:45;4,95
15.07.2023 20:00;5,00
15.07.2023 20:15;5,00
15.07.2023 20:30;5,00
15.07.2023 20:45;5,00
15.07.2023 21:00;5,00
15.07.2023 21:15;5,00
15.07.2023 21:30;5,29
15.07.2023 21:45;5,00
15.07.2023 22:00;5,00
15.07.2023 22:15;5,00
15.07.2023 22:30;5,00
15.07.2023 22:45;5,00
15.07.2023 23:00;5,00
15.07.2023 23:15;5,00
15.07.2023 23:30;5,96
15.07.2023 23:45;7,38
16.07.2023 00:00;5,17
16.07.2023 00:15;5,00
16.07.2023 00:30;5,00
16.07.2023 00:45;5,00
16.07.2023 01:00;5,00
16.07.2023 01:15;5,00
16.07.2023 01:30;6,34
16.07.2023 01:45;5,65
16.07.2023 02:00;5,00
16.07.2023 02:15;5,00
16.07.2023 02:30;5,00
16.07.2023 02:45;5,00
16.07.2023 03:00;5,00
16.07.2023 03:15;5,00
16.07.2023 03:30;5,00
16.07.2023 03:45;5,00
16.07.2023 04:00;5,00
16.07.2023 04:15;4,70
16.07.2023 04:30;3,68
16.07.2023 04:45;2,93
16.07.2023 05:00;3,68
16.07.2023 05:15;3,24
16.07.2023 05:30;0,00
16.07.2023 05:45;1,54
16.07.2023 06:00;0,00
16.07.2023 06:15;0,76
16.07.2023 06:30;0,00
16.07.2023 06:45;0,00
16.07.2023 07:00;0,00
16.07.2023 07:15;0,00
16.07.2023 07:30;0,00
16.07.2023 07:45;0,10
16.07.2023 08:00;0,00
16.07.2023 08:15;0,00
16.07.2023 08:30;0,00
16.07.2023 08:45;3,79
16.07.2023 09:00;0,00
16.07.2023 09:15;0,00
16.07.2023 09:30;2,19
16.07.2023 09:45;6,65
16.07.2023 10:00;0,00
16.07.2023 10:15;0,00
16.07.2023 10:30;0,00
16.07.2023 10:45;0,00
16.07.2023 11:00;0,00
16.07.2023 11:15;0,00
16.07.2023 11:30;0,00
16.07.2023 11:45;0,00
16.07.2023 12:00;0,00
16.07.2023 12:15;0,00
16.07.2023 12:30;5,81
16.07.2023 12:45;2,60
16.07.2023 13:00;3,64
16.07.2023 13:15;0,00
16.07.2023 13:30;0,82
16.07.2023 13:45;0,00
16.07.2023 14:00;0,00
16.07.2023 14:15;0,00
16.07.2023 14:30;0,00
16.07.2023 14:45;5,07
16.07.2023 15:00;0,00
16.07.2023 15:15;5,43
16.07.2023 15:30;0,00
16.07.2023 15:45;0,00
16.07.2023 16:00;0,00
16.07.2023 16:15;0,00
16.07.2023 16:30;0,00
16.07.2023 16:45;0,00
16.07.2023 17:00;0,00
16.07.2023 17:15;0,00
16.07.2023 17:30;1,26
16.07.2023 17:45;0,00
16.07.2023 18:00;0,00
16.07.2023 18:15;0,54
16.07.2023 18:30;1,57
16.07.2023 18:45;2,45
16.07.2023 19:00;2,46
16.07.2023 19:15;4,46
16.07.2023 19:30;3,92
16.07.2023 19:45;4,87
16.07.2023 20:00;5,00
16.07.2023 20:15;5,00
16.07.2023 20:30;5,00
16.07.2023 20:45;5,00
16.07.2023 21:00;5,00
16.07.2023 21:15;5,00
16.07.2023 21:30;5,00
16.07.2023 21:45;5,00
16.07.2023 22:00;5,00
16.07.2023 22:15;5,00
16.07.2023 22:30;5,00
16.07.2023 22:45;5,00
16.07.2023 23:00;5,00
16.07.2023 23:15;5,00
16.07.2023 23:30;5,00
16.07.2023 23:45;5,00
17.07.2023 00:00;5,00
17.07.2023 00:15;5,00
17.07.2023 00:30;5,39
17.07.2023 00:45;5,00
17.07.2023 01:00;6,28
17.07.2023 01:15;5,06
17.07.2023 01:30;5,00
17.07.2023 01:45;5,00
17.07.2023 02:00;5,11
17.07.2023 02:15;5,28
17.07.2023 02:30;5,00
17.07.2023 02:45;5,00
17.07.2023 03:00;5,21
17.07.2023 03:15;5,00
17.07.2023 03:30;5,00
17.07.2023 03:45;5,00
17.07.2023 04:00;5,00
17.07.2023 04:15;4,65
17.07.2023 04:30;4,14
17.07.2023 04:45;3,73
17.07.2023 05:00;1,62
17.07.2023 05:15;1,03
17.07.2023 05:30;1,18
17.07.2023 05:45;0,00
17.07.2023 06:00;1,58
17.07.2023 06:15;0,64
17.07.2023 06:30;0,00
17.07.2023 06:45;0,00
17.07.2023 07:00;9,71
17.07.2023 07:15;7,17
17.07.2023 07:30;14,99
17.07.2023 07:45;7,43
17.07.2023 08:00;7,62
17.07.2023 08:15;4,84
17.07.2023 08:30;7,27
17.07.2023 08:45;7,11
17.07.2023 09:00;6,45
17.07.2023 09:15;3,73
17.07.2023 09:30;3,34
17.07.2023 09:45;17,29
17.07.2023 10:00;2,03
17.07.2023 10:15;17,56
17.07.2023 10:30;14,87
17.07.2023 10:45;18,57
17.07.2023 11:00;4,21
17.07.2023 11:15;3,05
17.07.2023 11:30;6,16
17.07.2023 11:45;3,16
17.07.2023 12:00;7,14
17.07.2023 12:15;11,47
17.07.2023 12:30;10,26
17.07.2023 12:45;12,39
17.07.2023 13:00;19,44
17.07.2023 13:15;18,14
17.07.2023 13:30;6,69
17.07.2023 13:45;15,03
17.07.2023 14:00;4,91
17.07.2023 14:15;4,07
17.07.2023 14:30;11,29
17.07.2023 14:45;19,78
17.07.2023 15:00;16,67
17.07.2023 15:15;10,87
17.07.2023 15:30;9,38
17.07.2023 15:45;5,45
17.07.2023 16:00;10,37
17.07.2023 16:15;15,66
17.07.2023 16:30;8,90
17.07.2023 16:45;12,88
17.07.2023 17:00;12,20
17.07.2023 17:15;14,12
17.07.2023 17:30;11,87
17.07.2023 17:45;9,09
17.07.2023 18:00;14,17
17.07.2023 18:15;1,12
17.07.2023 18:30;1,14
17.07.2023 18:45;2,41
17.07.2023 19:00;3,48
17.07.2023 19:15;4,02
17.07.2023 19:30;7,17
17.07.2023 19:45;8,12
17.07.2023 20:00;5,92
17.07.2023 20:15;5,00
17.07.2023 20:30;5,00
17.07.2023 20:45;5,00
17.07.2023 21:00;5,64
17.07.2023 21:15;5,14
17.07.2023 21:30;5,66
17.07.2023 21:45;5,00
17.07.2023 22:00;5,63
17.07.2023 22:15;5,00
17.07.2023 22:30;5,00
17.07.2023 22:45;5,00
17.07.2023 23:00;8,93
17.07.2023 23:15;8,03
17.07.2023 23:30;6,21
17.07.2023 23:45;7,75
18.07.2023 00:00;6,70
18.07.2023 00:15;5,46
18.07.2023 00:30;5,00
18.07.2023 00:45;5,00
18.07.2023 01:00;5,00
18.07.2023 01:15;5,00
18.07.2023 01:30;5,00
18.07.2023 01:45;6,09
18.07.2023 02:00;5,75
18.07.2023 02:15;5,00
18.07.2023 02:30;5,00
18.07.2023 02:45;7,42
18.07.2023 03:00;5,00
18.07.2023 03:15;5,44
18.07.2023 03:30;5,00
18.07.2023 03:45;6,11
18.07.2023 04:00;5,00
18.07.2023 04:15;4,98
18.07.2023 04:30;4,16
18.07.2023 04:45;3,53
18.07.2023 05:00;1,66
18.07.2023 05:15;1,05
18.07.2023 05:30;4,57
18.07.2023 05:45;3,14
18.07.2023 06:00;0,54
18.07.2023 06:15;0,43
18.07.2023 06:30;1,60
18.07.2023 06:45;0,00
18.07.2023 07:00;17,83
18.07.2023 07:15;4,50
18.07.2023 07:30;10,32
18.07.2023 07:45;7,45
18.07.2023 08:00;17,30
18.07.2023 08:15;1,13
18.07.2023 08:30;1,81
18.07.2023 08:45;8,71
18.07.2023 09:00;7,10
18.07.2023 09:15;15,04
18.07.2023 09:30;10,75
18.07.2023 09:45;6,71
18.07.2023 10:00;15,84
18.07.2023 10:15;4,65
18.07.2023 10:30;20,41
18.07.2023 10:45;13,01
18.07.2023 11:00;23,59
18.07.2023 11:15;10,59
18.07.2023 11:30;13,95
18.07.2023 11:45;17,20
18.07.2023 12:00;6,31
18.07.2023 12:15;14,85
18.07.2023 12:30;9,21
18.07.2023 12:45;6,03
18.07.2023 13:00;12,61
18.07.2023 13:15;14,96
18.07.2023 13:30;18,46
18.07.2023 13:45;8,44
18.07.2023 14:00;17,92
18.07.2023 14:15;7,23
18.07.2023 14:30;11,26
18.07.2023 14:45;14,75
18.07.2023 15:00;12,35
18.07.2023 15:15;15,20
18.07.2023 15:30;8,83
18.07.2023 15:45;7,64
18.07.2023 16:00;11,49
18.07.2023 16:15;9,61
18.07.2023 16:30;6,55
18.07.2023 16:45;12,22
18.07.2023 17:00;17,36
18.07.2023 17:15;20,97
18.07.2023 17:30;16,09
18.07.2023 17:45;7,04
18.07.2023 18:00;9,60
18.07.2023 18:15;0,31
18.07.2023 18:30;0,09
18.07.2023 18:45;1,72
18.07.2023 19:00;4,61
18.07.2023 19:15;5,12
18.07.2023 19:30;4,03
18.07.2023 19:45;5,71
18.07.2023 20:00;5,00
18.07.2023 20:15;5,00
18.07.2023 20:30;5,00
18.07.2023 20:45;5,00
18.07.2023 21:00;6,25
18.07.2023 21:15;5,00
18.07.2023 21:30;8,29
18.07.2023 21:45;5,44
18.07.2023 22:00;7,82
18.07.2023 22:15;5,00
18.07.2023 22:30;6,11
18.07.2023 22:45;5,27
18.07.2023 23:00;6,74
18.07.2023 23:15;5,00
18.07.2023 23:30;6,05
18.07.2023 23:45;7,30
19.07.2023 00:00;5,00
19.07.2023 00:15;5,59
19.07.2023 00:30;5,00
19.07.2023 00:45;6,51
19.07.2023 01:00;9,01
19.07.2023 01:15;5,00
19.07.2023 01:30;5,00
19.07.2023 01:45;6,86
19.07.2023 02:00;5,16
19.07.2023 02:15;5,43
19.07.2023 02:30;5,00
19.07.2023 02:45;5,00
19.07.2023 03:00;5,00
19.07.2023 03:15;5,18
19.07.2023 03:30;5,00
19.07.2023 03:45;5,00
19.07.2023 04:00;8,24
19.07.2023 04:15;4,84
19.07.2023 04:30;4,20
19.07.2023 04:45;2,93
19.07.2023 05:00;2,01
19.07.2023 05:15;1,14
19.07.2023 05:30;3,00
19.07.2023 05:45;0,43
19.07.2023 06:00;0,00
19.07.2023 06:15;0,00
19.07.2023 06:30;0,00
19.07.2023 06:45;0,00
19.07.2023 07:00;10,34
19.07.2023 07:15;3,67
19.07.2023 07:30;9,57
19.07.2023 07:45;1,35
19.07.2023 08:00;11,50
19.07.2023 08:15;7,35
19.07.2023 08:30;4,30
19.07.2023 08:45;12,12
19.07.2023 09:00;14,86
19.07.2023 09:15;7,07
19.07.2023 09:30;11,91
19.07.2023 09:45;17,04
19.07.2023 10:00;15,87
19.07.2023 10:15;16,66
19.07.2023 10:30;7,30
19.07.2023 10:45;5,60
19.07.2023 11:00;1,76
19.07.2023 11:15;10,39
19.07.2023 11:30;4,14
19.07.2023 11:45;14,60
19.07.2023 12:00;3,18
19.07.2023 12:15;9,33
19.07.2023 12:30;11,86
19.07.2023 12:45;15,17
19.07.2023 13:00;2,44
19.07.2023 13:15;7,40
19.07.2023 13:30;7,95
19.07.2023 13:45;13,03
19.07.2023 14:00;16,56
19.07.2023 14:15;12,73
19.07.2023 14:30;19,67
19.07.2023 14:45;7,34
19.07.2023 15:00;17,46
19.07.2023 15:15;13,99
19.07.2023 15:30;13,26
19.07.2023 15:45;12,18
19.07.2023 16:00;14,06
19.07.2023 16:15;22,31
19.07.2023 16:30;13,12
19.07.2023 16:45;15,30
19.07.2023 17:00;12,28
19.07.2023 17:15;9,71
19.07.2023 17:30;13,23
19.07.2023 17:45;9,28
19.07.2023 18:00;14,20
19.07.2023 18:15;4,20
19.07.2023 18:30;6,15
19.07.2023 18:45;2,62
19.07.2023 19:00;1,48
19.07.2023 19:15;3,69
19.07.2023 19:30;6,71
19.07.2023 19:45;7,75
19.07.2023 20:00;5,00
19.07.2023 20:15;6,94
19.07.2023 20:30;5,00
19.07.2023 20:45;8,10
19.07.2023 21:00;5,00
19.07.2023 21:15;9,06
19.07.2023 21:30;6,67
19.07.2023 21:45;8,70
19.07.2023 22:00;5,00
19.07.2023 22:15;5,91
19.07.2023 22:30;5,00
19.07.2023 22:45;6,79
19.07.2023 23:00;6,90
19.07.2023 23:15;9,89
19.07.2023 23:30;6,06
19.07.2023 23:45;6,55
20.07.2023 00:00;5,00
20.07.2023 00:15;6,18
20.07.2023 00:30;5,00
20.07.2023 00:45;5,33
20.07.2023 01:00;5,45
20.07.2023 01:15;5,00
20.07.2023 01:30;5,23
20.07.2023 01:45;5,00
20.07.2023 02:00;5,00
20.07.2023 02:15;7,25
20.07.2023 02:30;5,45
20.07.2023 02:45;5,80
20.07.2023 03:00;5,00
20.07.2023 03:15;5,95
20.07.2023 03:30;6,16
20.07.2023 03:45;5,00
20.07.2023 04:00;9,27
20.07.2023 04:15;4,90
20.07.2023 04:30;6,11
20.07.2023 04:45;5,12
20.07.2023 05:00;4,05
20.07.2023 05:15;1,90
20.07.2023 05:30;4,71
20.07.2023 05:45;1,10
20.07.2023 06:00;3,40
20.07.2023 06:15;0,00
20.07.2023 06:30;0,00
20.07.2023 06:45;0,00
20.07.2023 07:00;12,35
20.07.2023 07:15;4,94
20.07.2023 07:30;2,79
20.07.2023 07:45;2,72
20.07.2023 08:00;5,68
20.07.2023 08:15;6,47
20.07.2023 08:30;11,68
20.07.2023 08:45;16,54
20.07.2023 09:00;3,91
20.07.2023 09:15;6,97
20.07.2023 09:30;19,46
20.07.2023 09:45;18,16
20.07.2023 10:00;11,66
20.07.2023 10:15;12,01
20.07.2023 10:30;6,81
20.07.2023 10:45;6,90
20.07.2023 11:00;5,54
20.07.2023 11:15;11,11
20.07.2023 11:30;16,56
20.07.2023 11:45;18,14
20.07.2023 12:00;14,12
20.07.2023 12:15;17,34
20.07.2023 12:30;15,98
20.07.2023 12:45;11,64
20.07.2023 13:00;11,09
20.07.2023 13:15;16,15
20.07.2023 13:30;15,54
20.07.2023 13:45;3,69
20.07.2023 14:00;13,52
20.07.2023 14:15;15,63
20.07.2023 14:30;12,03
20.07.2023 14:45;15,99
20.07.2023 15:00;11,17
20.07.2023 15:15;15,62
20.07.2023 15:30;17,05
20.07.2023 15:45;15,26
20.07.2023 16:00;14,12
20.07.2023 16:15;18,82
20.07.2023 16:30;7,00
20.07.2023 16:45;8,25
20.07.2023 17:00;7,95
20.07.2023 17:15;15,81
20.07.2023 17:30;9,71
20.07.2023 17:45;13,75
20.07.2023 18:00;10,62
20.07.2023 18:15;4,41
20.07.2023 18:30;3,71
20.07.2023 18:45;1,56
20.07.2023 19:00;6,34
20.07.2023 19:15;2,68
20.07.2023 19:30;3,99
20.07.2023 19:45;5,33
20.07.2023 20:00;7,86
20.07.2023 20:15;7,21
20.07.2023 20:30;6,91
20.07.2023 20:45;5,00
20.07.2023 21:00;5,00
20.07.2023 21:15;5,79
20.07.2023 21:30;5,00
20.07.2023 21:45;6,88
20.07.2023 22:00;6,76
20.07.2023 22:15;6,28
20.07.2023 22:30;5,00
20.07.2023 22:45;5,36
20.07.2023 23:00;5,00
20.07.2023 23:15;5,44
20.07.2023 23:30;5,00
20.07.2023 23:45;5,00
21.07.2023 00:00;6,03
21.07.2023 00:15;5,00
21.07.2023 00:30;6,25
21.07.2023 00:45;5,00
21.07.2023 01:00;7,93
21.07.2023 01:15;7,10
21.07.2023 01:30;5,70
21.07.2023 01:45;5,00
21.07.2023 02:00;6,81
21.07.2023 02:15;5,89
21.07.2023 02:30;5,58
21.07.2023 02:45;7,19
21.07.2023 03:00;7,96
21.07.2023 03:15;5,00
21.07.2023 03:30;5,00
21.07.2023 03:45;5,00
21.07.2023 04:00;5,00
21.07.2023 04:15;4,98
21.07.2023 04:30;5,49
21.07.2023 04:45;3,18
21.07.2023 05:00;1,63
21.07.2023 05:15;3,69
21.07.2023 05:30;4,02
21.07.2023 05:45;3,19
21.07.2023 06:00;0,00
21.07.2023 06:15;0,00
21.07.2023 06:30;4,87
21.07.2023 06:45;0,00
21.07.2023 07:00;11,12
21.07.2023 07:15;14,65
21.07.2023 07:30;17,36
21.07.2023 07:45;6,15
21.07.2023 08:00;6,01
21.07.2023 08:15;6,96
21.07.2023 08:30;21,34
21.07.2023 08:45;16,30
21.07.2023 09:00;8,41
21.07.2023 09:15;4,74
21.07.2023 09:30;14,71
21.07.2023 09:45;11,28
21.07.2023 10:00;3,32
21.07.2023 10:15;6,14
21.07.2023 10:30;5,67
21.07.2023 10:45;17,33
21.07.2023 11:00;5,17
21.07.2023 11:15;11,37
21.07.2023 11:30;15,65
21.07.2023 11:45;18,76
21.07.2023 12:00;14,07
21.07.2023 12:15;9,08
21.07.2023 12:30;27,78
21.07.2023 12:45;15,14
21.07.2023 13:00;14,92
21.07.2023 13:15;6,98
21.07.2023 13:30;17,85
21.07.2023 13:45;14,30
21.07.2023 14:00;5,61
21.07.2023 14:15;8,42
21.07.2023 14:30;7,72
21.07.2023 14:45;14,06
21.07.2023 15:00;8,28
21.07.2023 15:15;5,80
21.07.2023 15:30;8,99
21.07.2023 15:45;10,63
21.07.2023 16:00;11,73
21.07.2023 16:15;8,57
21.07.2023 16:30;13,33
21.07.2023 16:45;6,01
21.07.2023 17:00;10,02
21.07.2023 17:15;8,19
21.07.2023 17:30;17,89
21.07.2023 17:45;11,44
21.07.2023 18:00;12,83
21.07.2023 18:15;2,15
21.07.2023 18:30;0,77
21.07.2023 18:45;1,61
21.07.2023 19:00;2,97
21.07.2023 19:15;3,62
21.07.2023 19:30;7,62
21.07.2023 19:45;5,10
21.07.2023 20:00;5,00
21.07.2023 20:15;5,07
21.07.2023 20:30;5,00
21.07.2023 20:45;10,67
21.07.2023 21:00;7,20
21.07.2023 21:15;5,20
21.07.2023 21:30;5,00
21.07.2023 21:45;7,00
21.07.2023 22:00;7,10
21.07.2023 22:15;5,00
21.07.2023 22:30;6,39
21.07.2023 22:45;5,16
21.07.2023 23:00;5,00
21.07.2023 23:15;6,86
21.07.2023 23:30;9,60
21.07.2023 23:45;6,22
22.07.2023 00:00;5,00
22.07.2023 00:15;5,65
22.07.2023 00:30;5,00
22.07.2023 00:45;5,00
22.07.2023 01:00;5,00
22.07.2023 01:15;5,00
22.07.2023 01:30;5,00
22.07.2023 01:45;5,00
22.07.2023 02:00;5,00
22.07.2023 02:15;5,00
22.07.2023 02:30;5,00
22.07.2023 02:45;5,00
22.07.2023 03:00;5,00
22.07.2023 03:15;5,00
22.07.2023 03:30;5,00
22.07.2023 03:45;5,00
22.07.2023 04:00;5,00
22.07.2023 04:15;5,00
22.07.2023 04:30;4,52
22.07.2023 04:45;3,46
22.07.2023 05:00;4,03
22.07.2023 05:15;2,48
22.07.2023 05:30;2,70
22.07.2023 05:45;0,00
22.07.2023 06:00;1,37
22.07.2023 06:15;0,00
22.07.2023 06:30;0,00
22.07.2023 06:45;0,00
22.07.2023 07:00;0,00
22.07.2023 07:15;0,00
22.07.2023 07:30;0,00
22.07.2023 07:45;2,73
22.07.2023 08:00;2,68
22.07.2023 08:15;7,02
22.07.2023 08:30;0,00
22.07.2023 08:45;0,96
22.07.2023 09:00;0,00
22.07.2023 09:15;0,00
22.07.2023 09:30;2,00
22.07.2023 09:45;0,00
22.07.2023 10:00;0,00
22.07.2023 10:15;0,00
22.07.2023 10:30;3,54
22.07.2023 10:45;0,00
22.07.2023 11:00;0,00
22.07.2023 11:15;0,00
22.07.2023 11:30;0,00
22.07.2023 11:45;0,00
22.07.2023 12:00;0,00
22.07.2023 12:15;0,00
22.07.2023 12:30;0,00
22.07.2023 12:45;0,00
22.07.2023 13:00;7,39
22.07.2023 13:15;0,00
22.07.2023 13:30;0,00
22.07.2023 13:45;0,00
22.07.2023 14:00;0,00
22.07.2023 14:15;0,00
22.07.2023 14:30;0,00
22.07.2023 14:45;0,00
22.07.2023 15:00;0,00
22.07.2023 15:15;4,19
22.07.2023 15:30;0,00
22.07.2023 15:45;0,00
22.07.2023 16:00;2,03
22.07.2023 16:15;0,00
22.07.2023 16:30;0,00
22.07.2023 16:45;0,00
22.07.2023 17:00;0,00
22.07.2023 17:15;0,00
22.07.2023 17:30;1,19
22.07.2023 17:45;1,24
22.07.2023 18:00;0,00
22.07.2023 18:15;3,19
22.07.2023 18:30;0,54
22.07.2023 18:45;1,78
22.07.2023 19:00;2,92
22.07.2023 19:15;3,43
22.07.2023 19:30;3,95
22.07.2023 19:45;5,00
22.07.2023 20:00;5,00
22.07.2023 20:15;5,00
22.07.2023 20:30;5,00
22.07.2023 20:45;5,00
22.07.2023 21:00;5,00
22.07.2023 21:15;5,00
22.07.2023 21:30;5,00
22.07.2023 21:45;5,00
22.07.2023 22:00;5,00
22.07.2023 22:15;5,00
22.07.2023 22:30;5,00
22.07.2023 22:45;5,00
22.07.2023 23:00;5,00
22.07.2023 23:15;5,00
22.07.2023 23:30;5,00
22.07.2023 23:45;5,00
23.07.2023 00:00;5,00
23.07.2023 00:15;5,00
23.07.2023 00:30;7,90
23.07.2023 00:45;5,73
23.07.2023 01:00;5,00
23.07.2023 01:15;5,00
23.07.2023 01:30;5,00
23.07.2023 01:45;5,00
23.07.2023 02:00;5,00
23.07.2023 02:15;5,00
23.07.2023 02:30;5,00
23.07.2023 02:45;5,18
23.07.2023 03:00;5,00
23.07.2023 03:15;5,00
23.07.2023 03:30;5,00
23.07.2023 03:45;5,00
23.07.2023 04:00;5,00
23.07.2023 04:15;5,00
23.07.2023 04:30;4,24
23.07.2023 04:45;2,93
23.07.2023 05:00;1,79
23.07.2023 05:15;2,24
23.07.2023 05:30;3,93
23.07.2023 05:45;0,95
23.07.2023 06:00;0,00
23.07.2023 06:15;0,38
23.07.2023 06:30;0,00
23.07.2023 06:45;0,00
23.07.2023 07:00;0,00
23.07.2023 07:15;0,00
23.07.2023 07:30;0,00
23.07.2023 07:45;0,00
23.07.2023 08:00;0,00
23.07.2023 08:15;0,00
23.07.2023 08:30;0,00
23.07.2023 08:45;0,00
23.07.2023 09:00;2,50
23.07.2023 09:15;4,64
23.07.2023 09:30;0,00
23.07.2023 09:45;0,00
23.07.2023 10:00;0,07
23.07.2023 10:15;0,00
23.07.2023 10:30;0,00
23.07.2023 10:45;0,00
23.07.2023 11:00;0,00
23.07.2023 11:15;0,00
23.07.2023 11:30;0,00
23.07.2023 11:45;0,00
23.07.2023 12:00;0,00
23.07.2023 12:15;0,08
23.07.2023 12:30;0,00
23.07.2023 12:45;0,68
23.07.2023 13:00;0,00
23.07.2023 13:15;0,30
23.07.2023 13:30;0,00
23.07.2023 13:45;0,00
23.07.2023 14:00;0,00
23.07.2023 14:15;0,00
23.07.2023 14:30;5,38
23.07.2023 14:45;0,00
23.07.2023 15:00;0,00
23.07.2023 15:15;0,00
23.07.2023 15:30;0,00
23.07.2023 15:45;0,00
23.07.2023 16:00;0,00
23.07.2023 16:15;0,00
23.07.2023 16:30;0,69
23.07.2023 16:45;2,28
23.07.2023 17:00;1,19
23.07.2023 17:15;0,00
23.07.2023 17:30;0,00
23.07.2023 17:45;0,00
23.07.2023 18:00;0,26
23.07.2023 18:15;2,95
23.07.2023 18:30;0,00
23.07.2023 18:45;2,92
23.07.2023 19:00;2,29
23.07.2023 19:15;3,07
23.07.2023 19:30;4,34
23.07.2023 19:45;5,00
23.07.2023 20:00;5,00
23.07.2023 20:15;5,00
23.07.2023 20:30;5,00
23.07.2023 20:45;5,00
23.07.2023 21:00;5,00
23.07.2023 21:15;5,00
23.07.2023 21:30;5,00
23.07.2023 21:45;5,00
23.07.2023 22:00;5,00
23.07.2023 22:15;5,00
23.07.2023 22:30;5,00
23.07.2023 22:45;5,00
23.07.2023 23:00;5,00
23.07.2023 23:15;5,00
23.07.2023 23:30;5,00
23.07.2023 23:45;5,00
24.07.2023 00:00;10,68
24.07.2023 00:15;7,07
24.07.2023 00:30;5,00
24.07.2023 00:45;5,00
24.07.2023 01:00;9,66
24.07.2023 01:15;5,00
24.07.2023 01:30;5,20
24.07.2023 01:45;5,00
24.07.2023 02:00;8,24
24.07.2023 02:15;6,11
24.07.2023 02:30;5,00
24.07.2023 02:45;5,00
24.07.2023 03:00;5,72
24.07.2023 03:15;5,20
24.07.2023 03:30;6,77
24.07.2023 03:45;6,20
24.07.2023 04:00;5,00
24.07.2023 04:15;5,00
24.07.2023 04:30;4,35
24.07.2023 04:45;3,15
24.07.2023 05:00;3,29
24.07.2023 05:15;3,38
24.07.2023 05:30;3,07
24.07.2023 05:45;3,23
24.07.2023 06:00;0,00
24.07.2023 06:15;0,00
24.07.2023 06:30;0,00
24.07.2023 06:45;0,00
24.07.2023 07:00;9,74
24.07.2023 07:15;5,20
24.07.2023 07:30;6,67
24.07.2023 07:45;8,47
24.07.2023 08:00;17,32
24.07.2023 08:15;1,76
24.07.2023 08:30;9,38
24.07.2023 08:45;6,85
24.07.2023 09:00;11,03
24.07.2023 09:15;13,27
24.07.2023 09:30;12,66
24.07.2023 09:45;11,52
24.07.2023 10:00;7,62
24.07.2023 10:15;6,70
24.07.2023 10:30;0,72
24.07.2023 10:45;18,20
24.07.2023 11:00;13,38
24.07.2023 11:15;6,97
24.07.2023 11:30;22,04
24.07.2023 11:45;15,04
24.07.2023 12:00;19,27
24.07.2023 12:15;9,47
24.07.2023 12:30;17,51
24.07.2023 12:45;18,34
24.07.2023 13:00;14,55
24.07.2023 13:15;11,97
24.07.2023 13:30;7,09
24.07.2023 13:45;5,91
24.07.2023 14:00;11,82
24.07.2023 14:15;15,38
24.07.2023 14:30;3,19
24.07.2023 14:45;14,07
24.07.2023 15:00;14,60
24.07.2023 15:15;12,32
24.07.2023 15:30;9,64
24.07.2023 15:45;13,57
24.07.2023 16:00;12,29
24.07.2023 16:15;6,58
24.07.2023 16:30;21,05
24.07.2023 16:45;12,90
24.07.2023 17:00;16,57
24.07.2023 17:15;9,24
24.07.2023 17:30;9,70
24.07.2023 17:45;11,75
24.07.2023 18:00;10,17
24.07.2023 18:15;1,82
24.07.2023 18:30;4,40
24.07.2023 18:45;2,30
24.07.2023 19:00;6,13
24.07.2023 19:15;5,16
24.07.2023 19:30;5,48
24.07.2023 19:45;5,00
24.07.2023 20:00;7,10
24.07.2023 20:15;5,00
24.07.2023 20:30;8,26
24.07.2023 20:45;5,00
24.07.2023 21:00;5,00
24.07.2023 21:15;5,00
24.07.2023 21:30;5,00
24.07.2023 21:45;5,00
24.07.2023 22:00;5,31
24.07.2023 22:15;5,00
24.07.2023 22:30;5,00
24.07.2023 22:45;7,26
24.07.2023 23:00;5,00
24.07.2023 23:15;6,29
24.07.2023 23:30;5,17
24.07.2023 23:45;9,34
25.07.2023 00:00;7,10
25.07.2023 00:15;5,00
25.07.2023 00:30;5,00
25.07.2023 00:45;8,12
25.07.2023 01:00;5,00
25.07.2023 01:15;5,49
25.07.2023 01:30;5,00
25.07.2023 01:45;5,00
25.07.2023 02:00;5,82
25.07.2023 02:15;5,49
25.07.2023 02:30;6,02
25.07.2023 02:45;5,39
25.07.2023 03:00;5,94
25.07.2023 03:15;5,30
25.07.2023 03:30;5,00
25.07.2023 03:45;5,12
25.07.2023 04:00;5,00
25.07.2023 04:15;5,00
25.07.2023 04:30;4,85
25.07.2023 04:45;4,32
25.07.2023 05:00;3,31
25.07.2023 05:15;3,74
25.07.2023 05:30;1,23
25.07.2023 05:45;0,00
25.07.2023 06:00;2,25
25.07.2023 06:15;0,00
25.07.2023 06:30;0,00
25.07.2023 06:45;0,00
25.07.2023 07:00;4,97
25.07.2023 07:15;14,23
25.07.2023 07:30;4,72
25.07.2023 07:45;9,91
25.07.2023 08:00;3,74
25.07.2023 08:15;2,21
25.07.2023 08:30;9,17
25.07.2023 08:45;7,55
25.07.2023 09:00;3,26
25.07.2023 09:15;12,47
25.07.2023 09:30;12,17
25.07.2023 09:45;14,55
25.07.2023 10:00;12,90
25.07.2023 10:15;25,86
25.07.2023 10:30;17,21
25.07.2023 10:45;17,06
25.07.2023 11:00;13,91
25.07.2023 11:15;11,13
25.07.2023 11:30;21,45
25.07.2023 11:45;15,39
25.07.2023 12:00;5,59
25.07.2023 12:15;15,40
25.07.2023 12:30;4,18
25.07.2023 12:45;5,12
25.07.2023 13:00;16,27
25.07.2023 13:15;8,17
25.07.2023 13:30;23,37
25.07.2023 13:45;16,49
25.07.2023 14:00;17,07
25.07.2023 14:15;11,86
25.07.2023 14:30;2,80
25.07.2023 14:45;13,39
25.07.2023 15:00;11,69
25.07.2023 15:15;13,18
25.07.2023 15:30;5,19
25.07.2023 15:45;7,44
25.07.2023 16:00;10,77
25.07.2023 16:15;7,92
25.07.2023 16:30;9,38
25.07.2023 16:45;10,49
25.07.2023 17:00;6,10
25.07.2023 17:15;13,84
25.07.2023 17:30;13,24
25.07.2023 17:45;10,96
25.07.2023 18:00;11,43
25.07.2023 18:15;3,69
25.07.2023 18:30;0,80
25.07.2023 18:45;2,60
25.07.2023 19:00;3,32
25.07.2023 19:15;6,17
25.07.2023 19:30;7,09
25.07.2023 19:45;5,00
25.07.2023 20:00;7,12
25.07.2023 20:15;6,75
25.07.2023 20:30;8,22
25.07.2023 20:45;5,88
25.07.2023 21:00;5,02
25.07.2023 21:15;7,40
25.07.2023 21:30;6,51
25.07.2023 21:45;9,60
25.07.2023 22:00;7,03
25.07.2023 22:15;5,42
25.07.2023 22:30;5,00
25.07.2023 22:45;5,00
25.07.2023 23:00;5,00
25.07.2023 23:15;5,00
25.07.2023 23:30;6,96
25.07.2023 23:45;5,10
26.07.2023 00:00;7,16
26.07.2023 00:15;5,79
26.07.2023 00:30;5,00
26.07.2023 00:45;5,29
26.07.2023 01:00;6,06
26.07.2023 01:15;5,39
26.07.2023 01:30;5,41
26.07.2023 01:45;5,00
26.07.2023 02:00;5,00
26.07.2023 02:15;9,63
26.07.2023 02:30;7,57
26.07.2023 02:45;5,00
26.07.2023 03:00;5,00
26.07.2023 03:15;5,26
26.07.2023 03:30;6,90
26.07.2023 03:45;5,00
26.07.2023 04:00;7,16
26.07.2023 04:15;5,23
26.07.2023 04:30;4,45
26.07.2023 04:45;5,16
26.07.2023 05:00;3,03
26.07.2023 05:15;3,34
26.07.2023 05:30;3,84
26.07.2023 05:45;3,15
26.07.2023 06:00;3,68
26.07.2023 06:15;0,00
26.07.2023 06:30;0,00
26.07.2023 06:45;0,00
26.07.2023 07:00;9,47
26.07.2023 07:15;11,80
26.07.2023 07:30;13,40
26.07.2023 07:45;9,55
26.07.2023 08:00;7,54
26.07.2023 08:15;8,48
26.07.2023 08:30;14,31
26.07.2023 08:45;10,94
26.07.2023 09:00;5,43
26.07.2023 09:15;6,50
26.07.2023 09:30;14,24
26.07.2023 09:45;23,27
26.07.2023 10:00;21,59
26.07.2023 10:15;7,06
26.07.2023 10:30;19,49
26.07.2023 10:45;4,86
26.07.2023 11:00;12,81
26.07.2023 11:15;9,03
26.07.2023 11:30;9,29
26.07.2023 11:45;18,46
26.07.2023 12:00;5,35
26.07.2023 12:15;18,35
26.07.2023 12:30;14,80
26.07.2023 12:45;5,89
26.07.2023 13:00;8,67
26.07.2023 13:15;8,99
26.07.2023 13:30;21,53
26.07.2023 13:45;15,92
26.07.2023 14:00;12,56
26.07.2023 14:15;5,74
26.07.2023 14:30;6,19
26.07.2023 14:45;17,94
26.07.2023 15:00;16,19
26.07.2023 15:15;10,03
26.07.2023 15:30;11,14
26.07.2023 15:45;10,15
26.07.2023 16:00;14,52
26.07.2023 16:15;19,32
26.07.2023 16:30;10,70
26.07.2023 16:45;4,49
26.07.2023 17:00;7,20
26.07.2023 17:15;7,77
26.07.2023 17:30;11,09
26.07.2023 17:45;13,34
26.07.2023 18:00;9,37
26.07.2023 18:15;0,00
26.07.2023 18:30;1,40
26.07.2023 18:45;3,19
26.07.2023 19:00;3,61
26.07.2023 19:15;3,20
26.07.2023 19:30;4,53
26.07.2023 19:45;5,91
26.07.2023 20:00;5,00
26.07.2023 20:15;5,14
26.07.2023 20:30;5,00
26.07.2023 20:45;5,00
26.07.2023 21:00;7,34
26.07.2023 21:15;7,93
26.07.2023 21:30;6,55
26.07.2023 21:45;5,00
26.07.2023 22:00;7,63
26.07.2023 22:15;6,56
26.07.2023 22:30;5,00
26.07.2023 22:45;5,00
26.07.2023 23:00;7,02
26.07.2023 23:15;5,00
26.07.2023 23:30;5,80
26.07.2023 23:45;5,25
27.07.2023 00:00;8,19
27.07.2023 00:15;5,00
27.07.2023 00:30;5,08
27.07.2023 00:45;8,27
27.07.2023 01:00;5,00
27.07.2023 01:15;6,74
27.07.2023 01:30;5,00
27.07.2023 01:45;5,00
27.07.2023 02:00;5,12
27.07.2023 02:15;6,50
27.07.2023 02:30;7,82
27.07.2023 02:45;8,06
27.07.2023 03:00;5,00
27.07.2023 03:15;5,00
27.07.2023 03:30;5,00
27.07.2023 03:45;5,00
27.07.2023 04:00;5,00
27.07.2023 04:15;5,00
27.07.2023 04:30;6,03
27.07.2023 04:45;3,45
27.07.2023 05:00;2,47
27.07.2023 05:15;0,99
27.07.2023 05:30;3,27
27.07.2023 05:45;0,39
27.07.2023 06:00;0,00
27.07.2023 06:15;0,00
27.07.2023 06:30;0,00
27.07.2023 06:45;0,00
27.07.2023 07:00;5,73
27.07.2023 07:15;7,20
27.07.2023 07:30;6,89
27.07.2023 07:45;9,04
27.07.2023 08:00;11,62
27.07.2023 08:15;6,67
27.07.2023 08:30;11,14
27.07.2023 08:45;5,51
27.07.2023 09:00;9,70
27.07.2023 09:15;4,59
27.07.2023 09:30;6,77
27.07.2023 09:45;12,25
27.07.2023 10:00;6,78
27.07.2023 10:15;9,99
27.07.2023 10:30;14,74
27.07.2023 10:45;10,26
27.07.2023 11:00;12,96
27.07.2023 11:15;2,82
27.07.2023 11:30;8,51
27.07.2023 11:45;12,09
27.07.2023 12:00;0,90
27.07.2023 12:15;24,32
27.07.2023 12:30;12,27
27.07.2023 12:45;15,93
27.07.2023 13:00;14,99
27.07.2023 13:15;12,36
27.07.2023 13:30;9,08
27.07.2023 13:45;7,43
27.07.2023 14:00;10,47
27.07.2023 14:15;16,15
27.07.2023 14:30;5,19
27.07.2023 14:45;20,05
27.07.2023 15:00;24,26
27.07.2023 15:15;10,52
27.07.2023 15:30;16,93
27.07.2023 15:45;5,07
27.07.2023 16:00;5,42
27.07.2023 16:15;15,04
27.07.2023 16:30;13,96
27.07.2023 16:45;10,67
27.07.2023 17:00;12,13
27.07.2023 17:15;12,98
27.07.2023 17:30;14,76
27.07.2023 17:45;11,93
27.07.2023 18:00;15,71
27.07.2023 18:15;0,00
27.07.2023 18:30;0,79
27.07.2023 18:45;3,28
27.07.2023 19:00;4,37
27.07.2023 19:15;4,92
27.07.2023 19:30;4,87
27.07.2023 19:45;5,74
27.07.2023 20:00;5,00
27.07.2023 20:15;5,00
27.07.2023 20:30;5,18
27.07.2023 20:45;5,00
27.07.2023 21:00;5,00
27.07.2023 21:15;5,00
27.07.2023 21:30;8,61
27.07.2023 21:45;6,23
27.07.2023 22:00;5,00
27.07.2023 22:15;5,00
27.07.2023 22:30;5,00
27.07.2023 22:45;5,00
27.07.2023 23:00;6,55
27.07.2023 23:15;7,00
27.07.2023 23:30;6,40
27.07.2023 23:45;5,43
28.07.2023 00:00;7,73
28.07.2023 00:15;5,00
28.07.2023 00:30;7,29
28.07.2023 00:45;5,00
28.07.2023 01:00;5,00
28.07.2023 01:15;5,00
28.07.2023 01:30;5,00
28.07.2023 01:45;6,44
28.07.2023 02:00;5,00
28.07.2023 02:15;5,00
28.07.2023 02:30;6,55
28.07.2023 02:45;5,77
28.07.2023 03:00;7,04
28.07.2023 03:15;6,14
28.07.2023 03:30;5,00
28.07.2023 03:45;5,27
28.07.2023 04:00;5,37
28.07.2023 04:15;5,00
28.07.2023 04:30;4,61
28.07.2023 04:45;4,44
28.07.2023 05:00;6,44
28.07.2023 05:15;1,82
28.07.2023 05:30;6,03
28.07.2023 05:45;0,00
28.07.2023 06:00;3,73
28.07.2023 06:15;0,00
28.07.2023 06:30;3,37
28.07.2023 06:45;0,00
28.07.2023 07:00;15,00
28.07.2023 07:15;12,70
28.07.2023 07:30;11,82
28.07.2023 07:45;8,22
28.07.2023 08:00;12,29
28.07.2023 08:15;16,80
28.07.2023 08:30;9,38
28.07.2023 08:45;6,80
28.07.2023 09:00;1,09
28.07.2023 09:15;4,72
28.07.2023 09:30;2,88
28.07.2023 09:45;23,54
28.07.2023 10:00;10,79
28.07.2023 10:15;19,52
28.07.2023 10:30;22,31
28.07.2023 10:45;20,48
28.07.2023 11:00;6,55
28.07.2023 11:15;13,54
28.07.2023 11:30;22,73
28.07.2023 11:45;16,37
28.07.2023 12:00;8,03
28.07.2023 12:15;14,00
28.07.2023 12:30;18,63
28.07.2023 12:45;22,40
28.07.2023 13:00;11,89
28.07.2023 13:15;26,34
28.07.2023 13:30;15,06
28.07.2023 13:45;13,18
28.07.2023 14:00;15,71
28.07.2023 14:15;21,36
28.07.2023 14:30;11,54
28.07.2023 14:45;6,18
28.07.2023 15:00;12,41
28.07.2023 15:15;14,81
28.07.2023 15:30;11,63
28.07.2023 15:45;13,51
28.07.2023 16:00;10,66
28.07.2023 16:15;11,98
28.07.2023 16:30;15,35
28.07.2023 16:45;20,21
28.07.2023 17:00;14,75
28.07.2023 17:15;10,65
28.07.2023 17:30;14,46
28.07.2023 17:45;8,18
28.07.2023 18:00;11,64
28.07.2023 18:15;0,91
28.07.2023 18:30;1,22
28.07.2023 18:45;1,09
28.07.2023 19:00;2,49
28.07.2023 19:15;5,60
28.07.2023 19:30;4,63
28.07.2023 19:45;5,00
28.07.2023 20:00;6,75
28.07.2023 20:15;5,00
28.07.2023 20:30;5,00
28.07.2023 20:45;5,00
28.07.2023 21:00;5,00
28.07.2023 21:15;5,00
28.07.2023 21:30;6,26
28.07.2023 21:45;6,87
28.07.2023 22:00;6,70
28.07.2023 22:15;7,34
28.07.2023 22:30;7,60
28.07.2023 22:45;5,00
28.07.2023 23:00;6,02
28.07.2023 23:15;5,00
28.07.2023 23:30;5,00
28.07.2023 23:45;6,24
29.07.2023 00:00;5,00
29.07.2023 00:15;5,00
29.07.2023 00:30;5,00
29.07.2023 00:45;5,00
29.07.2023 01:00;5,00
29.07.2023 01:15;5,00
29.07.2023 01:30;5,00
29.07.2023 01:45;5,00
29.07.2023 02:00;5,00
29.07.2023 02:15;5,00
29.07.2023 02:30;5,00
29.07.2023 02:45;5,00
29.07.2023 03:00;5,00
29.07.2023 03:15;5,00
29.07.2023 03:30;5,00
29.07.2023 03:45;5,00
29.07.2023 04:00;5,00
29.07.2023 04:15;5,00
29.07.2023 04:30;4,78
29.07.2023 04:45;4,08
29.07.2023 05:00;4,40
29.07.2023 05:15;3,25
29.07.2023 05:30;0,00
29.07.2023 05:45;3,36
29.07.2023 06:00;1,17
29.07.2023 06:15;0,00
29.07.2023 06:30;0,00
29.07.2023 06:45;0,00
29.07.2023 07:00;0,00
29.07.2023 07:15;0,00
29.07.2023 07:30;2,47
29.07.2023 07:45;6,47
29.07.2023 08:00;0,00
29.07.2023 08:15;7,98
29.07.2023 08:30;0,00
29.07.2023 08:45;2,79
29.07.2023 09:00;0,00
29.07.2023 09:15;0,00
29.07.2023 09:30;0,00
29.07.2023 09:45;5,22
29.07.2023 10:00;0,00
29.07.2023 10:15;0,00
29.07.2023 10:30;7,19
29.07.2023 10:45;0,00
29.07.2023 11:00;0,00
29.07.2023 11:15;0,00
29.07.2023 11:30;0,00
29.07.2023 11:45;0,00
29.07.2023 12:00;0,00
29.07.2023 12:15;0,00
29.07.2023 12:30;0,00
29.07.2023 12:45;0,00
29.07.2023 13:00;0,00
29.07.2023 13:15;0,00
29.07.2023 13:30;0,00
29.07.2023 13:45;0,00
29.07.2023 14:00;7,82
29.07.2023 14:15;0,00
29.07.2023 14:30;5,90
29.07.2023 14:45;0,00
29.07.2023 15:00;5,33
29.07.2023 15:15;0,00
29.07.2023 15:30;0,05
29.07.2023 15:45;0,00
29.07.2023 16:00;1,05
29.07.2023 16:15;2,18
29.07.2023 16:30;1,47
29.07.2023 16:45;7,45
29.07.2023 17:00;0,00
29.07.2023 17:15;0,00
29.07.2023 17:30;3,54
29.07.2023 17:45;0,81
29.07.2023 18:00;2,49
29.07.2023 18:15;0,36
29.07.2023 18:30;2,17
29.07.2023 18:45;3,77
29.07.2023 19:00;3,89
29.07.2023 19:15;4,82
29.07.2023 19:30;4,65
29.07.2023 19:45;5,00
29.07.2023 20:00;5,00
29.07.2023 20:15;5,00
29.07.2023 20:30;5,00
29.07.2023 20:45;5,00
29.07.2023 21:00;5,00
29.07.2023 21:15;5,00
29.07.2023 21:30;5,00
29.07.2023 21:45;5,00
29.07.2023 22:00;5,00
29.07.2023 22:15;5,00
29.07.2023 22:30;5,35
29.07.2023 22:45;5,00
29.07.2023 23:00;5,00
29.07.2023 23:15;5,00
29.07.2023 23:30;5,00
29.07.2023 23:45;5,00
30.07.2023 00:00;5,00
30.07.2023 00:15;5,00
30.07.2023 00:30;5,00
30.07.2023 00:45;5,00
30.07.2023 01:00;5,00
30.07.2023 01:15;5,00
30.07.2023 01:30;5,00
30.07.2023 01:45;5,00
30.07.2023 02:00;5,00
30.07.2023 02:15;5,00
30.07.2023 02:30;5,00
30.07.2023 02:45;5,58
30.07.2023 03:00;5,00
30.07.2023 03:15;5,00
30.07.2023 03:30;5,00
30.07.2023 03:45;5,00
30.07.2023 04:00;5,00
30.07.2023 04:15;5,00
30.07.2023 04:30;4,89
30.07.2023 04:45;4,19
30.07.2023 05:00;3,57
30.07.2023 05:15;1,39
30.07.2023 05:30;1,71
30.07.2023 05:45;0,58
30.07.2023 06:00;0,00
30.07.2023 06:15;0,00
30.07.2023 06:30;0,00
30.07.2023 06:45;0,00
30.07.2023 07:00;0,00
30.07.2023 07:15;0,00
30.07.2023 07:30;0,00
30.07.2023 07:45;0,00
30.07.2023 08:00;0,00
30.07.2023 08:15;0,00
30.07.2023 08:30;0,87
30.07.2023 08:45;0,00
30.07.2023 09:00;0,00
30.07.2023 09:15;1,24
30.07.2023 09:30;0,00
30.07.2023 09:45;0,00
30.07.2023 10:00;0,00
30.07.2023 10:15;0,00
30.07.2023 10:30;0,00
30.07.2023 10:45;0,00
30.07.2023 11:00;0,00
30.07.2023 11:15;1,05
30.07.2023 11:30;0,00
30.07.2023 11:45;0,26
30.07.2023 12:00;0,00
30.07.2023 12:15;0,00
30.07.2023 12:30;0,00
30.07.2023 12:45;3,43
30.07.2023 13:00;6,50
30.07.2023 13:15;3,27
30.07.2023 13:30;4,02
30.07.2023 13:45;0,00
30.07.2023 14:00;0,00
30.07.2023 14:15;0,00
30.07.2023 14:30;1,15
30.07.2023 14:45;0,00
30.07.2023 15:00;0,42
30.07.2023 15:15;0,00
30.07.2023 15:30;1,51
30.07.2023 15:45;0,00
30.07.2023 16:00;3,75
30.07.2023 16:15;3,84
30.07.2023 16:30;1,19
30.07.2023 16:45;0,00
30.07.2023 17:00;0,00
30.07.2023 17:15;4,77
30.07.2023 17:30;1,12
30.07.2023 17:45;0,00
30.07.2023 18:00;2,25
30.07.2023 18:15;0,49
30.07.2023 18:30;1,74
30.07.2023 18:45;2,87
30.07.2023 19:00;4,02
30.07.2023 19:15;4,71
30.07.2023 19:30;4,83
30.07.2023 19:45;5,00
30.07.2023 20:00;5,00
30.07.2023 20:15;5,00
30.07.2023 20:30;5,00
30.07.2023 20:45;5,00
30.07.2023 21:00;5,00
30.07.2023 21:15;5,00
30.07.2023 21:30;5,00
30.07.2023 21:45;5,00
30.07.2023 22:00;5,00
30.07.2023 22:15;5,00
30.07.2023 22:30;5,00
30.07.2023 22:45;5,00
30.07.2023 23:00;5,00
30.07.2023 23:15;5,00
30.07.2023 23:30;5,00
30.07.2023 23:45;5,00
31.07.2023 00:00;5,84
31.07.2023 00:15;8,91
31.07.2023 00:30;7,99
31.07.2023 00:45;6,29
31.07.2023 01:00;5,43
31.07.2023 01:15;7,93
31.07.2023 01:30;6,72
31.07.2023 01:45;5,00
31.07.2023 02:00;5,00
31.07.2023 02:15;5,80
31.07.2023 02:30;5,00
31.07.2023 02:45;5,00
31.07.2023 03:00;5,00
31.07.2023 03:15;5,00
31.07.2023 03:30;5,00
31.07.2023 03:45;5,00
31.07.2023 04:00;6,78
31.07.2023 04:15;5,00
31.07.2023 04:30;4,82
31.07.2023 04:45;4,80
31.07.2023 05:00;5,81
31.07.2023 05:15;1,87
31.07.2023 05:30;0,93
31.07.2023 05:45;3,56
31.07.2023 06:00;0,00
31.07.2023 06:15;0,00
31.07.2023 06:30;0,00
31.07.2023 06:45;0,00
31.07.2023 07:00;16,09
31.07.2023 07:15;7,94
31.07.2023 07:30;9,53
31.07.2023 07:45;7,27
31.07.2023 08:00;5,14
31.07.2023 08:15;6,10
31.07.2023 08:30;2,52
31.07.2023 08:45;15,33
31.07.2023 09:00;6,42
31.07.2023 09:15;15,77
31.07.2023 09:30;7,53
31.07.2023 09:45;23,26
31.07.2023 10:00;16,47
31.07.2023 10:15;12,86
31.07.2023 10:30;10,54
31.07.2023 10:45;26,10
31.07.2023 11:00;15,36
31.07.2023 11:15;6,26
31.07.2023 11:30;3,62
31.07.2023 11:45;5,54
31.07.2023 12:00;5,91
31.07.2023 12:15;26,44
31.07.2023 12:30;13,89
31.07.2023 12:45;8,86
31.07.2023 13:00;16,76
31.07.2023 13:15;14,54
31.07.2023 13:30;2,93
31.07.2023 13:45;10,37
31.07.2023 14:00;26,41
31.07.2023 14:15;9,37
31.07.2023 14:30;14,66
31.07.2023 14:45;22,33
31.07.2023 15:00;15,78
31.07.2023 15:15;24,03
31.07.2023 15:30;12,14
31.07.2023 15:45;18,27
31.07.2023 16:00;17,14
31.07.2023 16:15;13,68
31.07.2023 16:30;15,93
31.07.2023 16:45;6,50
31.07.2023 17:00;11,10
31.07.2023 17:15;14,26
31.07.2023 17:30;9,44
31.07.2023 17:45;13,89
31.07.2023 18:00;14,31
31.07.2023 18:15;0,90
31.07.2023 18:30;2,02
31.07.2023 18:45;2,10
31.07.2023 19:00;2,55
31.07.2023 19:15;7,21
31.07.2023 19:30;6,07
31.07.2023 19:45;5,00
31.07.2023 20:00;5,11
31.07.2023 20:15;7,94
31.07.2023 20:30;8,94
31.07.2023 20:45;5,65
31.07.2023 21:00;5,00
31.07.2023 21:15;5,72
31.07.2023 21:30;7,00
31.07.2023 21:45;5,58
31.07.2023 22:00;6,58
31.07.2023 22:15;5,84
31.07.2023 22:30;5,00
31.07.2023 22:45;5,00
31.07.2023 23:00;5,00
31.07.2023 23:15;7,26
31.07.2023 23:30;5,00
31.07.2023 23:45;6,04
01.08.2023 00:00;5,74
01.08.2023 00:15;8,30
01.08.2023 00:30;5,05
01.08.2023 00:45;5,00
01.08.2023 01:00;6,43
01.08.2023 01:15;9,41
01.08.2023 01:30;6,56
01.08.2023 01:45;5,00
01.08.2023 02:00;5,00
01.08.2023 02:15;5,00
01.08.2023 02:30;9,14
01.08.2023 02:45;5,00
01.08.2023 03:00;5,00
01.08.2023 03:15;5,00
01.08.2023 03:30;5,00
01.08.2023 03:45;8,27
01.08.2023 04:00;5,00
01.08.2023 04:15;7,49
01.08.2023 04:30;5,31
01.08.2023 04:45;6,61
01.08.2023 05:00;7,61
01.08.2023 05:15;2,23
01.08.2023 05:30;0,30
01.08.2023 05:45;0,65
01.08.2023 06:00;0,00
01.08.2023 06:15;1,40
01.08.2023 06:30;3,06
01.08.2023 06:45;0,87
01.08.2023 07:00;5,32
01.08.2023 07:15;6,54
01.08.2023 07:30;6,57
01.08.2023 07:45;8,24
01.08.2023 08:00;3,46
01.08.2023 08:15;9,26
01.08.2023 08:30;18,18
01.08.2023 08:45;9,01
01.08.2023 09:00;10,59
01.08.2023 09:15;6,54
01.08.2023 09:30;12,50
01.08.2023 09:45;3,08
01.08.2023 10:00;5,54
01.08.2023 10:15;14,54
01.08.2023 10:30;5,50
01.08.2023 10:45;8,72
01.08.2023 11:00;23,65
01.08.2023 11:15;7,66
01.08.2023 11:30;16,29
01.08.2023 11:45;15,71
01.08.2023 12:00;12,46
01.08.2023 12:15;5,76
01.08.2023 12:30;9,54
01.08.2023 12:45;9,16
01.08.2023 13:00;9,53
01.08.2023 13:15;11,72
01.08.2023 13:30;5,76
01.08.2023 13:45;15,47
01.08.2023 14:00;19,39
01.08.2023 14:15;12,22
01.08.2023 14:30;20,32
01.08.2023 14:45;7,37
01.08.2023 15:00;18,50
01.08.2023 15:15;14,16
01.08.2023 15:30;13,30
01.08.2023 15:45;18,24
01.08.2023 16:00;9,93
01.08.2023 16:15;19,23
01.08.2023 16:30;13,33
01.08.2023 16:45;14,99
01.08.2023 17:00;8,13
01.08.2023 17:15;10,15
01.08.2023 17:30;12,13
01.08.2023 17:45;12,66
01.08.2023 18:00;15,18
01.08.2023 18:15;3,92
01.08.2023 18:30;3,48
01.08.2023 18:45;3,81
01.08.2023 19:00;2,65
01.08.2023 19:15;4,33
01.08.2023 19:30;4,95
01.08.2023 19:45;5,64
01.08.2023 20:00;5,00
01.08.2023 20:15;5,00
01.08.2023 20:30;5,57
01.08.2023 20:45;5,17
01.08.2023 21:00;5,00
01.08.2023 21:15;5,00
01.08.2023 21:30;5,71
01.08.2023 21:45;5,00
01.08.2023 22:00;5,00
01.08.2023 22:15;8,66
01.08.2023 22:30;6,43
01.08.2023 22:45;5,00
01.08.2023 23:00;5,00
01.08.2023 23:15;5,44
01.08.2023 23:30;5,00
01.08.2023 23:45;5,00
02.08.2023 00:00;6,20
02.08.2023 00:15;5,78
02.08.2023 00:30;6,04
02.08.2023 00:45;5,66
02.08.2023 01:00;5,01
02.08.2023 01:15;5,00
02.08.2023 01:30;6,17
02.08.2023 01:45;8,20
02.08.2023 02:00;5,00
02.08.2023 02:15;5,00
02.08.2023 02:30;5,00
02.08.2023 02:45;5,00
02.08.2023 03:00;5,54
02.08.2023 03:15;5,00
02.08.2023 03:30;6,01
02.08.2023 03:45;6,42
02.08.2023 04:00;5,00
02.08.2023 04:15;5,00
02.08.2023 04:30;5,30
02.08.2023 04:45;4,64
02.08.2023 05:00;5,36
02.08.2023 05:15;4,18
02.08.2023 05:30;5,19
02.08.2023 05:45;1,52
02.08.2023 06:00;0,24
02.08.2023 06:15;0,00
02.08.2023 06:30;1,49
02.08.2023 06:45;0,57
02.08.2023 07:00;8,93
02.08.2023 07:15;13,20
02.08.2023 07:30;2,48
02.08.2023 07:45;12,77
02.08.2023 08:00;10,64
02.08.2023 08:15;3,08
02.08.2023 08:30;3,79
02.08.2023 08:45;18,81
02.08.2023 09:00;6,94
02.08.2023 09:15;3,94
02.08.2023 09:30;4,76
02.08.2023 09:45;10,18
02.08.2023 10:00;22,67
02.08.2023 10:15;11,56
02.08.2023 10:30;11,01
02.08.2023 10:45;12,21
02.08.2023 11:00;4,71
02.08.2023 11:15;17,22
02.08.2023 11:30;18,43
02.08.2023 11:45;27,06
02.08.2023 12:00;9,56
02.08.2023 12:15;18,13
02.08.2023 12:30;15,09
02.08.2023 12:45;9,42
02.08.2023 13:00;14,63
02.08.2023 13:15;21,42
02.08.2023 13:30;13,72
02.08.2023 13:45;24,04
02.08.2023 14:00;6,70
02.08.2023 14:15;9,97
02.08.2023 14:30;19,02
02.08.2023 14:45;19,58
02.08.2023 15:00;17,78
02.08.2023 15:15;11,94
02.08.2023 15:30;15,96
02.08.2023 15:45;14,11
02.08.2023 16:00;10,23
02.08.2023 16:15;20,27
02.08.2023 16:30;14,41
02.08.2023 16:45;10,64
02.08.2023 17:00;11,85
02.08.2023 17:15;14,61
02.08.2023 17:30;8,05
02.08.2023 17:45;11,54
02.08.2023 18:00;11,36
02.08.2023 18:15;0,93
02.08.2023 18:30;4,35
02.08.2023 18:45;2,97
02.08.2023 19:00;7,44
02.08.2023 19:15;4,05
02.08.2023 19:30;9,80
02.08.2023 19:45;8,59
02.08.2023 20:00;5,42
02.08.2023 20:15;5,00
02.08.2023 20:30;5,03
02.08.2023 20:45;5,00
02.08.2023 21:00;5,00
02.08.2023 21:15;5,72
02.08.2023 21:30;5,00
02.08.2023 21:45;5,00
02.08.2023 22:00;5,00
02.08.2023 22:15;5,00
02.08.2023 22:30;9,29
02.08.2023 22:45;5,00
02.08.2023 23:00;6,02
02.08.2023 23:15;5,43
02.08.2023 23:30;5,84
02.08.2023 23:45;5,99
03.08.2023 00:00;6,90
03.08.2023 00:15;5,67
03.08.2023 00:30;5,59
03.08.2023 00:45;5,26
03.08.2023 01:00;5,00
03.08.2023 01:15;5,00
03.08.2023 01:30;5,02
03.08.2023 01:45;5,62
03.08.2023 02:00;5,94
03.08.2023 02:15;5,50
03.08.2023 02:30;5,00
03.08.2023 02:45;5,03
03.08.2023 03:00;5,00
03.08.2023 03:15;5,77
03.08.2023 03:30;5,00
03.08.2023 03:45;5,50
03.08.2023 04:00;7,14
03.08.2023 04:15;5,00
03.08.2023 04:30;6,33
03.08.2023 04:45;4,34
03.08.2023 05:00;7,48
03.08.2023 05:15;4,14
03.08.2023 05:30;2,04
03.08.2023 05:45;1,05
03.08.2023 06:00;0,00
03.08.2023 06:15;0,00
03.08.2023 06:30;1,18
03.08.2023 06:45;0,00
03.08.2023 07:00;4,83
03.08.2023 07:15;8,16
03.08.2023 07:30;5,06
03.08.2023 07:45;9,24
03.08.2023 08:00;10,97
03.08.2023 08:15;13,08
03.08.2023 08:30;15,82
03.08.2023 08:45;5,58
03.08.2023 09:00;4,36
03.08.2023 09:15;11,44
03.08.2023 09:30;8,01
03.08.2023 09:45;17,26
03.08.2023 10:00;2,06
03.08.2023 10:15;7,77
03.08.2023 10:30;11,25
03.08.2023 10:45;17,03
03.08.2023 11:00;7,44
03.08.2023 11:15;12,43
03.08.2023 11:30;6,49
03.08.2023 11:45;15,92
03.08.2023 12:00;8,26
03.08.2023 12:15;15,32
03.08.2023 12:30;11,38
03.08.2023 12:45;13,75
03.08.2023 13:00;17,04
03.08.2023 13:15;16,25
03.08.2023 13:30;16,61
03.08.2023 13:45;6,81
03.08.2023 14:00;16,63
03.08.2023 14:15;10,03
03.08.2023 14:30;13,02
03.08.2023 14:45;10,37
03.08.2023 15:00;24,49
03.08.2023 15:15;20,99
03.08.2023 15:30;15,03
03.08.2023 15:45;8,88
03.08.2023 16:00;15,19
03.08.2023 16:15;10,40
03.08.2023 16:30;12,87
03.08.2023 16:45;16,35
03.08.2023 17:00;10,33
03.08.2023 17:15;11,25
03.08.2023 17:30;10,51
03.08.2023 17:45;9,06
03.08.2023 18:00;12,72
03.08.2023 18:15;1,26
03.08.2023 18:30;2,96
03.08.2023 18:45;5,17
03.08.2023 19:00;3,51
03.08.2023 19:15;8,30
03.08.2023 19:30;5,00
03.08.2023 19:45;5,00
03.08.2023 20:00;5,00
03.08.2023 20:15;5,97
03.08.2023 20:30;5,00
03.08.2023 20:45;5,00
03.08.2023 21:00;6,32
03.08.2023 21:15;5,00
03.08.2023 21:30;7,88
03.08.2023 21:45;5,00
03.08.2023 22:00;5,00
03.08.2023 22:15;6,36
03.08.2023 22:30;8,36
03.08.2023 22:45;5,97
03.08.2023 23:00;7,66
03.08.2023 23:15;8,49
03.08.2023 23:30;5,00
03.08.2023 23:45;7,02
04.08.2023 00:00;5,00
04.08.2023 00:15;6,00
04.08.2023 00:30;5,00
04.08.2023 00:45;7,63
04.08.2023 01:00;7,49
04.08.2023 01:15;6,28
04.08.2023 01:30;5,74
04.08.2023 01:45;6,16
04.08.2023 02:00;5,27
04.08.2023 02:15;5,02
04.08.2023 02:30;8,03
04.08.2023 02:45;8,27
04.08.2023 03:00;5,00
04.08.2023 03:15;5,62
04.08.2023 03:30;5,31
04.08.2023 03:45;5,00
04.08.2023 04:00;5,00
04.08.2023 04:15;8,34
04.08.2023 04:30;5,00
04.08.2023 04:45;8,87
04.08.2023 05:00;6,87
04.08.2023 05:15;3,51
04.08.2023 05:30;4,63
04.08.2023 05:45;3,87
04.08.2023 06:00;0,00
04.08.2023 06:15;0,04
04.08.2023 06:30;0,00
04.08.2023 06:45;0,00
04.08.2023 07:00;3,99
04.08.2023 07:15;4,72
04.08.2023 07:30;13,81
04.08.2023 07:45;11,81
04.08.2023 08:00;7,36
04.08.2023 08:15;10,00
04.08.2023 08:30;18,41
04.08.2023 08:45;13,85
04.08.2023 09:00;10,50
04.08.2023 09:15;11,81
04.08.2023 09:30;15,39
04.08.2023 09:45;20,13
04.08.2023 10:00;12,31
04.08.2023 10:15;13,78
04.08.2023 10:30;15,38
04.08.2023 10:45;10,87
04.08.2023 11:00;22,34
04.08.2023 11:15;7,85
04.08.2023 11:30;23,59
04.08.2023 11:45;11,50
04.08.2023 12:00;28,44
04.08.2023 12:15;20,66
04.08.2023 12:30;13,68
04.08.2023 12:45;21,76
04.08.2023 13:00;22,38
04.08.2023 13:15;8,06
04.08.2023 13:30;21,87
04.08.2023 13:45;11,94
04.08.2023 14:00;2,79
04.08.2023 14:15;15,47
04.08.2023 14:30;14,55
04.08.2023 14:45;18,09
04.08.2023 15:00;19,70
04.08.2023 15:15;11,88
04.08.2023 15:30;19,05
04.08.2023 15:45;9,92
04.08.2023 16:00;13,13
04.08.2023 16:15;16,34
04.08.2023 16:30;10,33
04.08.2023 16:45;10,09
04.08.2023 17:00;10,05
04.08.2023 17:15;9,02
04.08.2023 17:30;7,56
04.08.2023 17:45;8,96
04.08.2023 18:00;10,95
04.08.2023 18:15;1,72
04.08.2023 18:30;2,54
04.08.2023 18:45;5,69
04.08.2023 19:00;4,51
04.08.2023 19:15;4,41
04.08.2023 19:30;6,26
04.08.2023 19:45;5,00
04.08.2023 20:00;6,84
04.08.2023 20:15;5,00
04.08.2023 20:30;6,61
04.08.2023 20:45;5,00
04.08.2023 21:00;5,00
04.08.2023 21:15;7,13
04.08.2023 21:30;7,47
04.08.2023 21:45;7,21
04.08.2023 22:00;9,22
04.08.2023 22:15;7,68
04.08.2023 22:30;5,00
04.08.2023 22:45;5,43
04.08.2023 23:00;5,00
04.08.2023 23:15;9,20
04.08.2023 23:30;7,35
04.08.2023 23:45;5,00
05.08.2023 00:00;5,00
05.08.2023 00:15;5,00
05.08.2023 00:30;5,00
05.08.2023 00:45;5,00
05.08.2023 01:00;5,00
05.08.2023 01:15;5,00
05.08.2023 01:30;5,00
05.08.2023 01:45;5,00
05.08.2023 02:00;5,00
05.08.2023 02:15;5,00
05.08.2023 02:30;5,00
05.08.2023 02:45;5,00
05.08.2023 03:00;5,00
05.08.2023 03:15;5,00
05.08.2023 03:30;5,00
05.08.2023 03:45;5,00
05.08.2023 04:00;5,00
05.08.2023 04:15;5,00
05.08.2023 04:30;5,00
05.08.2023 04:45;4,53
05.08.2023 05:00;3,09
05.08.2023 05:15;3,04
05.08.2023 05:30;1,97
05.08.2023 05:45;1,40
05.08.2023 06:00;0,00
05.08.2023 06:15;0,00
05.08.2023 06:30;0,00
05.08.2023 06:45;0,00
05.08.2023 07:00;0,00
05.08.2023 07:15;0,00
05.08.2023 07:30;0,00
05.08.2023 07:45;4,50
05.08.2023 08:00;0,00
05.08.2023 08:15;0,00
05.08.2023 08:30;1,75
05.08.2023 08:45;4,33
05.08.2023 09:00;0,00
05.08.2023 09:15;5,46
05.08.2023 09:30;0,00
05.08.2023 09:45;2,98
05.08.2023 10:00;0,00
05.08.2023 10:15;0,00
05.08.2023 10:30;0,00
05.08.2023 10:45;0,00
05.08.2023 11:00;0,00
05.08.2023 11:15;0,00
05.08.2023 11:30;0,00
05.08.2023 11:45;0,00
05.08.2023 12:00;0,00
05.08.2023 12:15;0,00
05.08.2023 12:30;0,00
05.08.2023 12:45;7,35
05.08.2023 13:00;0,00
05.08.2023 13:15;0,00
05.08.2023 13:30;0,00
05.08.2023 13:45;0,00
05.08.2023 14:00;0,00
05.08.2023 14:15;0,00
05.08.2023 14:30;6,44
05.08.2023 14:45;0,00
05.08.2023 15:00;0,00
05.08.2023 15:15;0,00
05.08.2023 15:30;0,00
05.08.2023 15:45;0,00
05.08.2023 16:00;0,00
05.08.2023 16:15;0,00
05.08.2023 16:30;7,22
05.08.2023 16:45;5,31
05.08.2023 17:00;0,00
05.08.2023 17:15;1,94
05.08.2023 17:30;3,48
05.08.2023 17:45;0,00
05.08.2023 18:00;3,42
05.08.2023 18:15;5,03
05.08.2023 18:30;2,59
05.08.2023 18:45;2,12
05.08.2023 19:00;3,43
05.08.2023 19:15;4,61
05.08.2023 19:30;5,00
05.08.2023 19:45;5,00
05.08.2023 20:00;5,00
05.08.2023 20:15;5,00
05.08.2023 20:30;5,46
05.08.2023 20:45;5,00
05.08.2023 21:00;5,00
05.08.2023 21:15;5,00
05.08.2023 21:30;5,00
05.08.2023 21:45;5,00
05.08.2023 22:00;5,00
05.08.2023 22:15;5,00
05.08.2023 22:30;5,00
05.08.2023 22:45;5,00
05.08.2023 23:00;5,00
05.08.2023 23:15;5,00
05.08.2023 23:30;5,00
05.08.2023 23:45;5,00
06.08.2023 00:00;5,00
06.08.2023 00:15;5,00
06.08.2023 00:30;5,00
06.08.2023 00:45;5,00
06.08.2023 01:00;5,00
06.08.2023 01:15;5,00
06.08.2023 01:30;5,00
06.08.2023 01:45;5,00
06.08.2023 02:00;5,00
06.08.2023 02:15;5,00
06.08.2023 02:30;5,00
06.08.2023 02:45;5,00
06.08.2023 03:00;5,27
06.08.2023 03:15;5,00
06.08.2023 03:30;5,00
06.08.2023 03:45;5,00
06.08.2023 04:00;5,00
06.08.2023 04:15;5,00
06.08.2023 04:30;5,00
06.08.2023 04:45;4,63
06.08.2023 05:00;3,53
06.08.2023 05:15;2,63
06.08.2023 05:30;1,22
06.08.2023 05:45;2,04
06.08.2023 06:00;0,86
06.08.2023 06:15;4,22
06.08.2023 06:30;0,00
06.08.2023 06:45;1,21
06.08.2023 07:00;0,00
06.08.2023 07:15;1,41
06.08.2023 07:30;0,00
06.08.2023 07:45;0,00
06.08.2023 08:00;0,00
06.08.2023 08:15;0,00
06.08.2023 08:30;0,00
06.08.2023 08:45;1,18
06.08.2023 09:00;2,32
06.08.2023 09:15;0,00
06.08.2023 09:30;3,84
06.08.2023 09:45;0,00
06.08.2023 10:00;0,00
06.08.2023 10:15;0,29
06.08.2023 10:30;0,00
06.08.2023 10:45;0,00
06.08.2023 11:00;0,00
06.08.2023 11:15;0,94
06.08.2023 11:30;0,00
06.08.2023 11:45;0,00
06.08.2023 12:00;0,00
06.08.2023 12:15;0,00
06.08.2023 12:30;0,00
06.08.2023 12:45;0,00
06.08.2023 13:00;0,00
06.08.2023 13:15;0,00
06.08.2023 13:30;0,00
06.08.2023 13:45;0,00
06.08.2023 14:00;0,00
06.08.2023 14:15;0,00
06.08.2023 14:30;1,56
06.08.2023 14:45;0,00
06.08.2023 15:00;0,62
06.08.2023 15:15;0,00
06.08.2023 15:30;0,00
06.08.2023 15:45;0,00
06.08.2023 16:00;0,00
06.08.2023 16:15;0,00
06.08.2023 16:30;9,58
06.08.2023 16:45;0,00
06.08.2023 17:00;0,87
06.08.2023 17:15;0,32
06.08.2023 17:30;4,19
06.08.2023 17:45;0,00
06.08.2023 18:00;1,57
06.08.2023 18:15;3,79
06.08.2023 18:30;0,84
06.08.2023 18:45;2,82
06.08.2023 19:00;3,70
06.08.2023 19:15;4,78
06.08.2023 19:30;5,00
06.08.2023 19:45;5,00
06.08.2023 20:00;5,00
06.08.2023 20:15;5,00
06.08.2023 20:30;5,00
06.08.2023 20:45;5,00
06.08.2023 21:00;5,00
06.08.2023 21:15;5,00
06.08.2023 21:30;5,00
06.08.2023 21:45;5,00
06.08.2023 22:00;5,00
06.08.2023 22:15;5,00
06.08.2023 22:30;5,00
06.08.2023 22:45;5,00
06.08.2023 23:00;5,00
06.08.2023 23:15;5,00
06.08.2023 23:30;5,00
06.08.2023 23:45;5,00
07.08.2023 00:00;6,87
07.08.2023 00:15;6,97
07.08.2023 00:30;5,00
07.08.2023 00:45;6,69
07.08.2023 01:00;5,00
07.08.2023 01:15;7,82
07.08.2023 01:30;5,00
07.08.2023 01:45;5,44
07.08.2023 02:00;5,00
07.08.2023 02:15;7,95
07.08.2023 02:30;5,00
07.08.2023 02:45;8,11
07.08.2023 03:00;5,95
07.08.2023 03:15;6,41
07.08.2023 03:30;5,00
07.08.2023 03:45;5,00
07.08.2023 04:00;7,02
07.08.2023 04:15;5,78
07.08.2023 04:30;7,88
07.08.2023 04:45;4,60
07.08.2023 05:00;3,78
07.08.2023 05:15;5,09
07.08.2023 05:30;6,14
07.08.2023 05:45;0,15
07.08.2023 06:00;0,00
07.08.2023 06:15;1,14
07.08.2023 06:30;0,00
07.08.2023 06:45;0,00
07.08.2023 07:00;5,43
07.08.2023 07:15;12,23
07.08.2023 07:30;10,44
07.08.2023 07:45;7,66
07.08.2023 08:00;6,86
07.08.2023 08:15;6,14
07.08.2023 08:30;6,59
07.08.2023 08:45;11,25
07.08.2023 09:00;11,50
07.08.2023 09:15;8,73
07.08.2023 09:30;18,86
07.08.2023 09:45;5,37
07.08.2023 10:00;11,13
07.08.2023 10:15;18,82
07.08.2023 10:30;5,82
07.08.2023 10:45;4,75
07.08.2023 11:00;10,47
07.08.2023 11:15;18,71
07.08.2023 11:30;20,81
07.08.2023 11:45;7,16
07.08.2023 12:00;22,05
07.08.2023 12:15;11,90
07.08.2023 12:30;19,04
07.08.2023 12:45;4,34
07.08.2023 13:00;26,22
07.08.2023 13:15;9,05
07.08.2023 13:30;14,66
07.08.2023 13:45;13,57
07.08.2023 14:00;15,39
07.08.2023 14:15;17,39
07.08.2023 14:30;16,81
07.08.2023 14:45;13,30
07.08.2023 15:00;21,38
07.08.2023 15:15;18,49
07.08.2023 15:30;5,90
07.08.2023 15:45;13,28
07.08.2023 16:00;16,65
07.08.2023 16:15;19,60
07.08.2023 16:30;15,90
07.08.2023 16:45;9,40
07.08.2023 17:00;18,44
07.08.2023 17:15;13,38
07.08.2023 17:30;15,54
07.08.2023 17:45;8,58
07.08.2023 18:00;17,81
07.08.2023 18:15;2,43
07.08.2023 18:30;2,09
07.08.2023 18:45;4,51
07.08.2023 19:00;4,78
07.08.2023 19:15;5,52
07.08.2023 19:30;7,06
07.08.2023 19:45;5,00
07.08.2023 20:00;5,00
07.08.2023 20:15;9,22
07.08.2023 20:30;5,61
07.08.2023 20:45;5,00
07.08.2023 21:00;5,00
07.08.2023 21:15;6,17
07.08.2023 21:30;7,22
07.08.2023 21:45;6,91
07.08.2023 22:00;5,00
07.08.2023 22:15;5,88
07.08.2023 22:30;8,50
07.08.2023 22:45;7,30
07.08.2023 23:00;5,00
07.08.2023 23:15;5,00
07.08.2023 23:30;5,75
07.08.2023 23:45;6,76
08.08.2023 00:00;5,00
08.08.2023 00:15;5,15
08.08.2023 00:30;5,00
08.08.2023 00:45;5,38
08.08.2023 01:00;5,00
08.08.2023 01:15;7,75
08.08.2023 01:30;5,46
08.08.2023 01:45;5,00
08.08.2023 02:00;7,00
08.08.2023 02:15;5,00
08.08.2023 02:30;7,74
08.08.2023 02:45;7,15
08.08.2023 03:00;7,95
08.08.2023 03:15;5,00
08.08.2023 03:30;5,00
08.08.2023 03:45;5,33
08.08.2023 04:00;5,00
08.08.2023 04:15;5,00
08.08.2023 04:30;5,00
08.08.2023 04:45;4,77
08.08.2023 05:00;3,45
08.08.2023 05:15;4,11
08.08.2023 05:30;2,95
08.08.2023 05:45;2,40
08.08.2023 06:00;1,26
08.08.2023 06:15;3,61
08.08.2023 06:30;2,29
08.08.2023 06:45;0,00
08.08.2023 07:00;13,34
08.08.2023 07:15;14,69
08.08.2023 07:30;7,28
08.08.2023 07:45;9,93
08.08.2023 08:00;8,41
08.08.2023 08:15;7,95
08.08.2023 08:30;5,26
08.08.2023 08:45;16,37
08.08.2023 09:00;15,72
08.08.2023 09:15;6,62
08.08.2023 09:30;6,31
08.08.2023 09:45;5,90
08.08.2023 10:00;8,06
08.08.2023 10:15;8,02
08.08.2023 10:30;11,50
08.08.2023 10:45;18,68
08.08.2023 11:00;16,29
08.08.2023 11:15;23,52
08.08.2023 11:30;5,01
08.08.2023 11:45;10,72
08.08.2023 12:00;23,76
08.08.2023 12:15;16,31
08.08.2023 12:30;27,71
08.08.2023 12:45;16,96
08.08.2023 13:00;19,06
08.08.2023 13:15;21,58
08.08.2023 13:30;17,18
08.08.2023 13:45;5,27
08.08.2023 14:00;12,97
08.08.2023 14:15;15,00
08.08.2023 14:30;17,38
08.08.2023 14:45;7,96
08.08.2023 15:00;8,86
08.08.2023 15:15;15,34
08.08.2023 15:30;10,63
08.08.2023 15:45;17,44
08.08.2023 16:00;16,40
08.08.2023 16:15;6,24
08.08.2023 16:30;7,63
08.08.2023 16:45;13,94
08.08.2023 17:00;8,35
08.08.2023 17:15;15,83
08.08.2023 17:30;16,19
08.08.2023 17:45;11,83
08.08.2023 18:00;12,07
08.08.2023 18:15;5,66
08.08.2023 18:30;2,91
08.08.2023 18:45;7,04
08.08.2023 19:00;4,30
08.08.2023 19:15;4,64
08.08.2023 19:30;5,00
08.08.2023 19:45;5,00
08.08.2023 20:00;9,02
08.08.2023 20:15;6,74
08.08.2023 20:30;7,60
08.08.2023 20:45;5,00
08.08.2023 21:00;5,53
08.08.2023 21:15;6,21
08.08.2023 21:30;5,71
08.08.2023 21:45;5,00
08.08.2023 22:00;7,32
08.08.2023 22:15;5,41
08.08.2023 22:30;5,00
08.08.2023 22:45;5,00
08.08.2023 23:00;6,38
08.08.2023 23:15;10,07
08.08.2023 23:30;5,00
08.08.2023 23:45;5,51
09.08.2023 00:00;7,39
09.08.2023 00:15;5,00
09.08.2023 00:30;5,00
09.08.2023 00:45;5,00
09.08.2023 01:00;7,14
09.08.2023 01:15;7,82
09.08.2023 01:30;5,49
09.08.2023 01:45;5,00
09.08.2023 02:00;5,00
09.08.2023 02:15;5,00
09.08.2023 02:30;5,00
09.08.2023 02:45;5,00
09.08.2023 03:00;6,32
09.08.2023 03:15;6,15
09.08.2023 03:30;5,16
09.08.2023 03:45;5,29
09.08.2023 04:00;5,01
09.08.2023 04:15;5,00
09.08.2023 04:30;5,49
09.08.2023 04:45;4,83
09.08.2023 05:00;4,68
09.08.2023 05:15;4,13
09.08.2023 05:30;3,38
09.08.2023 05:45;0,61
09.08.2023 06:00;3,13
09.08.2023 06:15;0,27
09.08.2023 06:30;0,00
09.08.2023 06:45;0,00
09.08.2023 07:00;15,83
09.08.2023 07:15;5,22
09.08.2023 07:30;5,62
09.08.2023 07:45;12,07
09.08.2023 08:00;9,16
09.08.2023 08:15;10,20
09.08.2023 08:30;13,54
09.08.2023 08:45;12,80
09.08.2023 09:00;11,94
09.08.2023 09:15;5,84
09.08.2023 09:30;15,30
09.08.2023 09:45;6,78
09.08.2023 10:00;1,57
09.08.2023 10:15;9,79
09.08.2023 10:30;26,51
09.08.2023 10:45;7,25
09.08.2023 11:00;15,60
09.08.2023 11:15;13,92
09.08.2023 11:30;12,23
09.08.2023 11:45;8,96
09.08.2023 12:00;26,20
09.08.2023 12:15;10,82
09.08.2023 12:30;7,40
09.08.2023 12:45;23,48
09.08.2023 13:00;16,21
09.08.2023 13:15;18,68
09.08.2023 13:30;9,05
09.08.2023 13:45;21,74
09.08.2023 14:00;25,40
09.08.2023 14:15;10,33
09.08.2023 14:30;10,43
09.08.2023 14:45;19,23
09.08.2023 15:00;16,87
09.08.2023 15:15;20,63
09.08.2023 15:30;10,20
09.08.2023 15:45;11,67
09.08.2023 16:00;18,99
09.08.2023 16:15;19,16
09.08.2023 16:30;17,69
09.08.2023 16:45;19,69
09.08.2023 17:00;9,37
09.08.2023 17:15;9,41
09.08.2023 17:30;13,70
09.08.2023 17:45;13,68
09.08.2023 18:00;17,49
09.08.2023 18:15;4,19
09.08.2023 18:30;3,11
09.08.2023 18:45;2,40
09.08.2023 19:00;4,32
09.08.2023 19:15;5,58
09.08.2023 19:30;6,93
09.08.2023 19:45;5,01
09.08.2023 20:00;9,00
09.08.2023 20:15;5,00
09.08.2023 20:30;5,00
09.08.2023 20:45;5,00
09.08.2023 21:00;5,00
09.08.2023 21:15;6,23
09.08.2023 21:30;5,00
09.08.2023 21:45;5,00
09.08.2023 22:00;6,96
09.08.2023 22:15;5,00
09.08.2023 22:30;5,00
09.08.2023 22:45;5,00
09.08.2023 23:00;5,59
09.08.2023 23:15;5,54
09.08.2023 23:30;9,01
09.08.2023 23:45;7,00
10.08.2023 00:00;8,06
10.08.2023 00:15;5,76
10.08.2023 00:30;5,00
10.08.2023 00:45;5,44
10.08.2023 01:00;6,36
10.08.2023 01:15;6,59
10.08.2023 01:30;5,00
10.08.2023 01:45;6,16
10.08.2023 02:00;5,00
10.08.2023 02:15;5,00
10.08.2023 02:30;5,00
10.08.2023 02:45;5,23
10.08.2023 03:00;5,00
10.08.2023 03:15;5,00
10.08.2023 03:30;6,98
10.08.2023 03:45;5,00
10.08.2023 04:00;5,00
10.08.2023 04:15;5,32
10.08.2023 04:30;5,67
10.08.2023 04:45;4,88
10.08.2023 05:00;5,45
10.08.2023 05:15;4,01
10.08.2023 05:30;4,22
10.08.2023 05:45;0,29
10.08.2023 06:00;0,00
10.08.2023 06:15;3,68
10.08.2023 06:30;0,06
10.08.2023 06:45;0,00
10.08.2023 07:00;7,58
10.08.2023 07:15;10,57
10.08.2023 07:30;6,64
10.08.2023 07:45;12,07
10.08.2023 08:00;2,92
10.08.2023 08:15;6,25
10.08.2023 08:30;18,45
10.08.2023 08:45;8,37
10.08.2023 09:00;17,31
10.08.2023 09:15;10,24
10.08.2023 09:30;5,52
10.08.2023 09:45;18,26
10.08.2023 10:00;17,68
10.08.2023 10:15;18,10
10.08.2023 10:30;15,27
10.08.2023 10:45;13,85
10.08.2023 11:00;5,99
10.08.2023 11:15;10,50
10.08.2023 11:30;17,56
10.08.2023 11:45;13,19
10.08.2023 12:00;26,81
10.08.2023 12:15;7,69
10.08.2023 12:30;17,08
10.08.2023 12:45;9,46
10.08.2023 13:00;11,92
10.08.2023 13:15;16,32
10.08.2023 13:30;29,75
10.08.2023 13:45;16,75
10.08.2023 14:00;12,59
10.08.2023 14:15;13,12
10.08.2023 14:30;8,41
10.08.2023 14:45;14,40
10.08.2023 15:00;9,87
10.08.2023 15:15;19,88
10.08.2023 15:30;11,52
10.08.2023 15:45;18,37
10.08.2023 16:00;11,29
10.08.2023 16:15;17,88
10.08.2023 16:30;16,51
10.08.2023 16:45;15,96
10.08.2023 17:00;17,01
10.08.2023 17:15;10,33
10.08.2023 17:30;10,82
10.08.2023 17:45;11,77
10.08.2023 18:00;12,55
10.08.2023 18:15;4,24
10.08.2023 18:30;3,28
10.08.2023 18:45;3,83
10.08.2023 19:00;4,97
10.08.2023 19:15;5,89
10.08.2023 19:30;5,62
10.08.2023 19:45;6,21
10.08.2023 20:00;5,00
10.08.2023 20:15;5,00
10.08.2023 20:30;10,09
10.08.2023 20:45;5,00
10.08.2023 21:00;5,00
10.08.2023 21:15;6,53
10.08.2023 21:30;8,37
10.08.2023 21:45;5,00
10.08.2023 22:00;5,00
10.08.2023 22:15;5,00
10.08.2023 22:30;8,37
10.08.2023 22:45;5,00
10.08.2023 23:00;5,12
10.08.2023 23:15;5,00
10.08.2023 23:30;5,00
10.08.2023 23:45;5,00
11.08.2023 00:00;5,00
11.08.2023 00:15;5,00
11.08.2023 00:30;9,20
11.08.2023 00:45;6,04
11.08.2023 01:00;7,05
11.08.2023 01:15;6,83
11.08.2023 01:30;5,00
11.08.2023 01:45;5,00
11.08.2023 02:00;5,68
11.08.2023 02:15;5,52
11.08.2023 02:30;5,00
11.08.2023 02:45;5,45
11.08.2023 03:00;5,00
11.08.2023 03:15;5,00
11.08.2023 03:30;5,00
11.08.2023 03:45;5,00
11.08.2023 04:00;5,00
11.08.2023 04:15;5,00
11.08.2023 04:30;8,79
11.08.2023 04:45;4,99
11.08.2023 05:00;5,56
11.08.2023 05:15;2,63
11.08.2023 05:30;2,69
11.08.2023 05:45;0,24
11.08.2023 06:00;0,31
11.08.2023 06:15;3,71
11.08.2023 06:30;2,30
11.08.2023 06:45;1,45
11.08.2023 07:00;5,96
11.08.2023 07:15;9,02
11.08.2023 07:30;11,57
11.08.2023 07:45;6,66
11.08.2023 08:00;4,79
11.08.2023 08:15;4,83
11.08.2023 08:30;13,15
11.08.2023 08:45;5,80
11.08.2023 09:00;15,76
11.08.2023 09:15;6,54
11.08.2023 09:30;11,31
11.08.2023 09:45;12,20
11.08.2023 10:00;9,69
11.08.2023 10:15;7,60
11.08.2023 10:30;9,42
11.08.2023 10:45;11,23
11.08.2023 11:00;15,07
11.08.2023 11:15;24,48
11.08.2023 11:30;13,81
11.08.2023 11:45;8,09
11.08.2023 12:00;23,32
11.08.2023 12:15;13,19
11.08.2023 12:30;14,30
11.08.2023 12:45;22,15
11.08.2023 13:00;9,43
11.08.2023 13:15;8,29
11.08.2023 13:30;8,13
11.08.2023 13:45;13,97
11.08.2023 14:00;9,36
11.08.2023 14:15;22,74
11.08.2023 14:30;20,69
11.08.2023 14:45;11,15
11.08.2023 15:00;18,14
11.08.2023 15:15;18,17
11.08.2023 15:30;10,27
11.08.2023 15:45;15,51
11.08.2023 16:00;15,29
11.08.2023 16:15;15,42
11.08.2023 16:30;17,05
11.08.2023 16:45;10,53
11.08.2023 17:00;14,23
11.08.2023 17:15;16,11
11.08.2023 17:30;15,71
11.08.2023 17:45;14,58
11.08.2023 18:00;15,06
11.08.2023 18:15;4,21
11.08.2023 18:30;2,41
11.08.2023 18:45;6,44
11.08.2023 19:00;3,95
11.08.2023 19:15;6,64
11.08.2023 19:30;7,34
11.08.2023 19:45;7,62
11.08.2023 20:00;5,00
11.08.2023 20:15;5,00
11.08.2023 20:30;5,00
11.08.2023 20:45;5,48
11.08.2023 21:00;5,00
11.08.2023 21:15;5,00
11.08.2023 21:30;9,53
11.08.2023 21:45;6,42
11.08.2023 22:00;5,43
11.08.2023 22:15;5,91
11.08.2023 22:30;5,48
11.08.2023 22:45;7,18
11.08.2023 23:00;5,00
11.08.2023 23:15;5,56
11.08.2023 23:30;5,64
11.08.2023 23:45;5,00
12.08.2023 00:00;5,00
12.08.2023 00:15;5,00
12.08.2023 00:30;5,00
12.08.2023 00:45;5,00
12.08.2023 01:00;5,34
12.08.2023 01:15;5,00
12.08.2023 01:30;5,00
12.08.2023 01:45;5,00
12.08.2023 02:00;5,00
12.08.2023 02:15;5,16
12.08.2023 02:30;5,26
12.08.2023 02:45;5,00
12.08.2023 03:00;5,00
12.08.2023 03:15;5,00
12.08.2023 03:30;5,00
12.08.2023 03:45;5,00
12.08.2023 04:00;5,00
12.08.2023 04:15;5,00
12.08.2023 04:30;5,00
12.08.2023 04:45;5,00
12.08.2023 05:00;4,57
12.08.2023 05:15;3,39
12.08.2023 05:30;2,07
12.08.2023 05:45;0,45
12.08.2023 06:00;1,49
12.08.2023 06:15;1,67
12.08.2023 06:30;2,20
12.08.2023 06:45;0,00
12.08.2023 07:00;0,00
12.08.2023 07:15;1,43
12.08.2023 07:30;2,40
12.08.2023 07:45;0,00
12.08.2023 08:00;0,00
12.08.2023 08:15;0,00
12.08.2023 08:30;0,00
12.08.2023 08:45;0,00
12.08.2023 09:00;0,00
12.08.2023 09:15;0,97
12.08.2023 09:30;4,91
12.08.2023 09:45;0,00
12.08.2023 10:00;0,00
12.08.2023 10:15;0,00
12.08.2023 10:30;0,00
12.08.2023 10:45;0,00
12.08.2023 11:00;4,30
12.08.2023 11:15;0,00
12.08.2023 11:30;0,00
12.08.2023 11:45;0,00
12.08.2023 12:00;0,00
12.08.2023 12:15;1,37
12.08.2023 12:30;0,01
12.08.2023 12:45;3,75
12.08.2023 13:00;3,88
12.08.2023 13:15;0,00
12.08.2023 13:30;0,00
12.08.2023 13:45;0,00
12.08.2023 14:00;0,00
12.08.2023 14:15;0,00
12.08.2023 14:30;0,00
12.08.2023 14:45;0,00
12.08.2023 15:00;2,64
12.08.2023 15:15;7,04
12.08.2023 15:30;0,51
12.08.2023 15:45;1,66
12.08.2023 16:00;0,00
12.08.2023 16:15;0,00
12.08.2023 16:30;0,00
12.08.2023 16:45;1,97
12.08.2023 17:00;0,41
12.08.2023 17:15;0,00
12.08.2023 17:30;4,23
12.08.2023 17:45;4,45
12.08.2023 18:00;2,09
12.08.2023 18:15;1,74
12.08.2023 18:30;3,65
12.08.2023 18:45;3,30
12.08.2023 19:00;4,24
12.08.2023 19:15;5,00
12.08.2023 19:30;5,00
12.08.2023 19:45;5,00
12.08.2023 20:00;5,00
12.08.2023 20:15;5,00
12.08.2023 20:30;5,00
12.08.2023 20:45;5,00
12.08.2023 21:00;5,00
12.08.2023 21:15;5,00
12.08.2023 21:30;5,00
12.08.2023 21:45;5,00
12.08.2023 22:00;5,00
12.08.2023 22:15;5,00
12.08.2023 22:30;5,00
12.08.2023 22:45;5,00
12.08.2023 23:00;5,00
12.08.2023 23:15;5,00
12.08.2023 23:30;5,00
12.08.2023 23:45;5,00
13.08.2023 00:00;5,00
13.08.2023 00:15;5,00
13.08.2023 00:30;5,00
13.08.2023 00:45;5,00
13.08.2023 01:00;5,00
13.08.2023 01:15;5,00
13.08.2023 01:30;5,00
13.08.2023 01:45;5,00
13.08.2023 02:00;5,00
13.08.2023 02:15;5,00
13.08.2023 02:30;5,00
13.08.2023 02:45;5,00
13.08.2023 03:00;5,00
13.08.2023 03:15;5,00
13.08.2023 03:30;5,00
13.08.2023 03:45;5,00
13.08.2023 04:00;5,00
13.08.2023 04:15;5,00
13.08.2023 04:30;5,00
13.08.2023 04:45;5,00
13.08.2023 05:00;4,23
13.08.2023 05:15;3,42
13.08.2023 05:30;1,72
13.08.2023 05:45;1,68
13.08.2023 06:00;1,75
13.08.2023 06:15;1,46
13.08.2023 06:30;0,00
13.08.2023 06:45;1,01
13.08.2023 07:00;0,00
13.08.2023 07:15;0,00
13.08.2023 07:30;2,07
13.08.2023 07:45;0,00
13.08.2023 08:00;0,00
13.08.2023 08:15;2,85
13.08.2023 08:30;0,00
13.08.2023 08:45;0,00
13.08.2023 09:00;0,00
13.08.2023 09:15;0,00
13.08.2023 09:30;0,00
13.08.2023 09:45;0,00
13.08.2023 10:00;0,00
13.08.2023 10:15;0,83
13.08.2023 10:30;0,00
13.08.2023 10:45;7,22
13.08.2023 11:00;0,00
13.08.2023 11:15;0,00
13.08.2023 11:30;0,00
13.08.2023 11:45;0,00
13.08.2023 12:00;0,00
13.08.2023 12:15;0,00
13.08.2023 12:30;0,00
13.08.2023 12:45;0,00
13.08.2023 13:00;0,00
13.08.2023 13:15;0,00
13.08.2023 13:30;0,00
13.08.2023 13:45;0,00
13.08.2023 14:00;4,95
13.08.2023 14:15;0,00
13.08.2023 14:30;0,00
13.08.2023 14:45;0,00
13.08.2023 15:00;0,00
13.08.2023 15:15;0,00
13.08.2023 15:30;0,00
13.08.2023 15:45;0,00
13.08.2023 16:00;0,00
13.08.2023 16:15;0,00
13.08.2023 16:30;6,02
13.08.2023 16:45;0,00
13.08.2023 17:00;0,00
13.08.2023 17:15;3,06
13.08.2023 17:30;1,22
13.08.2023 17:45;6,62
13.08.2023 18:00;0,83
13.08.2023 18:15;4,36
13.08.2023 18:30;2,39
13.08.2023 18:45;3,89
13.08.2023 19:00;4,91
13.08.2023 19:15;5,00
13.08.2023 19:30;5,00
13.08.2023 19:45;6,86
13.08.2023 20:00;5,00
13.08.2023 20:15;5,10
13.08.2023 20:30;5,00
13.08.2023 20:45;5,00
13.08.2023 21:00;5,00
13.08.2023 21:15;5,00
13.08.2023 21:30;5,00
13.08.2023 21:45;5,00
13.08.2023 22:00;5,00
13.08.2023 22:15;5,00
13.08.2023 22:30;5,00
13.08.2023 22:45;5,00
13.08.2023 23:00;5,00
13.08.2023 23:15;5,00
13.08.2023 23:30;5,00
13.08.2023 23:45;5,00
14.08.2023 00:00;6,02
14.08.2023 00:15;5,00
14.08.2023 00:30;5,00
14.08.2023 00:45;5,00
14.08.2023 01:00;6,08
14.08.2023 01:15;6,31
14.08.2023 01:30;6,99
14.08.2023 01:45;5,90
14.08.2023 02:00;5,55
14.08.2023 02:15;8,91
14.08.2023 02:30;5,00
14.08.2023 02:45;8,60
14.08.2023 03:00;5,00
14.08.2023 03:15;6,35
14.08.2023 03:30;5,00
14.08.2023 03:45;5,00
14.08.2023 04:00;6,18
14.08.2023 04:15;7,29
14.08.2023 04:30;6,15
14.08.2023 04:45;5,00
14.08.2023 05:00;11,89
14.08.2023 05:15;6,92
14.08.2023 05:30;3,88
14.08.2023 05:45;1,99
14.08.2023 06:00;1,91
14.08.2023 06:15;1,80
14.08.2023 06:30;3,62
14.08.2023 06:45;0,00
14.08.2023 07:00;5,54
14.08.2023 07:15;15,60
14.08.2023 07:30;15,64
14.08.2023 07:45;8,61
14.08.2023 08:00;12,40
14.08.2023 08:15;14,88
14.08.2023 08:30;6,82
14.08.2023 08:45;3,91
14.08.2023 09:00;17,14
14.08.2023 09:15;16,15
14.08.2023 09:30;12,33
14.08.2023 09:45;7,55
14.08.2023 10:00;19,32
14.08.2023 10:15;7,74
14.08.2023 10:30;16,05
14.08.2023 10:45;9,05
14.08.2023 11:00;12,38
14.08.2023 11:15;15,46
14.08.2023 11:30;27,48
14.08.2023 11:45;21,58
14.08.2023 12:00;30,75
14.08.2023 12:15;12,64
14.08.2023 12:30;8,73
14.08.2023 12:45;8,38
14.08.2023 13:00;18,51
14.08.2023 13:15;7,16
14.08.2023 13:30;4,23
14.08.2023 13:45;16,36
14.08.2023 14:00;7,62
14.08.2023 14:15;15,43
14.08.2023 14:30;17,37
14.08.2023 14:45;8,63
14.08.2023 15:00;18,36
14.08.2023 15:15;21,31
14.08.2023 15:30;18,86
14.08.2023 15:45;15,69
14.08.2023 16:00;17,51
14.08.2023 16:15;10,07
14.08.2023 16:30;17,84
14.08.2023 16:45;17,42
14.08.2023 17:00;12,08
14.08.2023 17:15;13,58
14.08.2023 17:30;12,55
14.08.2023 17:45;12,16
14.08.2023 18:00;13,32
14.08.2023 18:15;0,70
14.08.2023 18:30;4,48
14.08.2023 18:45;3,62
14.08.2023 19:00;5,76
14.08.2023 19:15;5,00
14.08.2023 19:30;8,67
14.08.2023 19:45;7,76
14.08.2023 20:00;5,00
14.08.2023 20:15;5,00
14.08.2023 20:30;6,16
14.08.2023 20:45;5,00
14.08.2023 21:00;5,00
14.08.2023 21:15;6,06
14.08.2023 21:30;5,00
14.08.2023 21:45;6,28
14.08.2023 22:00;5,00
14.08.2023 22:15;5,00
14.08.2023 22:30;7,17
14.08.2023 22:45;7,16
14.08.2023 23:00;10,21
14.08.2023 23:15;5,00
14.08.2023 23:30;6,71
14.08.2023 23:45;5,00
15.08.2023 00:00;8,73
15.08.2023 00:15;6,19
15.08.2023 00:30;5,00
15.08.2023 00:45;6,77
15.08.2023 01:00;5,00
15.08.2023 01:15;5,81
15.08.2023 01:30;5,63
15.08.2023 01:45;8,70
15.08.2023 02:00;8,84
15.08.2023 02:15;5,00
15.08.2023 02:30;7,33
15.08.2023 02:45;5,92
15.08.2023 03:00;5,00
15.08.2023 03:15;5,00
15.08.2023 03:30;9,89
15.08.2023 03:45;5,93
15.08.2023 04:00;7,21
15.08.2023 04:15;5,00
15.08.2023 04:30;5,00
15.08.2023 04:45;5,27
15.08.2023 05:00;4,34
15.08.2023 05:15;4,54
15.08.2023 05:30;3,96
15.08.2023 05:45;2,83
15.08.2023 06:00;1,52
15.08.2023 06:15;1,20
15.08.2023 06:30;0,77
15.08.2023 06:45;2,01
15.08.2023 07:00;13,49
15.08.2023 07:15;11,91
15.08.2023 07:30;7,83
15.08.2023 07:45;11,73
15.08.2023 08:00;12,46
15.08.2023 08:15;5,62
15.08.2023 08:30;6,76
15.08.2023 08:45;19,67
15.08.2023 09:00;20,21
15.08.2023 09:15;13,12
15.08.2023 09:30;23,09
15.08.2023 09:45;12,19
15.08.2023 10:00;11,60
15.08.2023 10:15;7,21
15.08.2023 10:30;23,08
15.08.2023 10:45;15,47
15.08.2023 11:00;12,96
15.08.2023 11:15;10,21
15.08.2023 11:30;12,24
15.08.2023 11:45;6,15
15.08.2023 12:00;7,79
15.08.2023 12:15;13,67
15.08.2023 12:30;7,03
15.08.2023 12:45;11,88
15.08.2023 13:00;15,59
15.08.2023 13:15;20,23
15.08.2023 13:30;13,47
15.08.2023 13:45;23,10
15.08.2023 14:00;5,57
15.08.2023 14:15;21,54
15.08.2023 14:30;22,65
15.08.2023 14:45;24,92
15.08.2023 15:00;18,38
15.08.2023 15:15;19,86
15.08.2023 15:30;17,18
15.08.2023 15:45;20,12
15.08.2023 16:00;16,53
15.08.2023 16:15;17,09
15.08.2023 16:30;17,01
15.08.2023 16:45;10,59
15.08.2023 17:00;13,00
15.08.2023 17:15;15,86
15.08.2023 17:30;11,47
15.08.2023 17:45;12,59
15.08.2023 18:00;12,89
15.08.2023 18:15;1,01
15.08.2023 18:30;6,72
15.08.2023 18:45;3,94
15.08.2023 19:00;4,43
15.08.2023 19:15;5,26
15.08.2023 19:30;8,72
15.08.2023 19:45;5,00
15.08.2023 20:00;5,00
15.08.2023 20:15;5,00
15.08.2023 20:30;5,47
15.08.2023 20:45;6,59
15.08.2023 21:00;7,23
15.08.2023 21:15;5,00
15.08.2023 21:30;5,00
15.08.2023 21:45;5,00
15.08.2023 22:00;6,58
15.08.2023 22:15;5,00
15.08.2023 22:30;5,00
15.08.2023 22:45;5,00
15.08.2023 23:00;7,10
15.08.2023 23:15;6,27
15.08.2023 23:30;7,02
15.08.2023 23:45;7,89
16.08.2023 00:00;5,00
16.08.2023 00:15;5,00
16.08.2023 00:30;5,00
16.08.2023 00:45;5,00
16.08.2023 01:00;5,00
16.08.2023 01:15;5,00
16.08.2023 01:30;6,80
16.08.2023 01:45;5,26
16.08.2023 02:00;5,00
16.08.2023 02:15;5,00
16.08.2023 02:30;5,00
16.08.2023 02:45;7,27
16.08.2023 03:00;5,00
16.08.2023 03:15;5,00
16.08.2023 03:30;6,86
16.08.2023 03:45;6,37
16.08.2023 04:00;5,00
16.08.2023 04:15;6,93
16.08.2023 04:30;5,00
16.08.2023 04:45;5,00
16.08.2023 05:00;5,07
16.08.2023 05:15;4,70
16.08.2023 05:30;3,18
16.08.2023 05:45;1,01
16.08.2023 06:00;0,00
16.08.2023 06:15;0,52
16.08.2023 06:30;0,00
16.08.2023 06:45;1,02
16.08.2023 07:00;12,54
16.08.2023 07:15;6,15
16.08.2023 07:30;5,88
16.08.2023 07:45;12,94
16.08.2023 08:00;16,76
16.08.2023 08:15;16,21
16.08.2023 08:30;5,60
16.08.2023 08:45;10,84
16.08.2023 09:00;14,91
16.08.2023 09:15;17,68
16.08.2023 09:30;21,53
16.08.2023 09:45;17,39
16.08.2023 10:00;17,17
16.08.2023 10:15;8,20
16.08.2023 10:30;13,05
16.08.2023 10:45;8,70
16.08.2023 11:00;26,34
16.08.2023 11:15;8,18
16.08.2023 11:30;15,84
16.08.2023 11:45;13,32
16.08.2023 12:00;8,11
16.08.2023 12:15;8,31
16.08.2023 12:30;5,25
16.08.2023 12:45;25,51
16.08.2023 13:00;16,90
16.08.2023 13:15;26,97
16.08.2023 13:30;13,18
16.08.2023 13:45;14,59
16.08.2023 14:00;21,32
16.08.2023 14:15;8,15
16.08.2023 14:30;16,93
16.08.2023 14:45;27,91
16.08.2023 15:00;11,54
16.08.2023 15:15;11,68
16.08.2023 15:30;16,71
16.08.2023 15:45;14,17
16.08.2023 16:00;15,89
16.08.2023 16:15;19,48
16.08.2023 16:30;10,81
16.08.2023 16:45;10,34
16.08.2023 17:00;16,23
16.08.2023 17:15;17,19
16.08.2023 17:30;11,18
16.08.2023 17:45;14,97
16.08.2023 18:00;14,57
16.08.2023 18:15;9,06
16.08.2023 18:30;6,28
16.08.2023 18:45;4,41
16.08.2023 19:00;4,56
16.08.2023 19:15;5,38
16.08.2023 19:30;5,95
16.08.2023 19:45;5,00
16.08.2023 20:00;5,00
16.08.2023 20:15;5,54
16.08.2023 20:30;5,00
16.08.2023 20:45;8,97
16.08.2023 21:00;8,25
16.08.2023 21:15;6,54
16.08.2023 21:30;5,40
16.08.2023 21:45;5,00
16.08.2023 22:00;5,18
16.08.2023 22:15;8,50
16.08.2023 22:30;6,96
16.08.2023 22:45;5,63
16.08.2023 23:00;7,07
16.08.2023 23:15;6,31
16.08.2023 23:30;6,01
16.08.2023 23:45;7,18
17.08.2023 00:00;6,26
17.08.2023 00:15;6,95
17.08.2023 00:30;5,55
17.08.2023 00:45;5,00
17.08.2023 01:00;5,00
17.08.2023 01:15;5,00
17.08.2023 01:30;5,00
17.08.2023 01:45;5,00
17.08.2023 02:00;5,00
17.08.2023 02:15;5,00
17.08.2023 02:30;8,35
17.08.2023 02:45;5,00
17.08.2023 03:00;5,71
17.08.2023 03:15;5,78
17.08.2023 03:30;8,40
17.08.2023 03:45;5,00
17.08.2023 04:00;5,00
17.08.2023 04:15;5,02
17.08.2023 04:30;7,50
17.08.2023 04:45;7,92
17.08.2023 05:00;5,96
17.08.2023 05:15;6,48
17.08.2023 05:30;4,28
17.08.2023 05:45;3,64
17.08.2023 06:00;2,34
17.08.2023 06:15;5,12
17.08.2023 06:30;0,00
17.08.2023 06:45;1,81
17.08.2023 07:00;8,55
17.08.2023 07:15;11,80
17.08.2023 07:30;8,95
17.08.2023 07:45;11,48
17.08.2023 08:00;7,50
17.08.2023 08:15;11,79
17.08.2023 08:30;14,36
17.08.2023 08:45;10,15
17.08.2023 09:00;12,77
17.08.2023 09:15;10,84
17.08.2023 09:30;17,13
17.08.2023 09:45;6,54
17.08.2023 10:00;20,15
17.08.2023 10:15;19,90
17.08.2023 10:30;9,66
17.08.2023 10:45;19,18
17.08.2023 11:00;27,44
17.08.2023 11:15;21,04
17.08.2023 11:30;12,99
17.08.2023 11:45;17,85
17.08.2023 12:00;13,03
17.08.2023 12:15;13,37
17.08.2023 12:30;12,71
17.08.2023 12:45;13,29
17.08.2023 13:00;29,82
17.08.2023 13:15;17,72
17.08.2023 13:30;17,07
17.08.2023 13:45;14,76
17.08.2023 14:00;7,68
17.08.2023 14:15;17,09
17.08.2023 14:30;16,26
17.08.2023 14:45;12,68
17.08.2023 15:00;16,53
17.08.2023 15:15;18,75
17.08.2023 15:30;19,54
17.08.2023 15:45;17,14
17.08.2023 16:00;17,00
17.08.2023 16:15;21,22
17.08.2023 16:30;17,41
17.08.2023 16:45;15,60
17.08.2023 17:00;13,64
17.08.2023 17:15;14,95
17.08.2023 17:30;9,84
17.08.2023 17:45;9,85
17.08.2023 18:00;14,38
17.08.2023 18:15;2,80
17.08.2023 18:30;2,61
17.08.2023 18:45;3,46
17.08.2023 19:00;7,01
17.08.2023 19:15;6,90
17.08.2023 19:30;5,00
17.08.2023 19:45;5,00
17.08.2023 20:00;5,00
17.08.2023 20:15;5,00
17.08.2023 20:30;5,00
17.08.2023 20:45;5,00
17.08.2023 21:00;6,95
17.08.2023 21:15;5,83
17.08.2023 21:30;8,50
17.08.2023 21:45;5,00
17.08.2023 22:00;5,00
17.08.2023 22:15;5,00
17.08.2023 22:30;5,00
17.08.2023 22:45;5,00
17.08.2023 23:00;5,77
17.08.2023 23:15;5,29
17.08.2023 23:30;5,00
17.08.2023 23:45;7,73
18.08.2023 00:00;9,03
18.08.2023 00:15;7,57
18.08.2023 00:30;6,35
18.08.2023 00:45;6,76
18.08.2023 01:00;8,95
18.08.2023 01:15;6,76
18.08.2023 01:30;5,00
18.08.2023 01:45;6,02
18.08.2023 02:00;6,49
18.08.2023 02:15;5,00
18.08.2023 02:30;5,00
18.08.2023 02:45;7,44
18.08.2023 03:00;5,00
18.08.2023 03:15;5,00
18.08.2023 03:30;5,00
18.08.2023 03:45;5,94
18.08.2023 04:00;5,00
18.08.2023 04:15;5,00
18.08.2023 04:30;7,54
18.08.2023 04:45;5,37
18.08.2023 05:00;6,92
18.08.2023 05:15;4,22
18.08.2023 05:30;2,50
18.08.2023 05:45;4,73
18.08.2023 06:00;0,86
18.08.2023 06:15;1,57
18.08.2023 06:30;0,00
18.08.2023 06:45;5,02
18.08.2023 07:00;9,81
18.08.2023 07:15;14,15
18.08.2023 07:30;14,08
18.08.2023 07:45;12,95
18.08.2023 08:00;10,51
18.08.2023 08:15;8,20
18.08.2023 08:30;3,80
18.08.2023 08:45;16,14
18.08.2023 09:00;7,46
18.08.2023 09:15;17,20
18.08.2023 09:30;3,71
18.08.2023 09:45;9,87
18.08.2023 10:00;4,86
18.08.2023 10:15;13,43
18.08.2023 10:30;4,59
18.08.2023 10:45;26,99
18.08.2023 11:00;8,59
18.08.2023 11:15;12,99
18.08.2023 11:30;5,82
18.08.2023 11:45;18,04
18.08.2023 12:00;21,23
18.08.2023 12:15;21,46
18.08.2023 12:30;17,81
18.08.2023 12:45;16,72
18.08.2023 13:00;10,44
18.08.2023 13:15;9,86
18.08.2023 13:30;15,97
18.08.2023 13:45;14,03
18.08.2023 14:00;9,06
18.08.2023 14:15;18,08
18.08.2023 14:30;16,76
18.08.2023 14:45;21,30
18.08.2023 15:00;8,28
18.08.2023 15:15;18,46
18.08.2023 15:30;8,98
18.08.2023 15:45;21,60
18.08.2023 16:00;16,98
18.08.2023 16:15;8,98
18.08.2023 16:30;16,14
18.08.2023 16:45;18,34
18.08.2023 17:00;14,77
18.08.2023 17:15;16,78
18.08.2023 17:30;13,98
18.08.2023 17:45;12,04
18.08.2023 18:00;11,34
18.08.2023 18:15;2,17
18.08.2023 18:30;2,91
18.08.2023 18:45;5,19
18.08.2023 19:00;4,82
18.08.2023 19:15;6,96
18.08.2023 19:30;5,00
18.08.2023 19:45;7,01
18.08.2023 20:00;7,86
18.08.2023 20:15;7,26
18.08.2023 20:30;5,00
18.08.2023 20:45;5,00
18.08.2023 21:00;6,40
18.08.2023 21:15;5,00
18.08.2023 21:30;5,00
18.08.2023 21:45;5,00
18.08.2023 22:00;8,11
18.08.2023 22:15;5,00
18.08.2023 22:30;6,17
18.08.2023 22:45;5,67
18.08.2023 23:00;5,00
18.08.2023 23:15;6,53
18.08.2023 23:30;8,50
18.08.2023 23:45;5,00
19.08.2023 00:00;5,00
19.08.2023 00:15;5,00
19.08.2023 00:30;5,00
19.08.2023 00:45;5,00
19.08.2023 01:00;5,00
19.08.2023 01:15;5,00
19.08.2023 01:30;5,00
19.08.2023 01:45;5,00
19.08.2023 02:00;5,00
19.08.2023 02:15;5,00
19.08.2023 02:30;5,00
19.08.2023 02:45;5,00
19.08.2023 03:00;5,00
19.08.2023 03:15;5,20
19.08.2023 03:30;5,00
19.08.2023 03:45;5,33
19.08.2023 04:00;5,00
19.08.2023 04:15;5,00
19.08.2023 04:30;5,33
19.08.2023 04:45;5,00
19.08.2023 05:00;4,99
19.08.2023 05:15;4,42
19.08.2023 05:30;3,62
19.08.2023 05:45;2,45
19.08.2023 06:00;1,91
19.08.2023 06:15;1,12
19.08.2023 06:30;2,27
19.08.2023 06:45;0,00
19.08.2023 07:00;0,00
19.08.2023 07:15;7,35
19.08.2023 07:30;0,00
19.08.2023 07:45;2,19
19.08.2023 08:00;3,41
19.08.2023 08:15;0,00
19.08.2023 08:30;0,00
19.08.2023 08:45;0,00
19.08.2023 09:00;0,00
19.08.2023 09:15;0,00
19.08.2023 09:30;1,75
19.08.2023 09:45;0,90
19.08.2023 10:00;0,00
19.08.2023 10:15;1,91
19.08.2023 10:30;5,60
19.08.2023 10:45;0,00
19.08.2023 11:00;0,00
19.08.2023 11:15;0,00
19.08.2023 11:30;0,00
19.08.2023 11:45;1,44
19.08.2023 12:00;0,00
19.08.2023 12:15;0,00
19.08.2023 12:30;0,00
19.08.2023 12:45;0,00
19.08.2023 13:00;0,00
19.08.2023 13:15;0,00
19.08.2023 13:30;3,69
19.08.2023 13:45;0,00
19.08.2023 14:00;0,00
19.08.2023 14:15;0,00
19.08.2023 14:30;0,00
19.08.2023 14:45;0,00
19.08.2023 15:00;0,00
19.08.2023 15:15;0,00
19.08.2023 15:30;0,00
19.08.2023 15:45;0,00
19.08.2023 16:00;5,26
19.08.2023 16:15;1,34
19.08.2023 16:30;6,06
19.08.2023 16:45;0,00
19.08.2023 17:00;2,21
19.08.2023 17:15;4,50
19.08.2023 17:30;0,00
19.08.2023 17:45;0,00
19.08.2023 18:00;3,22
19.08.2023 18:15;1,96
19.08.2023 18:30;2,95
19.08.2023 18:45;4,19
19.08.2023 19:00;4,91
19.08.2023 19:15;5,00
19.08.2023 19:30;5,00
19.08.2023 19:45;5,00
19.08.2023 20:00;5,00
19.08.2023 20:15;5,00
19.08.2023 20:30;5,00
19.08.2023 20:45;5,00
19.08.2023 21:00;5,00
19.08.2023 21:15;5,00
19.08.2023 21:30;5,00
19.08.2023 21:45;5,99
19.08.2023 22:00;5,00
19.08.2023 22:15;5,00
19.08.2023 22:30;5,00
19.08.2023 22:45;5,00
19.08.2023 23:00;5,00
19.08.2023 23:15;5,00
19.08.2023 23:30;5,00
19.08.2023 23:45;5,00
20.08.2023 00:00;5,00
20.08.2023 00:15;5,00
20.08.2023 00:30;5,00
20.08.2023 00:45;5,00
20.08.2023 01:00;5,00
20.08.2023 01:15;5,00
20.08.2023 01:30;5,00
20.08.2023 01:45;5,00
20.08.2023 02:00;5,00
20.08.2023 02:15;5,00
20.08.2023 02:30;5,00
20.08.2023 02:45;5,00
20.08.2023 03:00;5,00
20.08.2023 03:15;5,00
20.08.2023 03:30;5,00
20.08.2023 03:45;5,00
20.08.2023 04:00;5,00
20.08.2023 04:15;5,00
20.08.2023 04:30;5,00
20.08.2023 04:45;5,00
20.08.2023 05:00;5,00
20.08.2023 05:15;4,35
20.08.2023 05:30;3,98
20.08.2023 05:45;2,20
20.08.2023 06:00;0,93
20.08.2023 06:15;0,00
20.08.2023 06:30;0,00
20.08.2023 06:45;0,00
20.08.2023 07:00;0,00
20.08.2023 07:15;0,00
20.08.2023 07:30;7,24
20.08.2023 07:45;0,00
20.08.2023 08:00;0,00
20.08.2023 08:15;0,00
20.08.2023 08:30;2,54
20.08.2023 08:45;0,05
20.08.2023 09:00;0,00
20.08.2023 09:15;0,00
20.08.2023 09:30;9,75
20.08.2023 09:45;0,00
20.08.2023 10:00;1,55
20.08.2023 10:15;0,00
20.08.2023 10:30;2,88
20.08.2023 10:45;0,00
20.08.2023 11:00;0,00
20.08.2023 11:15;0,00
20.08.2023 11:30;4,68
20.08.2023 11:45;0,72
20.08.2023 12:00;5,51
20.08.2023 12:15;0,00
20.08.2023 12:30;0,00
20.08.2023 12:45;0,00
20.08.2023 13:00;11,77
20.08.2023 13:15;0,00
20.08.2023 13:30;0,00
20.08.2023 13:45;9,43
20.08.2023 14:00;5,58
20.08.2023 14:15;1,53
20.08.2023 14:30;0,00
20.08.2023 14:45;1,92
20.08.2023 15:00;2,76
20.08.2023 15:15;0,00
20.08.2023 15:30;0,00
20.08.2023 15:45;0,00
20.08.2023 16:00;4,60
20.08.2023 16:15;0,00
20.08.2023 16:30;0,00
20.08.2023 16:45;0,00
20.08.2023 17:00;2,28
20.08.2023 17:15;0,00
20.08.2023 17:30;5,22
20.08.2023 17:45;4,90
20.08.2023 18:00;3,07
20.08.2023 18:15;1,38
20.08.2023 18:30;2,77
20.08.2023 18:45;4,28
20.08.2023 19:00;5,00
20.08.2023 19:15;5,00
20.08.2023 19:30;5,00
20.08.2023 19:45;5,00
20.08.2023 20:00;5,00
20.08.2023 20:15;5,00
20.08.2023 20:30;5,00
20.08.2023 20:45;5,00
20.08.2023 21:00;5,00
20.08.2023 21:15;5,00
20.08.2023 21:30;5,00
20.08.2023 21:45;5,00
20.08.2023 22:00;5,00
20.08.2023 22:15;5,00
20.08.2023 22:30;5,00
20.08.2023 22:45;5,00
20.08.2023 23:00;5,00
20.08.2023 23:15;5,00
20.08.2023 23:30;5,00
20.08.2023 23:45;5,00
21.08.2023 00:00;5,00
21.08.2023 00:15;5,00
21.08.2023 00:30;5,00
21.08.2023 00:45;5,65
21.08.2023 01:00;5,00
21.08.2023 01:15;7,75
21.08.2023 01:30;5,00
21.08.2023 01:45;5,00
21.08.2023 02:00;6,94
21.08.2023 02:15;6,22
21.08.2023 02:30;5,00
21.08.2023 02:45;5,00
21.08.2023 03:00;5,00
21.08.2023 03:15;6,46
21.08.2023 03:30;5,00
21.08.2023 03:45;5,77
21.08.2023 04:00;5,79
21.08.2023 04:15;10,00
21.08.2023 04:30;5,89
21.08.2023 04:45;5,00
21.08.2023 05:00;5,00
21.08.2023 05:15;4,34
21.08.2023 05:30;3,72
21.08.2023 05:45;3,41
21.08.2023 06:00;2,51
21.08.2023 06:15;1,01
21.08.2023 06:30;0,00
21.08.2023 06:45;3,77
21.08.2023 07:00;9,82
21.08.2023 07:15;11,77
21.08.2023 07:30;13,50
21.08.2023 07:45;14,49
21.08.2023 08:00;5,19
21.08.2023 08:15;11,73
21.08.2023 08:30;17,27
21.08.2023 08:45;12,87
21.08.2023 09:00;19,16
21.08.2023 09:15;11,76
21.08.2023 09:30;21,33
21.08.2023 09:45;23,19
21.08.2023 10:00;21,92
21.08.2023 10:15;5,69
21.08.2023 10:30;20,64
21.08.2023 10:45;15,69
21.08.2023 11:00;15,92
21.08.2023 11:15;15,12
21.08.2023 11:30;11,08
21.08.2023 11:45;14,55
21.08.2023 12:00;14,05
21.08.2023 12:15;16,35
21.08.2023 12:30;13,06
21.08.2023 12:45;18,10
21.08.2023 13:00;12,09
21.08.2023 13:15;23,03
21.08.2023 13:30;17,83
21.08.2023 13:45;19,85
21.08.2023 14:00;15,63
21.08.2023 14:15;18,49
21.08.2023 14:30;8,62
21.08.2023 14:45;21,70
21.08.2023 15:00;14,92
21.08.2023 15:15;17,71
21.08.2023 15:30;13,15
21.08.2023 15:45;18,15
21.08.2023 16:00;19,09
21.08.2023 16:15;14,99
21.08.2023 16:30;10,63
21.08.2023 16:45;13,95
21.08.2023 17:00;18,03
21.08.2023 17:15;13,13
21.08.2023 17:30;18,58
21.08.2023 17:45;14,87
21.08.2023 18:00;12,14
21.08.2023 18:15;5,63
21.08.2023 18:30;5,43
21.08.2023 18:45;4,35
21.08.2023 19:00;5,59
21.08.2023 19:15;6,21
21.08.2023 19:30;5,00
21.08.2023 19:45;5,58
21.08.2023 20:00;5,00
21.08.2023 20:15;6,28
21.08.2023 20:30;5,00
21.08.2023 20:45;5,00
21.08.2023 21:00;8,59
21.08.2023 21:15;7,72
21.08.2023 21:30;5,00
21.08.2023 21:45;7,58
21.08.2023 22:00;5,12
21.08.2023 22:15;5,00
21.08.2023 22:30;5,00
21.08.2023 22:45;5,00
21.08.2023 23:00;5,00
21.08.2023 23:15;5,00
21.08.2023 23:30;5,00
21.08.2023 23:45;5,00
22.08.2023 00:00;5,92
22.08.2023 00:15;5,37
22.08.2023 00:30;6,38
22.08.2023 00:45;5,14
22.08.2023 01:00;5,00
22.08.2023 01:15;6,26
22.08.2023 01:30;5,00
22.08.2023 01:45;6,57
22.08.2023 02:00;5,00
22.08.2023 02:15;5,00
22.08.2023 02:30;5,00
22.08.2023 02:45;6,62
22.08.2023 03:00;5,62
22.08.2023 03:15;5,31
22.08.2023 03:30;9,04
22.08.2023 03:45;5,00
22.08.2023 04:00;5,00
22.08.2023 04:15;5,00
22.08.2023 04:30;5,00
22.08.2023 04:45;5,00
22.08.2023 05:00;6,65
22.08.2023 05:15;4,45
22.08.2023 05:30;2,95
22.08.2023 05:45;3,09
22.08.2023 06:00;1,50
22.08.2023 06:15;0,00
22.08.2023 06:30;0,95
22.08.2023 06:45;0,00
22.08.2023 07:00;9,87
22.08.2023 07:15;13,71
22.08.2023 07:30;11,54
22.08.2023 07:45;3,39
22.08.2023 08:00;10,07
22.08.2023 08:15;18,90
22.08.2023 08:30;9,07
22.08.2023 08:45;6,78
22.08.2023 09:00;15,06
22.08.2023 09:15;8,87
22.08.2023 09:30;16,75
22.08.2023 09:45;10,91
22.08.2023 10:00;17,05
22.08.2023 10:15;15,34
22.08.2023 10:30;9,65
22.08.2023 10:45;15,82
22.08.2023 11:00;13,62
22.08.2023 11:15;10,78
22.08.2023 11:30;12,87
22.08.2023 11:45;4,95
22.08.2023 12:00;15,79
22.08.2023 12:15;18,16
22.08.2023 12:30;10,63
22.08.2023 12:45;32,06
22.08.2023 13:00;10,28
22.08.2023 13:15;17,45
22.08.2023 13:30;16,02
22.08.2023 13:45;15,33
22.08.2023 14:00;7,28
22.08.2023 14:15;12,81
22.08.2023 14:30;20,04
22.08.2023 14:45;23,31
22.08.2023 15:00;18,73
22.08.2023 15:15;12,76
22.08.2023 15:30;7,46
22.08.2023 15:45;20,01
22.08.2023 16:00;19,56
22.08.2023 16:15;10,77
22.08.2023 16:30;14,66
22.08.2023 16:45;15,15
22.08.2023 17:00;18,36
22.08.2023 17:15;12,18
22.08.2023 17:30;19,60
22.08.2023 17:45;14,19
22.08.2023 18:00;16,12
22.08.2023 18:15;4,05
22.08.2023 18:30;3,91
22.08.2023 18:45;4,58
22.08.2023 19:00;9,52
22.08.2023 19:15;5,00
22.08.2023 19:30;5,00
22.08.2023 19:45;5,61
22.08.2023 20:00;5,00
22.08.2023 20:15;5,00
22.08.2023 20:30;5,00
22.08.2023 20:45;8,14
22.08.2023 21:00;5,00
22.08.2023 21:15;5,00
22.08.2023 21:30;5,00
22.08.2023 21:45;9,69
22.08.2023 22:00;5,00
22.08.2023 22:15;6,14
22.08.2023 22:30;5,00
22.08.2023 22:45;5,91
22.08.2023 23:00;8,19
22.08.2023 23:15;5,00
22.08.2023 23:30;6,19
22.08.2023 23:45;5,00
23.08.2023 00:00;9,33
23.08.2023 00:15;5,82
23.08.2023 00:30;5,00
23.08.2023 00:45;5,00
23.08.2023 01:00;5,00
23.08.2023 01:15;5,00
23.08.2023 01:30;5,00
23.08.2023 01:45;5,09
23.08.2023 02:00;5,00
23.08.2023 02:15;6,26
23.08.2023 02:30;5,00
23.08.2023 02:45;5,00
23.08.2023 03:00;5,27
23.08.2023 03:15;5,00
23.08.2023 03:30;5,57
23.08.2023 03:45;5,00
23.08.2023 04:00;7,52
23.08.2023 04:15;6,65
23.08.2023 04:30;5,00
23.08.2023 04:45;6,60
23.08.2023 05:00;5,50
23.08.2023 05:15;4,91
23.08.2023 05:30;4,16
23.08.2023 05:45;4,33
23.08.2023 06:00;0,56
23.08.2023 06:15;4,32
23.08.2023 06:30;0,00
23.08.2023 06:45;0,27
23.08.2023 07:00;12,93
23.08.2023 07:15;16,48
23.08.2023 07:30;6,23
23.08.2023 07:45;11,01
23.08.2023 08:00;8,46
23.08.2023 08:15;9,25
23.08.2023 08:30;11,23
23.08.2023 08:45;11,08
23.08.2023 09:00;13,32
23.08.2023 09:15;14,32
23.08.2023 09:30;19,41
23.08.2023 09:45;22,75
23.08.2023 10:00;19,89
23.08.2023 10:15;25,49
23.08.2023 10:30;12,24
23.08.2023 10:45;8,49
23.08.2023 11:00;16,09
23.08.2023 11:15;11,02
23.08.2023 11:30;12,10
23.08.2023 11:45;24,14
23.08.2023 12:00;16,42
23.08.2023 12:15;9,00
23.08.2023 12:30;30,02
23.08.2023 12:45;6,96
23.08.2023 13:00;11,27
23.08.2023 13:15;19,08
23.08.2023 13:30;15,67
23.08.2023 13:45;11,74
23.08.2023 14:00;20,85
23.08.2023 14:15;17,31
23.08.2023 14:30;15,60
23.08.2023 14:45;13,42
23.08.2023 15:00;14,95
23.08.2023 15:15;15,34
23.08.2023 15:30;21,03
23.08.2023 15:45;18,54
23.08.2023 16:00;25,43
23.08.2023 16:15;17,71
23.08.2023 16:30;14,09
23.08.2023 16:45;17,06
23.08.2023 17:00;10,59
23.08.2023 17:15;21,77
23.08.2023 17:30;14,04
23.08.2023 17:45;17,20
23.08.2023 18:00;11,97
23.08.2023 18:15;4,68
23.08.2023 18:30;4,35
23.08.2023 18:45;6,61
23.08.2023 19:00;7,22
23.08.2023 19:15;5,00
23.08.2023 19:30;5,00
23.08.2023 19:45;5,18
23.08.2023 20:00;5,73
23.08.2023 20:15;5,00
23.08.2023 20:30;5,84
23.08.2023 20:45;5,94
23.08.2023 21:00;5,00
23.08.2023 21:15;6,07
23.08.2023 21:30;5,00
23.08.2023 21:45;5,00
23.08.2023 22:00;6,86
23.08.2023 22:15;5,00
23.08.2023 22:30;5,00
23.08.2023 22:45;5,43
23.08.2023 23:00;8,03
23.08.2023 23:15;5,67
23.08.2023 23:30;6,34
23.08.2023 23:45;5,00
24.08.2023 00:00;5,13
24.08.2023 00:15;5,19
24.08.2023 00:30;5,88
24.08.2023 00:45;5,00
24.08.2023 01:00;7,97
24.08.2023 01:15;5,00
24.08.2023 01:30;5,00
24.08.2023 01:45;10,78
24.08.2023 02:00;5,00
24.08.2023 02:15;7,92
24.08.2023 02:30;8,10
24.08.2023 02:45;7,18
24.08.2023 03:00;5,00
24.08.2023 03:15;5,86
24.08.2023 03:30;5,00
24.08.2023 03:45;9,27
24.08.2023 04:00;5,00
24.08.2023 04:15;5,00
24.08.2023 04:30;5,49
24.08.2023 04:45;5,08
24.08.2023 05:00;5,00
24.08.2023 05:15;7,60
24.08.2023 05:30;5,87
24.08.2023 05:45;3,69
24.08.2023 06:00;0,77
24.08.2023 06:15;1,88
24.08.2023 06:30;3,50
24.08.2023 06:45;0,44
24.08.2023 07:00;9,94
24.08.2023 07:15;15,76
24.08.2023 07:30;12,38
24.08.2023 07:45;9,11
24.08.2023 08:00;14,25
24.08.2023 08:15;16,76
24.08.2023 08:30;18,25
24.08.2023 08:45;17,58
24.08.2023 09:00;18,33
24.08.2023 09:15;14,46
24.08.2023 09:30;14,56
24.08.2023 09:45;9,97
24.08.2023 10:00;18,82
24.08.2023 10:15;10,89
24.08.2023 10:30;15,27
24.08.2023 10:45;10,25
24.08.2023 11:00;20,37
24.08.2023 11:15;7,81
24.08.2023 11:30;11,99
24.08.2023 11:45;7,62
24.08.2023 12:00;14,78
24.08.2023 12:15;14,01
24.08.2023 12:30;22,81
24.08.2023 12:45;21,95
24.08.2023 13:00;16,43
24.08.2023 13:15;9,22
24.08.2023 13:30;5,82
24.08.2023 13:45;29,55
24.08.2023 14:00;24,70
24.08.2023 14:15;14,29
24.08.2023 14:30;8,30
24.08.2023 14:45;15,70
24.08.2023 15:00;29,48
24.08.2023 15:15;20,78
24.08.2023 15:30;10,48
24.08.2023 15:45;14,54
24.08.2023 16:00;13,10
24.08.2023 16:15;10,66
24.08.2023 16:30;15,80
24.08.2023 16:45;11,62
24.08.2023 17:00;10,85
24.08.2023 17:15;14,74
24.08.2023 17:30;16,85
24.08.2023 17:45;12,51
24.08.2023 18:00;16,39
24.08.2023 18:15;4,57
24.08.2023 18:30;5,81
24.08.2023 18:45;6,33
24.08.2023 19:00;5,00
24.08.2023 19:15;6,52
24.08.2023 19:30;5,00
24.08.2023 19:45;7,94
24.08.2023 20:00;5,00
24.08.2023 20:15;6,00
24.08.2023 20:30;5,00
24.08.2023 20:45;5,00
24.08.2023 21:00;7,09
24.08.2023 21:15;5,00
24.08.2023 21:30;5,00
24.08.2023 21:45;5,00
24.08.2023 22:00;5,00
24.08.2023 22:15;8,04
24.08.2023 22:30;7,81
24.08.2023 22:45;5,00
24.08.2023 23:00;5,00
24.08.2023 23:15;5,00
24.08.2023 23:30;5,00
24.08.2023 23:45;5,00
25.08.2023 00:00;7,26
25.08.2023 00:15;6,31
25.08.2023 00:30;5,85
25.08.2023 00:45;5,00
25.08.2023 01:00;5,50
25.08.2023 01:15;5,00
25.08.2023 01:30;6,99
25.08.2023 01:45;5,82
25.08.2023 02:00;5,00
25.08.2023 02:15;8,53
25.08.2023 02:30;5,00
25.08.2023 02:45;6,36
25.08.2023 03:00;6,41
25.08.2023 03:15;5,00
25.08.2023 03:30;5,22
25.08.2023 03:45;5,00
25.08.2023 04:00;5,00
25.08.2023 04:15;5,00
25.08.2023 04:30;5,00
25.08.2023 04:45;6,59
25.08.2023 05:00;5,43
25.08.2023 05:15;5,22
25.08.2023 05:30;4,31
25.08.2023 05:45;3,32
25.08.2023 06:00;0,84
25.08.2023 06:15;2,22
25.08.2023 06:30;1,67
25.08.2023 06:45;1,02
25.08.2023 07:00;8,91
25.08.2023 07:15;9,96
25.08.2023 07:30;11,06
25.08.2023 07:45;7,13
25.08.2023 08:00;6,63
25.08.2023 08:15;10,14
25.08.2023 08:30;8,37
25.08.2023 08:45;11,40
25.08.2023 09:00;15,98
25.08.2023 09:15;15,55
25.08.2023 09:30;8,46
25.08.2023 09:45;24,73
25.08.2023 10:00;21,39
25.08.2023 10:15;17,34
25.08.2023 10:30;11,87
25.08.2023 10:45;11,60
25.08.2023 11:00;17,21
25.08.2023 11:15;9,24
25.08.2023 11:30;14,41
25.08.2023 11:45;11,32
25.08.2023 12:00;18,26
25.08.2023 12:15;12,78
25.08.2023 12:30;8,97
25.08.2023 12:45;18,65
25.08.2023 13:00;11,27
25.08.2023 13:15;18,40
25.08.2023 13:30;11,00
25.08.2023 13:45;11,95
25.08.2023 14:00;19,26
25.08.2023 14:15;17,08
25.08.2023 14:30;12,77
25.08.2023 14:45;22,71
25.08.2023 15:00;17,13
25.08.2023 15:15;11,31
25.08.2023 15:30;17,73
25.08.2023 15:45;12,95
25.08.2023 16:00;17,06
25.08.2023 16:15;13,30
25.08.2023 16:30;19,34
25.08.2023 16:45;12,69
25.08.2023 17:00;11,56
25.08.2023 17:15;11,71
25.08.2023 17:30;15,48
25.08.2023 17:45;13,67
25.08.2023 18:00;17,73
25.08.2023 18:15;2,63
25.08.2023 18:30;7,45
25.08.2023 18:45;4,61
25.08.2023 19:00;6,85
25.08.2023 19:15;5,54
25.08.2023 19:30;5,00
25.08.2023 19:45;5,00
25.08.2023 20:00;5,00
25.08.2023 20:15;7,89
25.08.2023 20:30;5,33
25.08.2023 20:45;5,00
25.08.2023 21:00;5,00
25.08.2023 21:15;5,56
25.08.2023 21:30;7,10
25.08.2023 21:45;5,00
25.08.2023 22:00;5,00
25.08.2023 22:15;5,35
25.08.2023 22:30;7,05
25.08.2023 22:45;5,00
25.08.2023 23:00;6,31
25.08.2023 23:15;5,00
25.08.2023 23:30;5,00
25.08.2023 23:45;9,30
26.08.2023 00:00;5,00
26.08.2023 00:15;5,00
26.08.2023 00:30;5,00
26.08.2023 00:45;5,00
26.08.2023 01:00;5,00
26.08.2023 01:15;5,00
26.08.2023 01:30;5,00
26.08.2023 01:45;5,00
26.08.2023 02:00;5,00
26.08.2023 02:15;5,00
26.08.2023 02:30;5,00
26.08.2023 02:45;6,07
26.08.2023 03:00;5,00
26.08.2023 03:15;5,00
26.08.2023 03:30;5,00
26.08.2023 03:45;5,00
26.08.2023 04:00;5,00
26.08.2023 04:15;5,00
26.08.2023 04:30;5,14
26.08.2023 04:45;5,00
26.08.2023 05:00;5,00
26.08.2023 05:15;4,86
26.08.2023 05:30;4,33
26.08.2023 05:45;2,70
26.08.2023 06:00;1,61
26.08.2023 06:15;0,65
26.08.2023 06:30;0,94
26.08.2023 06:45;0,00
26.08.2023 07:00;7,23
26.08.2023 07:15;1,29
26.08.2023 07:30;0,16
26.08.2023 07:45;0,00
26.08.2023 08:00;4,93
26.08.2023 08:15;0,00
26.08.2023 08:30;0,00
26.08.2023 08:45;0,00
26.08.2023 09:00;0,00
26.08.2023 09:15;0,00
26.08.2023 09:30;0,32
26.08.2023 09:45;0,00
26.08.2023 10:00;0,00
26.08.2023 10:15;0,00
26.08.2023 10:30;0,00
26.08.2023 10:45;0,00
26.08.2023 11:00;0,25
26.08.2023 11:15;0,00
26.08.2023 11:30;1,99
26.08.2023 11:45;0,00
26.08.2023 12:00;0,00
26.08.2023 12:15;2,57
26.08.2023 12:30;0,00
26.08.2023 12:45;7,14
26.08.2023 13:00;8,38
26.08.2023 13:15;0,00
26.08.2023 13:30;0,00
26.08.2023 13:45;3,16
26.08.2023 14:00;0,00
26.08.2023 14:15;0,00
26.08.2023 14:30;0,00
26.08.2023 14:45;0,00
26.08.2023 15:00;0,00
26.08.2023 15:15;0,00
26.08.2023 15:30;0,00
26.08.2023 15:45;0,00
26.08.2023 16:00;0,00
26.08.2023 16:15;0,00
26.08.2023 16:30;2,47
26.08.2023 16:45;0,00
26.08.2023 17:00;7,91
26.08.2023 17:15;2,16
26.08.2023 17:30;3,18
26.08.2023 17:45;8,45
26.08.2023 18:00;3,67
26.08.2023 18:15;3,38
26.08.2023 18:30;4,22
26.08.2023 18:45;4,91
26.08.2023 19:00;5,00
26.08.2023 19:15;5,56
26.08.2023 19:30;5,00
26.08.2023 19:45;5,00
26.08.2023 20:00;5,00
26.08.2023 20:15;5,00
26.08.2023 20:30;5,00
26.08.2023 20:45;5,00
26.08.2023 21:00;5,00
26.08.2023 21:15;5,40
26.08.2023 21:30;7,45
26.08.2023 21:45;5,00
26.08.2023 22:00;5,00
26.08.2023 22:15;5,00
26.08.2023 22:30;5,34
26.08.2023 22:45;5,00
26.08.2023 23:00;5,34
26.08.2023 23:15;5,00
26.08.2023 23:30;5,00
26.08.2023 23:45;5,00
27.08.2023 00:00;5,00
27.08.2023 00:15;5,00
27.08.2023 00:30;5,00
27.08.2023 00:45;5,00
27.08.2023 01:00;5,00
27.08.2023 01:15;5,00
27.08.2023 01:30;5,00
27.08.2023 01:45;5,00
27.08.2023 02:00;5,00
27.08.2023 02:15;5,00
27.08.2023 02:30;5,00
27.08.2023 02:45;5,00
27.08.2023 03:00;5,00
27.08.2023 03:15;5,00
27.08.2023 03:30;5,00
27.08.2023 03:45;5,00
27.08.2023 04:00;5,00
27.08.2023 04:15;5,00
27.08.2023 04:30;5,00
27.08.2023 04:45;5,00
27.08.2023 05:00;5,00
27.08.2023 05:15;4,84
27.08.2023 05:30;4,23
27.08.2023 05:45;2,37
27.08.2023 06:00;1,17
27.08.2023 06:15;1,87
27.08.2023 06:30;0,00
27.08.2023 06:45;1,26
27.08.2023 07:00;4,84
27.08.2023 07:15;0,50
27.08.2023 07:30;0,00
27.08.2023 07:45;0,03
27.08.2023 08:00;3,10
27.08.2023 08:15;3,16
27.08.2023 08:30;0,00
27.08.2023 08:45;0,00
27.08.2023 09:00;0,57
27.08.2023 09:15;8,15
27.08.2023 09:30;0,00
27.08.2023 09:45;0,00
27.08.2023 10:00;0,00
27.08.2023 10:15;0,00
27.08.2023 10:30;0,00
27.08.2023 10:45;4,45
27.08.2023 11:00;2,80
27.08.2023 11:15;0,00
27.08.2023 11:30;0,12
27.08.2023 11:45;5,76
27.08.2023 12:00;0,00
27.08.2023 12:15;1,33
27.08.2023 12:30;0,00
27.08.2023 12:45;0,00
27.08.2023 13:00;0,00
27.08.2023 13:15;0,00
27.08.2023 13:30;0,00
27.08.2023 13:45;0,00
27.08.2023 14:00;0,00
27.08.2023 14:15;0,00
27.08.2023 14:30;1,63
27.08.2023 14:45;0,00
27.08.2023 15:00;5,83
27.08.2023 15:15;0,68
27.08.2023 15:30;0,00
27.08.2023 15:45;1,32
27.08.2023 16:00;3,58
27.08.2023 16:15;0,00
27.08.2023 16:30;5,59
27.08.2023 16:45;4,07
27.08.2023 17:00;6,17
27.08.2023 17:15;6,68
27.08.2023 17:30;1,21
27.08.2023 17:45;1,92
27.08.2023 18:00;2,76
27.08.2023 18:15;3,13
27.08.2023 18:30;4,13
27.08.2023 18:45;4,90
27.08.2023 19:00;5,00
27.08.2023 19:15;5,00
27.08.2023 19:30;5,00
27.08.2023 19:45;5,00
27.08.2023 20:00;5,00
27.08.2023 20:15;5,00
27.08.2023 20:30;5,00
27.08.2023 20:45;5,00
27.08.2023 21:00;5,00
27.08.2023 21:15;5,00
27.08.2023 21:30;5,00
27.08.2023 21:45;5,00
27.08.2023 22:00;5,00
27.08.2023 22:15;5,00
27.08.2023 22:30;5,00
27.08.2023 22:45;5,00
27.08.2023 23:00;5,00
27.08.2023 23:15;5,00
27.08.2023 23:30;5,00
27.08.2023 23:45;5,00
28.08.2023 00:00;6,80
28.08.2023 00:15;7,71
28.08.2023 00:30;5,07
28.08.2023 00:45;5,33
28.08.2023 01:00;5,00
28.08.2023 01:15;7,81
28.08.2023 01:30;5,04
28.08.2023 01:45;5,00
28.08.2023 02:00;6,81
28.08.2023 02:15;5,00
28.08.2023 02:30;5,00
28.08.2023 02:45;7,15
28.08.2023 03:00;5,00
28.08.2023 03:15;5,00
28.08.2023 03:30;5,00
28.08.2023 03:45;5,00
28.08.2023 04:00;6,76
28.08.2023 04:15;5,08
28.08.2023 04:30;5,00
28.08.2023 04:45;5,00
28.08.2023 05:00;5,36
28.08.2023 05:15;6,63
28.08.2023 05:30;4,05
28.08.2023 05:45;3,05
28.08.2023 06:00;2,83
28.08.2023 06:15;4,69
28.08.2023 06:30;1,89
28.08.2023 06:45;0,05
28.08.2023 07:00;13,63
28.08.2023 07:15;20,02
28.08.2023 07:30;17,15
28.08.2023 07:45;12,13
28.08.2023 08:00;11,24
28.08.2023 08:15;17,06
28.08.2023 08:30;18,20
28.08.2023 08:45;15,61
28.08.2023 09:00;17,85
28.08.2023 09:15;16,94
28.08.2023 09:30;11,68
28.08.2023 09:45;27,55
28.08.2023 10:00;9,06
28.08.2023 10:15;13,71
28.08.2023 10:30;21,92
28.08.2023 10:45;20,00
28.08.2023 11:00;16,95
28.08.2023 11:15;13,95
28.08.2023 11:30;15,61
28.08.2023 11:45;18,74
28.08.2023 12:00;19,23
28.08.2023 12:15;17,20
28.08.2023 12:30;31,05
28.08.2023 12:45;20,56
28.08.2023 13:00;20,81
28.08.2023 13:15;25,39
28.08.2023 13:30;17,47
28.08.2023 13:45;25,96
28.08.2023 14:00;14,89
28.08.2023 14:15;24,37
28.08.2023 14:30;10,44
28.08.2023 14:45;27,52
28.08.2023 15:00;13,02
28.08.2023 15:15;9,02
28.08.2023 15:30;13,33
28.08.2023 15:45;20,37
28.08.2023 16:00;18,05
28.08.2023 16:15;16,48
28.08.2023 16:30;16,08
28.08.2023 16:45;11,17
28.08.2023 17:00;15,69
28.08.2023 17:15;19,20
28.08.2023 17:30;12,20
28.08.2023 17:45;11,04
28.08.2023 18:00;15,73
28.08.2023 18:15;3,91
28.08.2023 18:30;6,43
28.08.2023 18:45;4,99
28.08.2023 19:00;5,00
28.08.2023 19:15;5,00
28.08.2023 19:30;8,08
28.08.2023 19:45;5,83
28.08.2023 20:00;5,00
28.08.2023 20:15;5,00
28.08.2023 20:30;5,00
28.08.2023 20:45;6,16
28.08.2023 21:00;5,00
28.08.2023 21:15;5,54
28.08.2023 21:30;9,42
28.08.2023 21:45;5,00
28.08.2023 22:00;5,00
28.08.2023 22:15;6,09
28.08.2023 22:30;5,00
28.08.2023 22:45;8,77
28.08.2023 23:00;8,14
28.08.2023 23:15;5,00
28.08.2023 23:30;5,00
28.08.2023 23:45;5,00
29.08.2023 00:00;5,00
29.08.2023 00:15;6,11
29.08.2023 00:30;7,42
29.08.2023 00:45;5,00
29.08.2023 01:00;7,36
29.08.2023 01:15;6,58
29.08.2023 01:30;5,00
29.08.2023 01:45;5,00
29.08.2023 02:00;5,57
29.08.2023 02:15;5,00
29.08.2023 02:30;7,39
29.08.2023 02:45;5,00
29.08.2023 03:00;6,44
29.08.2023 03:15;5,18
29.08.2023 03:30;5,00
29.08.2023 03:45;5,14
29.08.2023 04:00;7,50
29.08.2023 04:15;5,00
29.08.2023 04:30;5,00
29.08.2023 04:45;5,00
29.08.2023 05:00;5,26
29.08.2023 05:15;5,00
29.08.2023 05:30;4,24
29.08.2023 05:45;3,63
29.08.2023 06:00;5,04
29.08.2023 06:15;2,84
29.08.2023 06:30;1,27
29.08.2023 06:45;0,00
29.08.2023 07:00;9,19
29.08.2023 07:15;14,80
29.08.2023 07:30;10,02
29.08.2023 07:45;9,03
29.08.2023 08:00;9,00
29.08.2023 08:15;11,19
29.08.2023 08:30;9,05
29.08.2023 08:45;13,56
29.08.2023 09:00;8,96
29.08.2023 09:15;17,68
29.08.2023 09:30;6,05
29.08.2023 09:45;13,20
29.08.2023 10:00;14,96
29.08.2023 10:15;22,22
29.08.2023 10:30;5,69
29.08.2023 10:45;17,37
29.08.2023 11:00;18,52
29.08.2023 11:15;20,71
29.08.2023 11:30;18,17
29.08.2023 11:45;22,04
29.08.2023 12:00;15,54
29.08.2023 12:15;9,84
29.08.2023 12:30;17,26
29.08.2023 12:45;17,00
29.08.2023 13:00;12,90
29.08.2023 13:15;17,45
29.08.2023 13:30;11,63
29.08.2023 13:45;16,26
29.08.2023 14:00;18,98
29.08.2023 14:15;17,95
29.08.2023 14:30;20,97
29.08.2023 14:45;13,80
29.08.2023 15:00;18,62
29.08.2023 15:15;11,83
29.08.2023 15:30;15,11
29.08.2023 15:45;23,25
29.08.2023 16:00;17,25
29.08.2023 16:15;12,32
29.08.2023 16:30;17,63
29.08.2023 16:45;13,42
29.08.2023 17:00;14,70
29.08.2023 17:15;19,66
29.08.2023 17:30;16,29
29.08.2023 17:45;19,10
29.08.2023 18:00;16,54
29.08.2023 18:15;3,47
29.08.2023 18:30;4,71
29.08.2023 18:45;5,04
29.08.2023 19:00;5,07
29.08.2023 19:15;5,29
29.08.2023 19:30;5,00
29.08.2023 19:45;5,91
29.08.2023 20:00;5,00
29.08.2023 20:15;5,00
29.08.2023 20:30;5,10
29.08.2023 20:45;5,00
29.08.2023 21:00;6,88
29.08.2023 21:15;5,00
29.08.2023 21:30;6,68
29.08.2023 21:45;5,00
29.08.2023 22:00;5,00
29.08.2023 22:15;6,38
29.08.2023 22:30;9,74
29.08.2023 22:45;5,57
29.08.2023 23:00;5,00
29.08.2023 23:15;7,25
29.08.2023 23:30;5,00
29.08.2023 23:45;5,48
30.08.2023 00:00;6,47
30.08.2023 00:15;5,00
30.08.2023 00:30;5,36
30.08.2023 00:45;5,00
30.08.2023 01:00;7,80
30.08.2023 01:15;6,81
30.08.2023 01:30;5,00
30.08.2023 01:45;7,88
30.08.2023 02:00;6,25
30.08.2023 02:15;5,00
30.08.2023 02:30;5,46
30.08.2023 02:45;7,42
30.08.2023 03:00;5,00
30.08.2023 03:15;8,11
30.08.2023 03:30;5,00
30.08.2023 03:45;5,00
30.08.2023 04:00;5,00
30.08.2023 04:15;8,11
30.08.2023 04:30;5,00
30.08.2023 04:45;5,00
30.08.2023 05:00;6,24
30.08.2023 05:15;6,67
30.08.2023 05:30;6,11
30.08.2023 05:45;3,40
30.08.2023 06:00;3,03
30.08.2023 06:15;1,40
30.08.2023 06:30;4,26
30.08.2023 06:45;1,80
30.08.2023 07:00;15,20
30.08.2023 07:15;15,46
30.08.2023 07:30;19,61
30.08.2023 07:45;8,19
30.08.2023 08:00;16,27
30.08.2023 08:15;9,03
30.08.2023 08:30;12,99
30.08.2023 08:45;11,29
30.08.2023 09:00;11,83
30.08.2023 09:15;8,23
30.08.2023 09:30;11,81
30.08.2023 09:45;10,57
30.08.2023 10:00;14,30
30.08.2023 10:15;17,22
30.08.2023 10:30;20,76
30.08.2023 10:45;13,97
30.08.2023 11:00;8,11
30.08.2023 11:15;16,66
30.08.2023 11:30;12,01
30.08.2023 11:45;21,80
30.08.2023 12:00;20,08
30.08.2023 12:15;20,79
30.08.2023 12:30;25,44
30.08.2023 12:45;17,98
30.08.2023 13:00;16,45
30.08.2023 13:15;18,51
30.08.2023 13:30;15,26
30.08.2023 13:45;19,43
30.08.2023 14:00;28,00
30.08.2023 14:15;21,57
30.08.2023 14:30;18,60
30.08.2023 14:45;12,24
30.08.2023 15:00;16,19
30.08.2023 15:15;15,72
30.08.2023 15:30;13,67
30.08.2023 15:45;10,53
30.08.2023 16:00;15,37
30.08.2023 16:15;16,81
30.08.2023 16:30;19,29
30.08.2023 16:45;10,20
30.08.2023 17:00;13,66
30.08.2023 17:15;15,27
30.08.2023 17:30;19,11
30.08.2023 17:45;22,08
30.08.2023 18:00;15,71
30.08.2023 18:15;3,40
30.08.2023 18:30;4,89
30.08.2023 18:45;5,00
30.08.2023 19:00;9,29
30.08.2023 19:15;8,68
30.08.2023 19:30;7,08
30.08.2023 19:45;5,00
30.08.2023 20:00;6,71
30.08.2023 20:15;5,88
30.08.2023 20:30;5,83
30.08.2023 20:45;5,00
30.08.2023 21:00;7,47
30.08.2023 21:15;5,57
30.08.2023 21:30;5,15
30.08.2023 21:45;5,00
30.08.2023 22:00;5,00
30.08.2023 22:15;5,99
30.08.2023 22:30;5,00
30.08.2023 22:45;6,93
30.08.2023 23:00;5,00
30.08.2023 23:15;5,00
30.08.2023 23:30;9,00
30.08.2023 23:45;5,00
31.08.2023 00:00;5,00
31.08.2023 00:15;7,63
31.08.2023 00:30;9,07
31.08.2023 00:45;5,00
31.08.2023 01:00;5,00
31.08.2023 01:15;5,00
31.08.2023 01:30;7,23
31.08.2023 01:45;8,64
31.08.2023 02:00;5,00
31.08.2023 02:15;8,19
31.08.2023 02:30;5,00
31.08.2023 02:45;6,03
31.08.2023 03:00;5,00
31.08.2023 03:15;5,12
31.08.2023 03:30;5,14
31.08.2023 03:45;5,00
31.08.2023 04:00;6,13
31.08.2023 04:15;5,00
31.08.2023 04:30;5,00
31.08.2023 04:45;6,24
31.08.2023 05:00;8,05
31.08.2023 05:15;5,32
31.08.2023 05:30;5,80
31.08.2023 05:45;5,16
31.08.2023 06:00;3,85
31.08.2023 06:15;0,76
31.08.2023 06:30;0,00
31.08.2023 06:45;1,18
31.08.2023 07:00;16,29
31.08.2023 07:15;12,10
31.08.2023 07:30;12,15
31.08.2023 07:45;11,70
31.08.2023 08:00;15,96
31.08.2023 08:15;12,88
31.08.2023 08:30;20,69
31.08.2023 08:45;18,05
31.08.2023 09:00;9,51
31.08.2023 09:15;15,79
31.08.2023 09:30;8,11
31.08.2023 09:45;17,54
31.08.2023 10:00;14,71
31.08.2023 10:15;22,56
31.08.2023 10:30;12,01
31.08.2023 10:45;16,71
31.08.2023 11:00;21,64
31.08.2023 11:15;9,94
31.08.2023 11:30;13,41
31.08.2023 11:45;15,56
31.08.2023 12:00;5,52
31.08.2023 12:15;16,54
31.08.2023 12:30;15,06
31.08.2023 12:45;11,82
31.08.2023 13:00;25,69
31.08.2023 13:15;15,50
31.08.2023 13:30;12,40
31.08.2023 13:45;22,44
31.08.2023 14:00;23,94
31.08.2023 14:15;16,80
31.08.2023 14:30;21,95
31.08.2023 14:45;25,25
31.08.2023 15:00;15,39
31.08.2023 15:15;14,53
31.08.2023 15:30;20,84
31.08.2023 15:45;13,81
31.08.2023 16:00;12,87
31.08.2023 16:15;19,92
31.08.2023 16:30;10,83
31.08.2023 16:45;19,70
31.08.2023 17:00;18,31
31.08.2023 17:15;15,71
31.08.2023 17:30;20,56
31.08.2023 17:45;15,85
31.08.2023 18:00;13,30
31.08.2023 18:15;5,49
31.08.2023 18:30;4,47
31.08.2023 18:45;9,16
31.08.2023 19:00;5,00
31.08.2023 19:15;5,00
31.08.2023 19:30;5,00
31.08.2023 19:45;6,94
31.08.2023 20:00;5,00
31.08.2023 20:15;5,00
31.08.2023 20:30;5,82
31.08.2023 20:45;5,00
31.08.2023 21:00;5,98
31.08.2023 21:15;5,00
31.08.2023 21:30;6,35
31.08.2023 21:45;5,00
31.08.2023 22:00;7,96
31.08.2023 22:15;5,00
31.08.2023 22:30;6,89
31.08.2023 22:45;7,28
31.08.2023 23:00;5,00
31.08.2023 23:15;7,13
31.08.2023 23:30;5,00
31.08.2023 23:45;5,00
01.09.2023 00:00;9,30
01.09.2023 00:15;7,60
01.09.2023 00:30;9,52
01.09.2023 00:45;5,00
01.09.2023 01:00;5,58
01.09.2023 01:15;6,43
01.09.2023 01:30;5,35
01.09.2023 01:45;5,00
01.09.2023 02:00;5,00
01.09.2023 02:15;5,80
01.09.2023 02:30;5,00
01.09.2023 02:45;5,00
01.09.2023 03:00;6,16
01.09.2023 03:15;5,18
01.09.2023 03:30;7,25
01.09.2023 03:45;5,00
01.09.2023 04:00;5,00
01.09.2023 04:15;6,22
01.09.2023 04:30;5,00
01.09.2023 04:45;5,00
01.09.2023 05:00;5,00
01.09.2023 05:15;5,00
01.09.2023 05:30;8,66
01.09.2023 05:45;3,97
01.09.2023 06:00;5,55
01.09.2023 06:15;2,99
01.09.2023 06:30;3,82
01.09.2023 06:45;9,80
01.09.2023 07:00;15,20
01.09.2023 07:15;13,10
01.09.2023 07:30;7,54
01.09.2023 07:45;9,24
01.09.2023 08:00;12,24
01.09.2023 08:15;10,72
01.09.2023 08:30;13,76
01.09.2023 08:45;4,78
01.09.2023 09:00;11,33
01.09.2023 09:15;12,02
01.09.2023 09:30;11,42
01.09.2023 09:45;12,88
01.09.2023 10:00;10,82
01.09.2023 10:15;12,85
01.09.2023 10:30;21,20
01.09.2023 10:45;15,62
01.09.2023 11:00;24,55
01.09.2023 11:15;11,01
01.09.2023 11:30;10,89
01.09.2023 11:45;14,55
01.09.2023 12:00;18,94
01.09.2023 12:15;19,60
01.09.2023 12:30;17,02
01.09.2023 12:45;10,97
01.09.2023 13:00;9,87
01.09.2023 13:15;23,71
01.09.2023 13:30;23,30
01.09.2023 13:45;11,95
01.09.2023 14:00;25,97
01.09.2023 14:15;12,25
01.09.2023 14:30;16,79
01.09.2023 14:45;11,85
01.09.2023 15:00;18,30
01.09.2023 15:15;17,40
01.09.2023 15:30;24,15
01.09.2023 15:45;16,23
01.09.2023 16:00;15,99
01.09.2023 16:15;16,92
01.09.2023 16:30;13,16
01.09.2023 16:45;17,93
01.09.2023 17:00;17,00
01.09.2023 17:15;15,07
01.09.2023 17:30;17,87
01.09.2023 17:45;13,15
01.09.2023 18:00;17,54
01.09.2023 18:15;4,33
01.09.2023 18:30;5,69
01.09.2023 18:45;6,24
01.09.2023 19:00;5,00
01.09.2023 19:15;5,00
01.09.2023 19:30;6,40
01.09.2023 19:45;5,42
01.09.2023 20:00;5,00
01.09.2023 20:15;6,69
01.09.2023 20:30;6,84
01.09.2023 20:45;5,00
01.09.2023 21:00;5,00
01.09.2023 21:15;5,00
01.09.2023 21:30;5,44
01.09.2023 21:45;5,00
01.09.2023 22:00;5,57
01.09.2023 22:15;7,81
01.09.2023 22:30;5,00
01.09.2023 22:45;5,00
01.09.2023 23:00;9,37
01.09.2023 23:15;8,39
01.09.2023 23:30;5,00
01.09.2023 23:45;5,65
02.09.2023 00:00;5,00
02.09.2023 00:15;5,00
02.09.2023 00:30;5,78
02.09.2023 00:45;5,00
02.09.2023 01:00;5,00
02.09.2023 01:15;5,00
02.09.2023 01:30;5,00
02.09.2023 01:45;5,00
02.09.2023 02:00;5,00
02.09.2023 02:15;5,00
02.09.2023 02:30;5,00
02.09.2023 02:45;5,00
02.09.2023 03:00;5,00
02.09.2023 03:15;5,00
02.09.2023 03:30;5,93
02.09.2023 03:45;5,00
02.09.2023 04:00;5,00
02.09.2023 04:15;5,00
02.09.2023 04:30;5,00
02.09.2023 04:45;5,00
02.09.2023 05:00;6,41
02.09.2023 05:15;5,00
02.09.2023 05:30;4,64
02.09.2023 05:45;3,89
02.09.2023 06:00;2,87
02.09.2023 06:15;2,46
02.09.2023 06:30;0,22
02.09.2023 06:45;4,31
02.09.2023 07:00;2,19
02.09.2023 07:15;0,00
02.09.2023 07:30;4,66
02.09.2023 07:45;0,00
02.09.2023 08:00;2,20
02.09.2023 08:15;0,00
02.09.2023 08:30;0,00
02.09.2023 08:45;0,87
02.09.2023 09:00;0,00
02.09.2023 09:15;0,00
02.09.2023 09:30;0,00
02.09.2023 09:45;0,00
02.09.2023 10:00;0,65
02.09.2023 10:15;0,00
02.09.2023 10:30;0,00
02.09.2023 10:45;5,03
02.09.2023 11:00;1,71
02.09.2023 11:15;5,28
02.09.2023 11:30;0,00
02.09.2023 11:45;1,41
02.09.2023 12:00;0,00
02.09.2023 12:15;6,07
02.09.2023 12:30;0,00
02.09.2023 12:45;4,21
02.09.2023 13:00;0,00
02.09.2023 13:15;2,72
02.09.2023 13:30;0,00
02.09.2023 13:45;3,90
02.09.2023 14:00;0,00
02.09.2023 14:15;0,15
02.09.2023 14:30;0,00
02.09.2023 14:45;2,35
02.09.2023 15:00;0,00
02.09.2023 15:15;4,98
02.09.2023 15:30;4,35
02.09.2023 15:45;3,71
02.09.2023 16:00;0,00
02.09.2023 16:15;6,49
02.09.2023 16:30;0,00
02.09.2023 16:45;1,75
02.09.2023 17:00;2,72
02.09.2023 17:15;4,98
02.09.2023 17:30;6,13
02.09.2023 17:45;3,31
02.09.2023 18:00;3,54
02.09.2023 18:15;3,76
02.09.2023 18:30;4,71
02.09.2023 18:45;5,00
02.09.2023 19:00;5,00
02.09.2023 19:15;5,00
02.09.2023 19:30;5,00
02.09.2023 19:45;5,00
02.09.2023 20:00;5,00
02.09.2023 20:15;5,00
02.09.2023 20:30;5,00
02.09.2023 20:45;5,60
02.09.2023 21:00;5,00
02.09.2023 21:15;5,00
02.09.2023 21:30;5,00
02.09.2023 21:45;5,42
02.09.2023 22:00;5,00
02.09.2023 22:15;5,00
02.09.2023 22:30;5,00
02.09.2023 22:45;5,00
02.09.2023 23:00;5,00
02.09.2023 23:15;5,00
02.09.2023 23:30;5,00
02.09.2023 23:45;5,56
03.09.2023 00:00;5,00
03.09.2023 00:15;5,00
03.09.2023 00:30;5,00
03.09.2023 00:45;5,00
03.09.2023 01:00;5,00
03.09.2023 01:15;5,00
03.09.2023 01:30;5,00
03.09.2023 01:45;5,00
03.09.2023 02:00;5,00
03.09.2023 02:15;5,00
03.09.2023 02:30;5,00
03.09.2023 02:45;5,00
03.09.2023 03:00;5,00
03.09.2023 03:15;5,00
03.09.2023 03:30;5,00
03.09.2023 03:45;5,00
03.09.2023 04:00;5,00
03.09.2023 04:15;5,00
03.09.2023 04:30;5,00
03.09.2023 04:45;5,48
03.09.2023 05:00;5,00
03.09.2023 05:15;5,00
03.09.2023 05:30;4,79
03.09.2023 05:45;3,43
03.09.2023 06:00;2,25
03.09.2023 06:15;2,16
03.09.2023 06:30;0,00
03.09.2023 06:45;0,55
03.09.2023 07:00;3,49
03.09.2023 07:15;2,07
03.09.2023 07:30;0,00
03.09.2023 07:45;7,75
03.09.2023 08:00;0,00
03.09.2023 08:15;0,00
03.09.2023 08:30;0,00
03.09.2023 08:45;0,00
03.09.2023 09:00;0,00
03.09.2023 09:15;2,88
03.09.2023 09:30;2,39
03.09.2023 09:45;0,00
03.09.2023 10:00;0,00
03.09.2023 10:15;1,80
03.09.2023 10:30;0,00
03.09.2023 10:45;0,00
03.09.2023 11:00;0,00
03.09.2023 11:15;1,75
03.09.2023 11:30;0,00
03.09.2023 11:45;0,00
03.09.2023 12:00;2,78
03.09.2023 12:15;4,87
03.09.2023 12:30;0,00
03.09.2023 12:45;1,99
03.09.2023 13:00;0,00
03.09.2023 13:15;0,00
03.09.2023 13:30;6,14
03.09.2023 13:45;0,00
03.09.2023 14:00;0,00
03.09.2023 14:15;4,30
03.09.2023 14:30;0,00
03.09.2023 14:45;0,37
03.09.2023 15:00;0,00
03.09.2023 15:15;0,00
03.09.2023 15:30;0,91
03.09.2023 15:45;2,35
03.09.2023 16:00;0,00
03.09.2023 16:15;4,55
03.09.2023 16:30;6,45
03.09.2023 16:45;7,10
03.09.2023 17:00;4,91
03.09.2023 17:15;0,98
03.09.2023 17:30;4,58
03.09.2023 17:45;2,97
03.09.2023 18:00;4,34
03.09.2023 18:15;3,57
03.09.2023 18:30;4,72
03.09.2023 18:45;5,00
03.09.2023 19:00;5,10
03.09.2023 19:15;5,00
03.09.2023 19:30;5,00
03.09.2023 19:45;5,00
03.09.2023 20:00;5,00
03.09.2023 20:15;5,00
03.09.2023 20:30;5,00
03.09.2023 20:45;5,00
03.09.2023 21:00;5,85
03.09.2023 21:15;5,00
03.09.2023 21:30;5,00
03.09.2023 21:45;5,00
03.09.2023 22:00;5,00
03.09.2023 22:15;5,00
03.09.2023 22:30;5,00
03.09.2023 22:45;5,00
03.09.2023 23:00;5,00
03.09.2023 23:15;5,00
03.09.2023 23:30;5,00
03.09.2023 23:45;5,00
04.09.2023 00:00;7,12
04.09.2023 00:15;9,00
04.09.2023 00:30;5,00
04.09.2023 00:45;7,93
04.09.2023 01:00;5,00
04.09.2023 01:15;6,10
04.09.2023 01:30;5,00
04.09.2023 01:45;6,46
04.09.2023 02:00;5,00
04.09.2023 02:15;6,04
04.09.2023 02:30;5,92
04.09.2023 02:45;5,79
04.09.2023 03:00;5,00
04.09.2023 03:15;6,51
04.09.2023 03:30;6,19
04.09.2023 03:45;5,00
04.09.2023 04:00;6,75
04.09.2023 04:15;5,22
04.09.2023 04:30;6,46
04.09.2023 04:45;5,16
04.09.2023 05:00;5,84
04.09.2023 05:15;6,56
04.09.2023 05:30;4,93
04.09.2023 05:45;3,76
04.09.2023 06:00;5,28
04.09.2023 06:15;3,86
04.09.2023 06:30;1,30
04.09.2023 06:45;2,75
04.09.2023 07:00;10,31
04.09.2023 07:15;13,14
04.09.2023 07:30;11,54
04.09.2023 07:45;13,13
04.09.2023 08:00;14,03
04.09.2023 08:15;17,40
04.09.2023 08:30;15,54
04.09.2023 08:45;19,04
04.09.2023 09:00;16,77
04.09.2023 09:15;15,16
04.09.2023 09:30;17,87
04.09.2023 09:45;9,22
04.09.2023 10:00;21,35
04.09.2023 10:15;13,93
04.09.2023 10:30;23,20
04.09.2023 10:45;8,96
04.09.2023 11:00;13,72
04.09.2023 11:15;23,57
04.09.2023 11:30;17,22
04.09.2023 11:45;20,14
04.09.2023 12:00;13,32
04.09.2023 12:15;21,25
04.09.2023 12:30;11,51
04.09.2023 12:45;26,58
04.09.2023 13:00;23,09
04.09.2023 13:15;20,52
04.09.2023 13:30;14,60
04.09.2023 13:45;17,43
04.09.2023 14:00;19,42
04.09.2023 14:15;21,94
04.09.2023 14:30;24,44
04.09.2023 14:45;16,42
04.09.2023 15:00;21,36
04.09.2023 15:15;24,99
04.09.2023 15:30;11,82
04.09.2023 15:45;20,99
04.09.2023 16:00;16,61
04.09.2023 16:15;13,44
04.09.2023 16:30;11,83
04.09.2023 16:45;18,18
04.09.2023 17:00;13,20
04.09.2023 17:15;24,65
04.09.2023 17:30;20,93
04.09.2023 17:45;16,95
04.09.2023 18:00;14,97
04.09.2023 18:15;7,07
04.09.2023 18:30;4,92
04.09.2023 18:45;7,56
04.09.2023 19:00;7,26
04.09.2023 19:15;5,10
04.09.2023 19:30;7,69
04.09.2023 19:45;5,00
04.09.2023 20:00;5,00
04.09.2023 20:15;7,36
04.09.2023 20:30;5,24
04.09.2023 20:45;6,61
04.09.2023 21:00;9,05
04.09.2023 21:15;5,00
04.09.2023 21:30;5,12
04.09.2023 21:45;8,55
04.09.2023 22:00;6,74
04.09.2023 22:15;5,00
04.09.2023 22:30;5,00
04.09.2023 22:45;5,00
04.09.2023 23:00;5,00
04.09.2023 23:15;5,88
04.09.2023 23:30;5,56
04.09.2023 23:45;5,97
05.09.2023 00:00;5,00
05.09.2023 00:15;5,28
05.09.2023 00:30;5,00
05.09.2023 00:45;5,71
05.09.2023 01:00;7,77
05.09.2023 01:15;5,00
05.09.2023 01:30;6,39
05.09.2023 01:45;5,00
05.09.2023 02:00;7,02
05.09.2023 02:15;5,74
05.09.2023 02:30;6,23
05.09.2023 02:45;5,55
05.09.2023 03:00;8,08
05.09.2023 03:15;6,11
05.09.2023 03:30;5,00
05.09.2023 03:45;5,62
05.09.2023 04:00;5,00
05.09.2023 04:15;5,74
05.09.2023 04:30;5,00
05.09.2023 04:45;5,00
05.09.2023 05:00;5,82
05.09.2023 05:15;5,53
05.09.2023 05:30;7,54
05.09.2023 05:45;3,92
05.09.2023 06:00;4,08
05.09.2023 06:15;3,52
05.09.2023 06:30;1,89
05.09.2023 06:45;2,32
05.09.2023 07:00;12,76
05.09.2023 07:15;11,37
05.09.2023 07:30;12,72
05.09.2023 07:45;16,88
05.09.2023 08:00;16,63
05.09.2023 08:15;13,45
05.09.2023 08:30;13,10
05.09.2023 08:45;22,45
05.09.2023 09:00;20,51
05.09.2023 09:15;13,73
05.09.2023 09:30;11,54
05.09.2023 09:45;13,72
05.09.2023 10:00;18,47
05.09.2023 10:15;16,56
05.09.2023 10:30;8,09
05.09.2023 10:45;19,51
05.09.2023 11:00;17,43
05.09.2023 11:15;20,95
05.09.2023 11:30;24,35
05.09.2023 11:45;11,78
05.09.2023 12:00;13,21
05.09.2023 12:15;28,11
05.09.2023 12:30;16,38
05.09.2023 12:45;11,65
05.09.2023 13:00;13,91
05.09.2023 13:15;11,88
05.09.2023 13:30;19,73
05.09.2023 13:45;10,55
05.09.2023 14:00;9,44
05.09.2023 14:15;15,81
05.09.2023 14:30;19,23
05.09.2023 14:45;13,37
05.09.2023 15:00;16,11
05.09.2023 15:15;14,68
05.09.2023 15:30;14,62
05.09.2023 15:45;19,89
05.09.2023 16:00;16,79
05.09.2023 16:15;19,17
05.09.2023 16:30;15,86
05.09.2023 16:45;18,18
05.09.2023 17:00;16,00
05.09.2023 17:15;18,78
05.09.2023 17:30;17,66
05.09.2023 17:45;17,54
05.09.2023 18:00;14,42
05.09.2023 18:15;4,25
05.09.2023 18:30;4,99
05.09.2023 18:45;7,56
05.09.2023 19:00;5,11
05.09.2023 19:15;5,60
05.09.2023 19:30;5,00
05.09.2023 19:45;5,55
05.09.2023 20:00;5,00
05.09.2023 20:15;5,00
05.09.2023 20:30;5,00
05.09.2023 20:45;6,31
05.09.2023 21:00;6,52
05.09.2023 21:15;6,58
05.09.2023 21:30;5,00
05.09.2023 21:45;5,41
05.09.2023 22:00;5,03
05.09.2023 22:15;5,00
05.09.2023 22:30;5,45
05.09.2023 22:45;5,00
05.09.2023 23:00;6,44
05.09.2023 23:15;5,58
05.09.2023 23:30;5,00
05.09.2023 23:45;7,27
06.09.2023 00:00;5,00
06.09.2023 00:15;5,30
06.09.2023 00:30;5,00
06.09.2023 00:45;5,00
06.09.2023 01:00;6,48
06.09.2023 01:15;5,00
06.09.2023 01:30;5,00
06.09.2023 01:45;10,19
06.09.2023 02:00;5,00
06.09.2023 02:15;8,73
06.09.2023 02:30;5,09
06.09.2023 02:45;5,00
06.09.2023 03:00;6,56
06.09.2023 03:15;8,10
06.09.2023 03:30;5,00
06.09.2023 03:45;5,00
06.09.2023 04:00;7,12
06.09.2023 04:15;6,01
06.09.2023 04:30;7,63
06.09.2023 04:45;6,46
06.09.2023 05:00;9,05
06.09.2023 05:15;5,79
06.09.2023 05:30;5,87
06.09.2023 05:45;5,38
06.09.2023 06:00;2,79
06.09.2023 06:15;5,37
06.09.2023 06:30;1,92
06.09.2023 06:45;1,48
06.09.2023 07:00;19,26
06.09.2023 07:15;11,47
06.09.2023 07:30;12,58
06.09.2023 07:45;15,62
06.09.2023 08:00;11,61
06.09.2023 08:15;14,56
06.09.2023 08:30;17,61
06.09.2023 08:45;12,90
06.09.2023 09:00;13,92
06.09.2023 09:15;11,47
06.09.2023 09:30;9,92
06.09.2023 09:45;13,85
06.09.2023 10:00;15,64
06.09.2023 10:15;19,79
06.09.2023 10:30;17,05
06.09.2023 10:45;16,40
06.09.2023 11:00;21,42
06.09.2023 11:15;23,68
06.09.2023 11:30;30,50
06.09.2023 11:45;22,93
06.09.2023 12:00;13,19
06.09.2023 12:15;13,67
06.09.2023 12:30;13,95
06.09.2023 12:45;24,70
06.09.2023 13:00;16,20
06.09.2023 13:15;25,62
06.09.2023 13:30;11,68
06.09.2023 13:45;20,59
06.09.2023 14:00;19,72
06.09.2023 14:15;14,95
06.09.2023 14:30;18,95
06.09.2023 14:45;11,47
06.09.2023 15:00;20,50
06.09.2023 15:15;17,45
06.09.2023 15:30;17,30
06.09.2023 15:45;29,21
06.09.2023 16:00;20,21
06.09.2023 16:15;21,13
06.09.2023 16:30;13,97
06.09.2023 16:45;21,88
06.09.2023 17:00;17,73
06.09.2023 17:15;17,17
06.09.2023 17:30;15,04
06.09.2023 17:45;13,31
06.09.2023 18:00;15,69
06.09.2023 18:15;8,47
06.09.2023 18:30;5,00
06.09.2023 18:45;5,00
06.09.2023 19:00;5,00
06.09.2023 19:15;5,00
06.09.2023 19:30;5,46
06.09.2023 19:45;7,61
06.09.2023 20:00;5,00
06.09.2023 20:15;5,00
06.09.2023 20:30;6,01
06.09.2023 20:45;5,32
06.09.2023 21:00;7,44
06.09.2023 21:15;5,00
06.09.2023 21:30;5,00
06.09.2023 21:45;5,13
06.09.2023 22:00;5,61
06.09.2023 22:15;5,00
06.09.2023 22:30;5,00
06.09.2023 22:45;5,00
06.09.2023 23:00;5,00
06.09.2023 23:15;6,86
06.09.2023 23:30;7,13
06.09.2023 23:45;5,00
07.09.2023 00:00;8,04
07.09.2023 00:15;5,39
07.09.2023 00:30;5,00
07.09.2023 00:45;5,00
07.09.2023 01:00;7,88
07.09.2023 01:15;5,00
07.09.2023 01:30;5,00
07.09.2023 01:45;5,00
07.09.2023 02:00;5,00
07.09.2023 02:15;6,25
07.09.2023 02:30;5,00
07.09.2023 02:45;5,00
07.09.2023 03:00;5,00
07.09.2023 03:15;7,93
07.09.2023 03:30;5,00
07.09.2023 03:45;5,00
07.09.2023 04:00;7,86
07.09.2023 04:15;6,43
07.09.2023 04:30;5,80
07.09.2023 04:45;5,00
07.09.2023 05:00;5,50
07.09.2023 05:15;5,00
07.09.2023 05:30;5,00
07.09.2023 05:45;4,55
07.09.2023 06:00;5,60
07.09.2023 06:15;2,63
07.09.2023 06:30;3,79
07.09.2023 06:45;2,10
07.09.2023 07:00;13,43
07.09.2023 07:15;17,24
07.09.2023 07:30;10,30
07.09.2023 07:45;11,55
07.09.2023 08:00;10,48
07.09.2023 08:15;8,25
07.09.2023 08:30;10,46
07.09.2023 08:45;9,24
07.09.2023 09:00;11,08
07.09.2023 09:15;17,32
07.09.2023 09:30;18,43
07.09.2023 09:45;19,15
07.09.2023 10:00;18,66
07.09.2023 10:15;10,96
07.09.2023 10:30;17,65
07.09.2023 10:45;23,24
07.09.2023 11:00;30,84
07.09.2023 11:15;16,95
07.09.2023 11:30;23,20
07.09.2023 11:45;15,87
07.09.2023 12:00;11,79
07.09.2023 12:15;11,52
07.09.2023 12:30;24,00
07.09.2023 12:45;24,02
07.09.2023 13:00;22,33
07.09.2023 13:15;15,92
07.09.2023 13:30;14,15
07.09.2023 13:45;19,65
07.09.2023 14:00;20,05
07.09.2023 14:15;15,10
07.09.2023 14:30;11,14
07.09.2023 14:45;16,38
07.09.2023 15:00;16,29
07.09.2023 15:15;25,32
07.09.2023 15:30;20,96
07.09.2023 15:45;23,76
07.09.2023 16:00;16,62
07.09.2023 16:15;19,32
07.09.2023 16:30;19,91
07.09.2023 16:45;17,72
07.09.2023 17:00;19,87
07.09.2023 17:15;20,93
07.09.2023 17:30;16,11
07.09.2023 17:45;18,48
07.09.2023 18:00;16,72
07.09.2023 18:15;6,90
07.09.2023 18:30;9,03
07.09.2023 18:45;5,00
07.09.2023 19:00;6,73
07.09.2023 19:15;5,00
07.09.2023 19:30;5,00
07.09.2023 19:45;5,05
07.09.2023 20:00;5,00
07.09.2023 20:15;5,00
07.09.2023 20:30;6,63
07.09.2023 20:45;5,00
07.09.2023 21:00;6,86
07.09.2023 21:15;6,04
07.09.2023 21:30;9,15
07.09.2023 21:45;6,49
07.09.2023 22:00;7,67
07.09.2023 22:15;6,25
07.09.2023 22:30;6,07
07.09.2023 22:45;7,77
07.09.2023 23:00;6,78
07.09.2023 23:15;5,86
07.09.2023 23:30;5,85
07.09.2023 23:45;6,52
08.09.2023 00:00;5,00
08.09.2023 00:15;5,00
08.09.2023 00:30;8,31
08.09.2023 00:45;9,18
08.09.2023 01:00;5,00
08.09.2023 01:15;5,00
08.09.2023 01:30;7,74
08.09.2023 01:45;6,52
08.09.2023 02:00;6,81
08.09.2023 02:15;7,25
08.09.2023 02:30;5,00
08.09.2023 02:45;6,12
08.09.2023 03:00;5,96
08.09.2023 03:15;5,00
08.09.2023 03:30;6,09
08.09.2023 03:45;7,93
08.09.2023 04:00;5,00
08.09.2023 04:15;5,76
08.09.2023 04:30;5,87
08.09.2023 04:45;5,00
08.09.2023 05:00;6,81
08.09.2023 05:15;5,00
08.09.2023 05:30;8,12
08.09.2023 05:45;5,92
08.09.2023 06:00;3,23
08.09.2023 06:15;7,72
08.09.2023 06:30;2,11
08.09.2023 06:45;0,61
08.09.2023 07:00;15,69
08.09.2023 07:15;14,88
08.09.2023 07:30;8,49
08.09.2023 07:45;10,99
08.09.2023 08:00;16,40
08.09.2023 08:15;11,75
08.09.2023 08:30;16,76
08.09.2023 08:45;15,82
08.09.2023 09:00;9,28
08.09.2023 09:15;10,96
08.09.2023 09:30;16,55
08.09.2023 09:45;8,53
08.09.2023 10:00;15,88
08.09.2023 10:15;17,38
08.09.2023 10:30;10,05
08.09.2023 10:45;14,73
08.09.2023 11:00;19,15
08.09.2023 11:15;12,43
08.09.2023 11:30;20,01
08.09.2023 11:45;19,69
08.09.2023 12:00;14,69
08.09.2023 12:15;13,25
08.09.2023 12:30;19,62
08.09.2023 12:45;24,54
08.09.2023 13:00;22,73
08.09.2023 13:15;21,44
08.09.2023 13:30;18,11
08.09.2023 13:45;22,74
08.09.2023 14:00;12,62
08.09.2023 14:15;17,01
08.09.2023 14:30;17,63
08.09.2023 14:45;19,58
08.09.2023 15:00;29,05
08.09.2023 15:15;15,49
08.09.2023 15:30;17,49
08.09.2023 15:45;20,86
08.09.2023 16:00;15,77
08.09.2023 16:15;16,64
08.09.2023 16:30;19,35
08.09.2023 16:45;13,36
08.09.2023 17:00;15,34
08.09.2023 17:15;18,31
08.09.2023 17:30;17,56
08.09.2023 17:45;19,57
08.09.2023 18:00;13,19
08.09.2023 18:15;4,21
08.09.2023 18:30;5,00
08.09.2023 18:45;6,29
08.09.2023 19:00;5,01
08.09.2023 19:15;5,00
08.09.2023 19:30;8,30
08.09.2023 19:45;8,48
08.09.2023 20:00;5,00
08.09.2023 20:15;5,00
08.09.2023 20:30;5,00
08.09.2023 20:45;5,93
08.09.2023 21:00;6,77
08.09.2023 21:15;5,58
08.09.2023 21:30;5,31
08.09.2023 21:45;5,00
08.09.2023 22:00;6,77
08.09.2023 22:15;8,81
08.09.2023 22:30;5,00
08.09.2023 22:45;5,30
08.09.2023 23:00;5,00
08.09.2023 23:15;5,00
08.09.2023 23:30;5,00
08.09.2023 23:45;6,21
09.09.2023 00:00;5,00
09.09.2023 00:15;5,11
09.09.2023 00:30;5,00
09.09.2023 00:45;5,00
09.09.2023 01:00;5,00
09.09.2023 01:15;5,00
09.09.2023 01:30;5,00
09.09.2023 01:45;5,00
09.09.2023 02:00;5,00
09.09.2023 02:15;5,00
09.09.2023 02:30;5,00
09.09.2023 02:45;5,00
09.09.2023 03:00;5,00
09.09.2023 03:15;5,00
09.09.2023 03:30;5,00
09.09.2023 03:45;5,00
09.09.2023 04:00;5,00
09.09.2023 04:15;5,00
09.09.2023 04:30;5,38
09.09.2023 04:45;5,00
09.09.2023 05:00;5,00
09.09.2023 05:15;5,00
09.09.2023 05:30;5,00
09.09.2023 05:45;4,42
09.09.2023 06:00;3,53
09.09.2023 06:15;2,77
09.09.2023 06:30;3,29
09.09.2023 06:45;0,00
09.09.2023 07:00;3,13
09.09.2023 07:15;2,38
09.09.2023 07:30;1,20
09.09.2023 07:45;0,00
09.09.2023 08:00;5,06
09.09.2023 08:15;2,23
09.09.2023 08:30;0,00
09.09.2023 08:45;2,06
09.09.2023 09:00;0,00
09.09.2023 09:15;0,00
09.09.2023 09:30;0,00
09.09.2023 09:45;3,94
09.09.2023 10:00;0,00
09.09.2023 10:15;0,00
09.09.2023 10:30;0,00
09.09.2023 10:45;1,23
09.09.2023 11:00;0,00
09.09.2023 11:15;1,83
09.09.2023 11:30;0,00
09.09.2023 11:45;0,00
09.09.2023 12:00;0,00
09.09.2023 12:15;8,61
09.09.2023 12:30;0,00
09.09.2023 12:45;0,82
09.09.2023 13:00;0,00
09.09.2023 13:15;1,86
09.09.2023 13:30;1,09
09.09.2023 13:45;3,91
09.09.2023 14:00;0,00
09.09.2023 14:15;0,00
09.09.2023 14:30;0,00
09.09.2023 14:45;0,00
09.09.2023 15:00;1,77
09.09.2023 15:15;0,87
09.09.2023 15:30;0,00
09.09.2023 15:45;8,40
09.09.2023 16:00;9,66
09.09.2023 16:15;0,51
09.09.2023 16:30;1,43
09.09.2023 16:45;5,25
09.09.2023 17:00;5,51
09.09.2023 17:15;3,13
09.09.2023 17:30;5,72
09.09.2023 17:45;7,42
09.09.2023 18:00;7,69
09.09.2023 18:15;4,81
09.09.2023 18:30;5,00
09.09.2023 18:45;5,00
09.09.2023 19:00;5,00
09.09.2023 19:15;5,00
09.09.2023 19:30;5,00
09.09.2023 19:45;5,00
09.09.2023 20:00;5,49
09.09.2023 20:15;8,26
09.09.2023 20:30;5,00
09.09.2023 20:45;5,00
09.09.2023 21:00;5,00
09.09.2023 21:15;5,00
09.09.2023 21:30;5,00
09.09.2023 21:45;5,01
09.09.2023 22:00;5,00
09.09.2023 22:15;5,00
09.09.2023 22:30;5,00
09.09.2023 22:45;5,00
09.09.2023 23:00;5,00
09.09.2023 23:15;5,00
09.09.2023 23:30;5,00
09.09.2023 23:45;5,39
10.09.2023 00:00;5,00
10.09.2023 00:15;5,00
10.09.2023 00:30;5,00
10.09.2023 00:45;5,00
10.09.2023 01:00;5,00
10.09.2023 01:15;5,00
10.09.2023 01:30;5,00
10.09.2023 01:45;5,00
10.09.2023 02:00;5,00
10.09.2023 02:15;5,00
10.09.2023 02:30;5,00
10.09.2023 02:45;5,00
10.09.2023 03:00;5,00
10.09.2023 03:15;5,00
10.09.2023 03:30;5,00
10.09.2023 03:45;5,00
10.09.2023 04:00;5,00
10.09.2023 04:15;5,00
10.09.2023 04:30;5,00
10.09.2023 04:45;5,00
10.09.2023 05:00;5,00
10.09.2023 05:15;5,00
10.09.2023 05:30;5,00
10.09.2023 05:45;4,60
10.09.2023 06:00;3,60
10.09.2023 06:15;3,38
10.09.2023 06:30;0,76
10.09.2023 06:45;2,65
10.09.2023 07:00;0,22
10.09.2023 07:15;2,35
10.09.2023 07:30;2,01
10.09.2023 07:45;0,00
10.09.2023 08:00;0,04
10.09.2023 08:15;4,64
10.09.2023 08:30;0,00
10.09.2023 08:45;0,00
10.09.2023 09:00;3,11
10.09.2023 09:15;0,00
10.09.2023 09:30;0,00
10.09.2023 09:45;3,38
10.09.2023 10:00;0,00
10.09.2023 10:15;0,00
10.09.2023 10:30;0,00
10.09.2023 10:45;0,00
10.09.2023 11:00;7,45
10.09.2023 11:15;0,00
10.09.2023 11:30;6,94
10.09.2023 11:45;1,05
10.09.2023 12:00;0,00
10.09.2023 12:15;7,58
10.09.2023 12:30;1,28
10.09.2023 12:45;0,53
10.09.2023 13:00;0,00
10.09.2023 13:15;0,00
10.09.2023 13:30;0,00
10.09.2023 13:45;0,00
10.09.2023 14:00;0,00
10.09.2023 14:15;0,30
10.09.2023 14:30;0,00
10.09.2023 14:45;0,00
10.09.2023 15:00;0,00
10.09.2023 15:15;2,60
10.09.2023 15:30;7,53
10.09.2023 15:45;4,09
10.09.2023 16:00;0,79
10.09.2023 16:15;3,40
10.09.2023 16:30;6,73
10.09.2023 16:45;6,08
10.09.2023 17:00;2,39
10.09.2023 17:15;7,96
10.09.2023 17:30;5,18
10.09.2023 17:45;2,04
10.09.2023 18:00;7,03
10.09.2023 18:15;4,72
10.09.2023 18:30;5,00
10.09.2023 18:45;5,00
10.09.2023 19:00;5,00
10.09.2023 19:15;5,00
10.09.2023 19:30;5,00
10.09.2023 19:45;5,00
10.09.2023 20:00;7,13
10.09.2023 20:15;5,00
10.09.2023 20:30;5,00
10.09.2023 20:45;5,00
10.09.2023 21:00;5,00
10.09.2023 21:15;5,00
10.09.2023 21:30;5,00
10.09.2023 21:45;5,00
10.09.2023 22:00;5,00
10.09.2023 22:15;5,00
10.09.2023 22:30;5,00
10.09.2023 22:45;5,00
10.09.2023 23:00;5,00
10.09.2023 23:15;5,00
10.09.2023 23:30;6,54
10.09.2023 23:45;5,00
11.09.2023 00:00;6,37
11.09.2023 00:15;5,00
11.09.2023 00:30;5,00
11.09.2023 00:45;6,70
11.09.2023 01:00;6,60
11.09.2023 01:15;5,00
11.09.2023 01:30;5,00
11.09.2023 01:45;6,74
11.09.2023 02:00;6,60
11.09.2023 02:15;5,00
11.09.2023 02:30;6,38
11.09.2023 02:45;5,00
11.09.2023 03:00;5,00
11.09.2023 03:15;5,50
11.09.2023 03:30;6,53
11.09.2023 03:45;6,11
11.09.2023 04:00;6,51
11.09.2023 04:15;5,00
11.09.2023 04:30;8,66
11.09.2023 04:45;5,00
11.09.2023 05:00;5,26
11.09.2023 05:15;5,00
11.09.2023 05:30;5,11
11.09.2023 05:45;6,28
11.09.2023 06:00;6,50
11.09.2023 06:15;7,07
11.09.2023 06:30;3,18
11.09.2023 06:45;3,45
11.09.2023 07:00;10,87
11.09.2023 07:15;11,42
11.09.2023 07:30;18,72
11.09.2023 07:45;14,62
11.09.2023 08:00;16,14
11.09.2023 08:15;16,28
11.09.2023 08:30;13,49
11.09.2023 08:45;10,60
11.09.2023 09:00;17,02
11.09.2023 09:15;15,15
11.09.2023 09:30;16,13
11.09.2023 09:45;15,25
11.09.2023 10:00;13,47
11.09.2023 10:15;10,98
11.09.2023 10:30;25,03
11.09.2023 10:45;13,89
11.09.2023 11:00;13,97
11.09.2023 11:15;21,02
11.09.2023 11:30;13,31
11.09.2023 11:45;24,18
11.09.2023 12:00;17,63
11.09.2023 12:15;20,11
11.09.2023 12:30;14,97
11.09.2023 12:45;12,81
11.09.2023 13:00;20,36
11.09.2023 13:15;19,39
11.09.2023 13:30;18,56
11.09.2023 13:45;24,57
11.09.2023 14:00;20,09
11.09.2023 14:15;22,27
11.09.2023 14:30;21,64
11.09.2023 14:45;22,42
11.09.2023 15:00;18,46
11.09.2023 15:15;15,42
11.09.2023 15:30;22,41
11.09.2023 15:45;17,90
11.09.2023 16:00;13,76
11.09.2023 16:15;18,73
11.09.2023 16:30;22,46
11.09.2023 16:45;23,01
11.09.2023 17:00;17,31
11.09.2023 17:15;17,87
11.09.2023 17:30;16,39
11.09.2023 17:45;19,11
11.09.2023 18:00;15,60
11.09.2023 18:15;4,71
11.09.2023 18:30;5,00
11.09.2023 18:45;7,26
11.09.2023 19:00;7,81
11.09.2023 19:15;7,18
11.09.2023 19:30;5,00
11.09.2023 19:45;6,71
11.09.2023 20:00;5,00
11.09.2023 20:15;5,61
11.09.2023 20:30;5,90
11.09.2023 20:45;6,11
11.09.2023 21:00;6,56
11.09.2023 21:15;5,48
11.09.2023 21:30;5,00
11.09.2023 21:45;6,56
11.09.2023 22:00;5,69
11.09.2023 22:15;5,00
11.09.2023 22:30;5,00
11.09.2023 22:45;8,57
11.09.2023 23:00;7,96
11.09.2023 23:15;6,91
11.09.2023 23:30;5,00
11.09.2023 23:45;5,00
12.09.2023 00:00;7,04
12.09.2023 00:15;6,24
12.09.2023 00:30;5,00
12.09.2023 00:45;7,76
12.09.2023 01:00;7,20
12.09.2023 01:15;5,86
12.09.2023 01:30;5,58
12.09.2023 01:45;5,61
12.09.2023 02:00;6,87
12.09.2023 02:15;5,00
12.09.2023 02:30;6,36
12.09.2023 02:45;5,00
12.09.2023 03:00;8,18
12.09.2023 03:15;6,57
12.09.2023 03:30;5,00
12.09.2023 03:45;5,67
12.09.2023 04:00;5,00
12.09.2023 04:15;8,51
12.09.2023 04:30;8,75
12.09.2023 04:45;6,90
12.09.2023 05:00;8,62
12.09.2023 05:15;5,81
12.09.2023 05:30;7,03
12.09.2023 05:45;7,80
12.09.2023 06:00;4,43
12.09.2023 06:15;4,02
12.09.2023 06:30;3,84
12.09.2023 06:45;4,31
12.09.2023 07:00;12,19
12.09.2023 07:15;7,61
12.09.2023 07:30;16,37
12.09.2023 07:45;11,55
12.09.2023 08:00;16,59
12.09.2023 08:15;10,74
12.09.2023 08:30;13,45
12.09.2023 08:45;13,03
12.09.2023 09:00;14,69
12.09.2023 09:15;18,09
12.09.2023 09:30;15,84
12.09.2023 09:45;16,02
12.09.2023 10:00;8,49
12.09.2023 10:15;11,46
12.09.2023 10:30;18,91
12.09.2023 10:45;27,72
12.09.2023 11:00;18,78
12.09.2023 11:15;15,15
12.09.2023 11:30;17,07
12.09.2023 11:45;18,97
12.09.2023 12:00;21,75
12.09.2023 12:15;23,88
12.09.2023 12:30;20,00
12.09.2023 12:45;23,71
12.09.2023 13:00;12,17
12.09.2023 13:15;13,37
12.09.2023 13:30;15,55
12.09.2023 13:45;18,87
12.09.2023 14:00;12,56
12.09.2023 14:15;16,14
12.09.2023 14:30;17,68
12.09.2023 14:45;25,07
12.09.2023 15:00;16,48
12.09.2023 15:15;25,12
12.09.2023 15:30;17,76
12.09.2023 15:45;17,83
12.09.2023 16:00;23,38
12.09.2023 16:15;19,07
12.09.2023 16:30;18,43
12.09.2023 16:45;18,66
12.09.2023 17:00;19,40
12.09.2023 17:15;17,34
12.09.2023 17:30;18,29
12.09.2023 17:45;16,96
12.09.2023 18:00;15,96
12.09.2023 18:15;4,95
12.09.2023 18:30;5,00
12.09.2023 18:45;5,00
12.09.2023 19:00;7,22
12.09.2023 19:15;5,14
12.09.2023 19:30;5,91
12.09.2023 19:45;5,83
12.09.2023 20:00;5,62
12.09.2023 20:15;5,69
12.09.2023 20:30;5,00
12.09.2023 20:45;8,34
12.09.2023 21:00;7,03
12.09.2023 21:15;5,54
12.09.2023 21:30;5,00
12.09.2023 21:45;5,27
12.09.2023 22:00;6,34
12.09.2023 22:15;8,51
12.09.2023 22:30;5,00
12.09.2023 22:45;6,83
12.09.2023 23:00;7,76
12.09.2023 23:15;5,00
12.09.2023 23:30;5,14
12.09.2023 23:45;5,00
13.09.2023 00:00;6,38
13.09.2023 00:15;5,00
13.09.2023 00:30;5,26
13.09.2023 00:45;5,00
13.09.2023 01:00;6,96
13.09.2023 01:15;5,98
13.09.2023 01:30;5,98
13.09.2023 01:45;5,84
13.09.2023 02:00;6,66
13.09.2023 02:15;5,00
13.09.2023 02:30;8,92
13.09.2023 02:45;5,00
13.09.2023 03:00;5,00
13.09.2023 03:15;5,00
13.09.2023 03:30;5,00
13.09.2023 03:45;6,87
13.09.2023 04:00;6,62
13.09.2023 04:15;7,93
13.09.2023 04:30;5,00
13.09.2023 04:45;7,01
13.09.2023 05:00;5,63
13.09.2023 05:15;5,85
13.09.2023 05:30;6,77
13.09.2023 05:45;5,00
13.09.2023 06:00;9,87
13.09.2023 06:15;5,95
13.09.2023 06:30;2,14
13.09.2023 06:45;4,50
13.09.2023 07:00;14,56
13.09.2023 07:15;14,00
13.09.2023 07:30;18,68
13.09.2023 07:45;13,58
13.09.2023 08:00;16,55
13.09.2023 08:15;8,53
13.09.2023 08:30;14,36
13.09.2023 08:45;14,33
13.09.2023 09:00;24,15
13.09.2023 09:15;15,81
13.09.2023 09:30;15,69
13.09.2023 09:45;10,47
13.09.2023 10:00;20,68
13.09.2023 10:15;8,30
13.09.2023 10:30;22,05
13.09.2023 10:45;13,58
13.09.2023 11:00;9,24
13.09.2023 11:15;20,60
13.09.2023 11:30;18,33
13.09.2023 11:45;21,39
13.09.2023 12:00;17,39
13.09.2023 12:15;16,27
13.09.2023 12:30;20,16
13.09.2023 12:45;22,07
13.09.2023 13:00;13,88
13.09.2023 13:15;23,10
13.09.2023 13:30;19,89
13.09.2023 13:45;21,28
13.09.2023 14:00;20,12
13.09.2023 14:15;23,67
13.09.2023 14:30;21,23
13.09.2023 14:45;24,63
13.09.2023 15:00;22,61
13.09.2023 15:15;16,92
13.09.2023 15:30;15,08
13.09.2023 15:45;23,18
13.09.2023 16:00;17,55
13.09.2023 16:15;18,08
13.09.2023 16:30;17,60
13.09.2023 16:45;18,25
13.09.2023 17:00;20,15
13.09.2023 17:15;18,56
13.09.2023 17:30;20,14
13.09.2023 17:45;16,21
13.09.2023 18:00;18,98
13.09.2023 18:15;5,42
13.09.2023 18:30;6,99
13.09.2023 18:45;5,78
13.09.2023 19:00;5,45
13.09.2023 19:15;6,22
13.09.2023 19:30;7,95
13.09.2023 19:45;5,99
13.09.2023 20:00;6,48
13.09.2023 20:15;5,00
13.09.2023 20:30;8,66
13.09.2023 20:45;6,80
13.09.2023 21:00;5,67
13.09.2023 21:15;5,27
13.09.2023 21:30;7,47
13.09.2023 21:45;5,00
13.09.2023 22:00;5,00
13.09.2023 22:15;5,66
13.09.2023 22:30;7,90
13.09.2023 22:45;8,70
13.09.2023 23:00;5,30
13.09.2023 23:15;5,61
13.09.2023 23:30;6,56
13.09.2023 23:45;5,00
14.09.2023 00:00;6,57
14.09.2023 00:15;5,36
14.09.2023 00:30;7,55
14.09.2023 00:45;6,98
14.09.2023 01:00;7,15
14.09.2023 01:15;5,12
14.09.2023 01:30;9,38
14.09.2023 01:45;6,50
14.09.2023 02:00;6,03
14.09.2023 02:15;5,00
14.09.2023 02:30;5,34
14.09.2023 02:45;5,76
14.09.2023 03:00;5,00
14.09.2023 03:15;5,00
14.09.2023 03:30;5,20
14.09.2023 03:45;5,64
14.09.2023 04:00;5,00
14.09.2023 04:15;5,26
14.09.2023 04:30;5,00
14.09.2023 04:45;5,49
14.09.2023 05:00;7,60
14.09.2023 05:15;9,64
14.09.2023 05:30;6,89
14.09.2023 05:45;5,00
14.09.2023 06:00;4,36
14.09.2023 06:15;4,73
14.09.2023 06:30;2,90
14.09.2023 06:45;4,25
14.09.2023 07:00;13,46
14.09.2023 07:15;14,74
14.09.2023 07:30;16,88
14.09.2023 07:45;20,73
14.09.2023 08:00;17,42
14.09.2023 08:15;16,60
14.09.2023 08:30;17,85
14.09.2023 08:45;10,55
14.09.2023 09:00;13,25
14.09.2023 09:15;14,84
14.09.2023 09:30;12,56
14.09.2023 09:45;13,97
14.09.2023 10:00;17,40
14.09.2023 10:15;16,79
14.09.2023 10:30;20,92
14.09.2023 10:45;21,71
14.09.2023 11:00;22,19
14.09.2023 11:15;13,05
14.09.2023 11:30;17,13
14.09.2023 11:45;25,29
14.09.2023 12:00;24,66
14.09.2023 12:15;18,08
14.09.2023 12:30;18,55
14.09.2023 12:45;25,14
14.09.2023 13:00;20,16
14.09.2023 13:15;15,79
14.09.2023 13:30;13,94
14.09.2023 13:45;15,81
14.09.2023 14:00;20,63
14.09.2023 14:15;25,23
14.09.2023 14:30;22,65
14.09.2023 14:45;11,56
14.09.2023 15:00;15,05
14.09.2023 15:15;16,64
14.09.2023 15:30;14,93
14.09.2023 15:45;18,71
14.09.2023 16:00;18,18
14.09.2023 16:15;23,06
14.09.2023 16:30;17,32
14.09.2023 16:45;15,10
14.09.2023 17:00;14,68
14.09.2023 17:15;16,84
14.09.2023 17:30;16,77
14.09.2023 17:45;15,11
14.09.2023 18:00;16,71
14.09.2023 18:15;5,00
14.09.2023 18:30;5,20
14.09.2023 18:45;6,01
14.09.2023 19:00;5,00
14.09.2023 19:15;6,38
14.09.2023 19:30;5,00
14.09.2023 19:45;5,00
14.09.2023 20:00;5,31
14.09.2023 20:15;6,91
14.09.2023 20:30;7,27
14.09.2023 20:45;8,76
14.09.2023 21:00;5,00
14.09.2023 21:15;5,28
14.09.2023 21:30;5,00
14.09.2023 21:45;5,00
14.09.2023 22:00;5,99
14.09.2023 22:15;5,00
14.09.2023 22:30;8,00
14.09.2023 22:45;5,00
14.09.2023 23:00;6,50
14.09.2023 23:15;5,00
14.09.2023 23:30;5,00
14.09.2023 23:45;6,61
15.09.2023 00:00;5,00
15.09.2023 00:15;5,00
15.09.2023 00:30;5,00
15.09.2023 00:45;9,12
15.09.2023 01:00;5,00
15.09.2023 01:15;5,65
15.09.2023 01:30;5,14
15.09.2023 01:45;5,99
15.09.2023 02:00;5,00
15.09.2023 02:15;5,14
15.09.2023 02:30;6,33
15.09.2023 02:45;5,00
15.09.2023 03:00;7,72
15.09.2023 03:15;7,92
15.09.2023 03:30;6,76
15.09.2023 03:45;5,69
15.09.2023 04:00;5,00
15.09.2023 04:15;6,39
15.09.2023 04:30;5,00
15.09.2023 04:45;5,05
15.09.2023 05:00;5,00
15.09.2023 05:15;6,53
15.09.2023 05:30;5,00
15.09.2023 05:45;5,78
15.09.2023 06:00;6,43
15.09.2023 06:15;3,27
15.09.2023 06:30;4,53
15.09.2023 06:45;2,56
15.09.2023 07:00;17,78
15.09.2023 07:15;12,28
15.09.2023 07:30;15,68
15.09.2023 07:45;15,18
15.09.2023 08:00;15,15
15.09.2023 08:15;11,23
15.09.2023 08:30;11,72
15.09.2023 08:45;16,30
15.09.2023 09:00;19,36
15.09.2023 09:15;19,92
15.09.2023 09:30;12,52
15.09.2023 09:45;10,24
15.09.2023 10:00;14,55
15.09.2023 10:15;19,90
15.09.2023 10:30;15,59
15.09.2023 10:45;17,59
15.09.2023 11:00;12,28
15.09.2023 11:15;20,88
15.09.2023 11:30;21,96
15.09.2023 11:45;35,82
15.09.2023 12:00;21,75
15.09.2023 12:15;21,73
15.09.2023 12:30;24,43
15.09.2023 12:45;27,27
15.09.2023 13:00;24,67
15.09.2023 13:15;13,47
15.09.2023 13:30;20,90
15.09.2023 13:45;27,30
15.09.2023 14:00;24,69
15.09.2023 14:15;26,17
15.09.2023 14:30;18,62
15.09.2023 14:45;17,77
15.09.2023 15:00;22,50
15.09.2023 15:15;18,83
15.09.2023 15:30;17,08
15.09.2023 15:45;17,51
15.09.2023 16:00;15,22
15.09.2023 16:15;18,29
15.09.2023 16:30;18,12
15.09.2023 16:45;18,55
15.09.2023 17:00;17,55
15.09.2023 17:15;16,25
15.09.2023 17:30;17,87
15.09.2023 17:45;19,29
15.09.2023 18:00;18,35
15.09.2023 18:15;5,00
15.09.2023 18:30;5,00
15.09.2023 18:45;5,00
15.09.2023 19:00;5,00
15.09.2023 19:15;5,00
15.09.2023 19:30;7,49
15.09.2023 19:45;5,00
15.09.2023 20:00;5,79
15.09.2023 20:15;5,65
15.09.2023 20:30;7,44
15.09.2023 20:45;7,72
15.09.2023 21:00;6,94
15.09.2023 21:15;6,25
15.09.2023 21:30;5,00
15.09.2023 21:45;5,00
15.09.2023 22:00;5,00
15.09.2023 22:15;7,05
15.09.2023 22:30;5,69
15.09.2023 22:45;7,28
15.09.2023 23:00;7,55
15.09.2023 23:15;5,00
15.09.2023 23:30;5,61
15.09.2023 23:45;5,52
16.09.2023 00:00;5,00
16.09.2023 00:15;5,00
16.09.2023 00:30;5,00
16.09.2023 00:45;5,00
16.09.2023 01:00;5,00
16.09.2023 01:15;5,00
16.09.2023 01:30;5,00
16.09.2023 01:45;5,00
16.09.2023 02:00;5,00
16.09.2023 02:15;5,00
16.09.2023 02:30;5,00
16.09.2023 02:45;5,00
16.09.2023 03:00;5,00
16.09.2023 03:15;5,00
16.09.2023 03:30;5,00
16.09.2023 03:45;5,00
16.09.2023 04:00;5,00
16.09.2023 04:15;5,00
16.09.2023 04:30;5,00
16.09.2023 04:45;5,00
16.09.2023 05:00;5,00
16.09.2023 05:15;5,00
16.09.2023 05:30;5,00
16.09.2023 05:45;5,00
16.09.2023 06:00;4,23
16.09.2023 06:15;3,34
16.09.2023 06:30;2,12
16.09.2023 06:45;3,05
16.09.2023 07:00;3,78
16.09.2023 07:15;2,09
16.09.2023 07:30;6,43
16.09.2023 07:45;3,91
16.09.2023 08:00;2,38
16.09.2023 08:15;0,00
16.09.2023 08:30;0,00
16.09.2023 08:45;0,00
16.09.2023 09:00;0,00
16.09.2023 09:15;0,00
16.09.2023 09:30;0,00
16.09.2023 09:45;2,98
16.09.2023 10:00;4,18
16.09.2023 10:15;0,00
16.09.2023 10:30;0,00
16.09.2023 10:45;0,00
16.09.2023 11:00;0,00
16.09.2023 11:15;1,73
16.09.2023 11:30;0,00
16.09.2023 11:45;2,75
16.09.2023 12:00;0,00
16.09.2023 12:15;0,00
16.09.2023 12:30;0,00
16.09.2023 12:45;4,70
16.09.2023 13:00;0,00
16.09.2023 13:15;0,00
16.09.2023 13:30;0,00
16.09.2023 13:45;0,00
16.09.2023 14:00;0,00
16.09.2023 14:15;3,45
16.09.2023 14:30;0,00
16.09.2023 14:45;0,00
16.09.2023 15:00;8,35
16.09.2023 15:15;2,62
16.09.2023 15:30;0,00
16.09.2023 15:45;4,64
16.09.2023 16:00;0,00
16.09.2023 16:15;10,56
16.09.2023 16:30;3,75
16.09.2023 16:45;2,78
16.09.2023 17:00;8,20
16.09.2023 17:15;2,77
16.09.2023 17:30;4,81
16.09.2023 17:45;8,91
16.09.2023 18:00;7,14
16.09.2023 18:15;5,00
16.09.2023 18:30;5,00
16.09.2023 18:45;5,00
16.09.2023 19:00;5,00
16.09.2023 19:15;5,00
16.09.2023 19:30;5,51
16.09.2023 19:45;5,00
16.09.2023 20:00;5,00
16.09.2023 20:15;5,00
16.09.2023 20:30;5,00
16.09.2023 20:45;5,00
16.09.2023 21:00;5,00
16.09.2023 21:15;5,00
16.09.2023 21:30;5,00
16.09.2023 21:45;5,00
16.09.2023 22:00;5,00
16.09.2023 22:15;5,00
16.09.2023 22:30;5,00
16.09.2023 22:45;5,00
16.09.2023 23:00;5,00
16.09.2023 23:15;5,00
16.09.2023 23:30;5,00
16.09.2023 23:45;5,00
17.09.2023 00:00;5,00
17.09.2023 00:15;5,00
17.09.2023 00:30;5,00
17.09.2023 00:45;5,00
17.09.2023 01:00;5,00
17.09.2023 01:15;5,00
17.09.2023 01:30;5,00
17.09.2023 01:45;5,00
17.09.2023 02:00;5,00
17.09.2023 02:15;5,00
17.09.2023 02:30;5,00
17.09.2023 02:45;5,00
17.09.2023 03:00;5,00
17.09.2023 03:15;5,00
17.09.2023 03:30;5,00
17.09.2023 03:45;5,00
17.09.2023 04:00;5,00
17.09.2023 04:15;7,11
17.09.2023 04:30;5,61
17.09.2023 04:45;5,00
17.09.2023 05:00;5,00
17.09.2023 05:15;5,00
17.09.2023 05:30;5,00
17.09.2023 05:45;5,00
17.09.2023 06:00;6,77
17.09.2023 06:15;3,67
17.09.2023 06:30;1,88
17.09.2023 06:45;2,62
17.09.2023 07:00;2,10
17.09.2023 07:15;3,56
17.09.2023 07:30;6,45
17.09.2023 07:45;5,12
17.09.2023 08:00;4,39
17.09.2023 08:15;4,31
17.09.2023 08:30;0,00
17.09.2023 08:45;0,00
17.09.2023 09:00;0,00
17.09.2023 09:15;0,00
17.09.2023 09:30;0,00
17.09.2023 09:45;0,21
17.09.2023 10:00;0,00
17.09.2023 10:15;0,00
17.09.2023 10:30;0,00
17.09.2023 10:45;0,00
17.09.2023 11:00;3,53
17.09.2023 11:15;0,00
17.09.2023 11:30;0,00
17.09.2023 11:45;0,00
17.09.2023 12:00;0,00
17.09.2023 12:15;0,00
17.09.2023 12:30;0,00
17.09.2023 12:45;0,00
17.09.2023 13:00;0,00
17.09.2023 13:15;0,00
17.09.2023 13:30;0,00
17.09.2023 13:45;1,38
17.09.2023 14:00;0,00
17.09.2023 14:15;0,00
17.09.2023 14:30;3,95
17.09.2023 14:45;0,00
17.09.2023 15:00;5,67
17.09.2023 15:15;0,00
17.09.2023 15:30;2,30
17.09.2023 15:45;5,98
17.09.2023 16:00;4,14
17.09.2023 16:15;8,06
17.09.2023 16:30;1,80
17.09.2023 16:45;5,42
17.09.2023 17:00;6,30
17.09.2023 17:15;6,05
17.09.2023 17:30;7,19
17.09.2023 17:45;9,05
17.09.2023 18:00;9,63
17.09.2023 18:15;5,00
17.09.2023 18:30;5,00
17.09.2023 18:45;5,00
17.09.2023 19:00;5,00
17.09.2023 19:15;5,00
17.09.2023 19:30;5,00
17.09.2023 19:45;5,00
17.09.2023 20:00;5,00
17.09.2023 20:15;5,00
17.09.2023 20:30;5,00
17.09.2023 20:45;5,00
17.09.2023 21:00;5,76
17.09.2023 21:15;5,00
17.09.2023 21:30;5,00
17.09.2023 21:45;5,00
17.09.2023 22:00;5,00
17.09.2023 22:15;5,00
17.09.2023 22:30;5,00
17.09.2023 22:45;5,00
17.09.2023 23:00;5,00
17.09.2023 23:15;5,00
17.09.2023 23:30;5,00
17.09.2023 23:45;5,00
18.09.2023 00:00;5,49
18.09.2023 00:15;5,00
18.09.2023 00:30;5,00
18.09.2023 00:45;5,30
18.09.2023 01:00;5,00
18.09.2023 01:15;5,00
18.09.2023 01:30;9,72
18.09.2023 01:45;6,91
18.09.2023 02:00;5,17
18.09.2023 02:15;6,98
18.09.2023 02:30;5,00
18.09.2023 02:45;5,00
18.09.2023 03:00;8,99
18.09.2023 03:15;5,00
18.09.2023 03:30;5,00
18.09.2023 03:45;6,20
18.09.2023 04:00;5,00
18.09.2023 04:15;6,89
18.09.2023 04:30;5,00
18.09.2023 04:45;6,91
18.09.2023 05:00;6,76
18.09.2023 05:15;5,10
18.09.2023 05:30;9,01
18.09.2023 05:45;5,00
18.09.2023 06:00;7,94
18.09.2023 06:15;6,94
18.09.2023 06:30;7,47
18.09.2023 06:45;2,14
18.09.2023 07:00;13,97
18.09.2023 07:15;18,72
18.09.2023 07:30;14,30
18.09.2023 07:45;11,19
18.09.2023 08:00;15,78
18.09.2023 08:15;10,79
18.09.2023 08:30;15,18
18.09.2023 08:45;15,72
18.09.2023 09:00;20,62
18.09.2023 09:15;19,22
18.09.2023 09:30;15,07
18.09.2023 09:45;22,70
18.09.2023 10:00;14,64
18.09.2023 10:15;12,83
18.09.2023 10:30;17,07
18.09.2023 10:45;14,33
18.09.2023 11:00;19,14
18.09.2023 11:15;16,01
18.09.2023 11:30;14,19
18.09.2023 11:45;25,37
18.09.2023 12:00;22,12
18.09.2023 12:15;12,33
18.09.2023 12:30;12,83
18.09.2023 12:45;29,32
18.09.2023 13:00;15,75
18.09.2023 13:15;29,15
18.09.2023 13:30;18,15
18.09.2023 13:45;18,41
18.09.2023 14:00;21,95
18.09.2023 14:15;19,96
18.09.2023 14:30;24,58
18.09.2023 14:45;18,12
18.09.2023 15:00;15,70
18.09.2023 15:15;15,34
18.09.2023 15:30;17,75
18.09.2023 15:45;19,97
18.09.2023 16:00;18,77
18.09.2023 16:15;21,68
18.09.2023 16:30;20,48
18.09.2023 16:45;20,12
18.09.2023 17:00;18,26
18.09.2023 17:15;18,55
18.09.2023 17:30;16,14
18.09.2023 17:45;16,08
18.09.2023 18:00;19,75
18.09.2023 18:15;5,00
18.09.2023 18:30;5,00
18.09.2023 18:45;5,00
18.09.2023 19:00;5,00
18.09.2023 19:15;5,00
18.09.2023 19:30;7,36
18.09.2023 19:45;5,00
18.09.2023 20:00;6,39
18.09.2023 20:15;5,00
18.09.2023 20:30;6,86
18.09.2023 20:45;5,00
18.09.2023 21:00;5,00
18.09.2023 21:15;5,05
18.09.2023 21:30;9,25
18.09.2023 21:45;9,17
18.09.2023 22:00;6,56
18.09.2023 22:15;5,31
18.09.2023 22:30;6,19
18.09.2023 22:45;6,22
18.09.2023 23:00;5,51
18.09.2023 23:15;6,47
18.09.2023 23:30;6,00
18.09.2023 23:45;5,00
19.09.2023 00:00;5,00
19.09.2023 00:15;5,00
19.09.2023 00:30;7,20
19.09.2023 00:45;5,54
19.09.2023 01:00;6,20
19.09.2023 01:15;5,03
19.09.2023 01:30;5,00
19.09.2023 01:45;5,12
19.09.2023 02:00;5,00
19.09.2023 02:15;5,00
19.09.2023 02:30;8,01
19.09.2023 02:45;5,00
19.09.2023 03:00;5,00
19.09.2023 03:15;8,84
19.09.2023 03:30;7,23
19.09.2023 03:45;5,00
19.09.2023 04:00;6,46
19.09.2023 04:15;5,13
19.09.2023 04:30;5,00
19.09.2023 04:45;6,55
19.09.2023 05:00;5,00
19.09.2023 05:15;5,75
19.09.2023 05:30;7,64
19.09.2023 05:45;7,42
19.09.2023 06:00;4,77
19.09.2023 06:15;5,23
19.09.2023 06:30;3,13
19.09.2023 06:45;5,18
19.09.2023 07:00;14,88
19.09.2023 07:15;16,50
19.09.2023 07:30;13,19
19.09.2023 07:45;21,81
19.09.2023 08:00;14,90
19.09.2023 08:15;22,21
19.09.2023 08:30;12,04
19.09.2023 08:45;13,84
19.09.2023 09:00;19,85
19.09.2023 09:15;18,10
19.09.2023 09:30;19,70
19.09.2023 09:45;21,00
19.09.2023 10:00;15,65
19.09.2023 10:15;24,11
19.09.2023 10:30;14,67
19.09.2023 10:45;17,75
19.09.2023 11:00;16,04
19.09.2023 11:15;20,59
19.09.2023 11:30;13,95
19.09.2023 11:45;15,88
19.09.2023 12:00;22,43
19.09.2023 12:15;19,15
19.09.2023 12:30;16,99
19.09.2023 12:45;21,17
19.09.2023 13:00;23,10
19.09.2023 13:15;16,28
19.09.2023 13:30;31,16
19.09.2023 13:45;29,20
19.09.2023 14:00;16,79
19.09.2023 14:15;17,80
19.09.2023 14:30;22,05
19.09.2023 14:45;22,58
19.09.2023 15:00;18,99
19.09.2023 15:15;17,24
19.09.2023 15:30;19,17
19.09.2023 15:45;19,56
19.09.2023 16:00;21,46
19.09.2023 16:15;18,22
19.09.2023 16:30;21,41
19.09.2023 16:45;19,27
19.09.2023 17:00;20,97
19.09.2023 17:15;18,12
19.09.2023 17:30;18,45
19.09.2023 17:45;21,26
19.09.2023 18:00;17,09
19.09.2023 18:15;7,71
19.09.2023 18:30;9,55
19.09.2023 18:45;5,94
19.09.2023 19:00;5,00
19.09.2023 19:15;5,00
19.09.2023 19:30;8,21
19.09.2023 19:45;8,15
19.09.2023 20:00;8,50
19.09.2023 20:15;5,53
19.09.2023 20:30;7,68
19.09.2023 20:45;5,50
19.09.2023 21:00;5,00
19.09.2023 21:15;7,85
19.09.2023 21:30;8,87
19.09.2023 21:45;5,00
19.09.2023 22:00;5,00
19.09.2023 22:15;5,68
19.09.2023 22:30;7,51
19.09.2023 22:45;5,00
19.09.2023 23:00;6,05
19.09.2023 23:15;5,00
19.09.2023 23:30;7,00
19.09.2023 23:45;5,00
20.09.2023 00:00;7,16
20.09.2023 00:15;5,30
20.09.2023 00:30;5,00
20.09.2023 00:45;5,74
20.09.2023 01:00;5,00
20.09.2023 01:15;5,00
20.09.2023 01:30;6,29
20.09.2023 01:45;5,00
20.09.2023 02:00;5,00
20.09.2023 02:15;5,00
20.09.2023 02:30;8,27
20.09.2023 02:45;5,46
20.09.2023 03:00;5,00
20.09.2023 03:15;7,50
20.09.2023 03:30;5,00
20.09.2023 03:45;6,15
20.09.2023 04:00;5,67
20.09.2023 04:15;5,00
20.09.2023 04:30;6,20
20.09.2023 04:45;7,16
20.09.2023 05:00;5,24
20.09.2023 05:15;5,00
20.09.2023 05:30;5,00
20.09.2023 05:45;5,00
20.09.2023 06:00;6,08
20.09.2023 06:15;3,93
20.09.2023 06:30;5,15
20.09.2023 06:45;1,55
20.09.2023 07:00;15,10
20.09.2023 07:15;14,86
20.09.2023 07:30;11,49
20.09.2023 07:45;15,58
20.09.2023 08:00;17,14
20.09.2023 08:15;15,95
20.09.2023 08:30;15,96
20.09.2023 08:45;16,61
20.09.2023 09:00;16,27
20.09.2023 09:15;22,15
20.09.2023 09:30;10,96
20.09.2023 09:45;20,09
20.09.2023 10:00;28,22
20.09.2023 10:15;20,24
20.09.2023 10:30;20,73
20.09.2023 10:45;18,10
20.09.2023 11:00;18,07
20.09.2023 11:15;17,13
20.09.2023 11:30;12,17
20.09.2023 11:45;24,23
20.09.2023 12:00;21,09
20.09.2023 12:15;14,73
20.09.2023 12:30;23,14
20.09.2023 12:45;28,17
20.09.2023 13:00;18,50
20.09.2023 13:15;21,30
20.09.2023 13:30;23,53
20.09.2023 13:45;18,41
20.09.2023 14:00;19,34
20.09.2023 14:15;17,11
20.09.2023 14:30;25,80
20.09.2023 14:45;15,24
20.09.2023 15:00;24,72
20.09.2023 15:15;18,65
20.09.2023 15:30;25,60
20.09.2023 15:45;21,33
20.09.2023 16:00;21,23
20.09.2023 16:15;16,28
20.09.2023 16:30;18,00
20.09.2023 16:45;16,96
20.09.2023 17:00;15,29
20.09.2023 17:15;19,79
20.09.2023 17:30;23,06
20.09.2023 17:45;23,69
20.09.2023 18:00;16,53
20.09.2023 18:15;5,85
20.09.2023 18:30;8,26
20.09.2023 18:45;5,11
20.09.2023 19:00;5,00
20.09.2023 19:15;5,00
20.09.2023 19:30;7,88
20.09.2023 19:45;5,58
20.09.2023 20:00;5,00
20.09.2023 20:15;6,18
20.09.2023 20:30;5,92
20.09.2023 20:45;5,95
20.09.2023 21:00;5,18
20.09.2023 21:15;8,86
20.09.2023 21:30;5,35
20.09.2023 21:45;8,85
20.09.2023 22:00;6,74
20.09.2023 22:15;6,32
20.09.2023 22:30;5,39
20.09.2023 22:45;7,56
20.09.2023 23:00;5,84
20.09.2023 23:15;5,00
20.09.2023 23:30;5,00
20.09.2023 23:45;6,46
21.09.2023 00:00;5,00
21.09.2023 00:15;5,50
21.09.2023 00:30;7,74
21.09.2023 00:45;6,24
21.09.2023 01:00;5,00
21.09.2023 01:15;8,45
21.09.2023 01:30;6,72
21.09.2023 01:45;7,66
21.09.2023 02:00;5,00
21.09.2023 02:15;6,29
21.09.2023 02:30;7,31
21.09.2023 02:45;9,03
21.09.2023 03:00;5,00
21.09.2023 03:15;8,04
21.09.2023 03:30;8,92
21.09.2023 03:45;5,00
21.09.2023 04:00;6,59
21.09.2023 04:15;6,86
21.09.2023 04:30;5,00
21.09.2023 04:45;5,00
21.09.2023 05:00;6,96
21.09.2023 05:15;5,00
21.09.2023 05:30;5,19
21.09.2023 05:45;7,25
21.09.2023 06:00;9,14
21.09.2023 06:15;5,93
21.09.2023 06:30;3,89
21.09.2023 06:45;2,13
21.09.2023 07:00;13,45
21.09.2023 07:15;15,89
21.09.2023 07:30;17,79
21.09.2023 07:45;18,06
21.09.2023 08:00;17,00
21.09.2023 08:15;12,03
21.09.2023 08:30;18,16
21.09.2023 08:45;13,13
21.09.2023 09:00;16,38
21.09.2023 09:15;20,87
21.09.2023 09:30;12,50
21.09.2023 09:45;23,85
21.09.2023 10:00;15,13
21.09.2023 10:15;16,07
21.09.2023 10:30;15,11
21.09.2023 10:45;16,09
21.09.2023 11:00;18,02
21.09.2023 11:15;26,88
21.09.2023 11:30;18,96
21.09.2023 11:45;31,42
21.09.2023 12:00;27,48
21.09.2023 12:15;21,49
21.09.2023 12:30;14,77
21.09.2023 12:45;17,33
21.09.2023 13:00;14,40
21.09.2023 13:15;31,13
21.09.2023 13:30;16,81
21.09.2023 13:45;26,02
21.09.2023 14:00;18,22
21.09.2023 14:15;16,29
21.09.2023 14:30;18,38
21.09.2023 14:45;15,34
21.09.2023 15:00;25,01
21.09.2023 15:15;20,97
21.09.2023 15:30;14,91
21.09.2023 15:45;18,08
21.09.2023 16:00;20,25
21.09.2023 16:15;18,68
21.09.2023 16:30;20,35
21.09.2023 16:45;16,44
21.09.2023 17:00;18,05
21.09.2023 17:15;19,19
21.09.2023 17:30;19,68
21.09.2023 17:45;19,13
21.09.2023 18:00;18,54
21.09.2023 18:15;5,00
21.09.2023 18:30;7,36
21.09.2023 18:45;5,19
21.09.2023 19:00;5,86
21.09.2023 19:15;5,00
21.09.2023 19:30;5,00
21.09.2023 19:45;8,63
21.09.2023 20:00;5,00
21.09.2023 20:15;5,00
21.09.2023 20:30;8,59
21.09.2023 20:45;6,91
21.09.2023 21:00;5,00
21.09.2023 21:15;8,12
21.09.2023 21:30;6,52
21.09.2023 21:45;6,09
21.09.2023 22:00;6,08
21.09.2023 22:15;6,56
21.09.2023 22:30;6,64
21.09.2023 22:45;10,02
21.09.2023 23:00;5,24
21.09.2023 23:15;5,30
21.09.2023 23:30;5,00
21.09.2023 23:45;5,52
22.09.2023 00:00;9,37
22.09.2023 00:15;7,61
22.09.2023 00:30;5,00
22.09.2023 00:45;5,70
22.09.2023 01:00;5,00
22.09.2023 01:15;5,00
22.09.2023 01:30;5,94
22.09.2023 01:45;5,00
22.09.2023 02:00;5,00
22.09.2023 02:15;6,62
22.09.2023 02:30;5,48
22.09.2023 02:45;5,00
22.09.2023 03:00;5,00
22.09.2023 03:15;5,00
22.09.2023 03:30;5,00
22.09.2023 03:45;5,00
22.09.2023 04:00;7,90
22.09.2023 04:15;5,45
22.09.2023 04:30;5,11
22.09.2023 04:45;5,27
22.09.2023 05:00;5,00
22.09.2023 05:15;6,46
22.09.2023 05:30;5,38
22.09.2023 05:45;5,00
22.09.2023 06:00;5,00
22.09.2023 06:15;4,41
22.09.2023 06:30;2,69
22.09.2023 06:45;3,53
22.09.2023 07:00;15,10
22.09.2023 07:15;17,94
22.09.2023 07:30;18,83
22.09.2023 07:45;17,22
22.09.2023 08:00;17,84
22.09.2023 08:15;20,92
22.09.2023 08:30;23,27
22.09.2023 08:45;21,42
22.09.2023 09:00;16,03
22.09.2023 09:15;15,78
22.09.2023 09:30;24,83
22.09.2023 09:45;19,57
22.09.2023 10:00;15,39
22.09.2023 10:15;17,91
22.09.2023 10:30;20,54
22.09.2023 10:45;17,60
22.09.2023 11:00;18,87
22.09.2023 11:15;22,58
22.09.2023 11:30;22,91
22.09.2023 11:45;27,16
22.09.2023 12:00;32,64
22.09.2023 12:15;20,89
22.09.2023 12:30;18,75
22.09.2023 12:45;10,21
22.09.2023 13:00;22,99
22.09.2023 13:15;18,38
22.09.2023 13:30;17,31
22.09.2023 13:45;19,18
22.09.2023 14:00;20,40
22.09.2023 14:15;15,11
22.09.2023 14:30;23,23
22.09.2023 14:45;20,84
22.09.2023 15:00;14,47
22.09.2023 15:15;26,77
22.09.2023 15:30;20,23
22.09.2023 15:45;24,29
22.09.2023 16:00;19,59
22.09.2023 16:15;20,72
22.09.2023 16:30;22,59
22.09.2023 16:45;22,44
22.09.2023 17:00;19,37
22.09.2023 17:15;22,10
22.09.2023 17:30;17,38
22.09.2023 17:45;22,22
22.09.2023 18:00;20,43
22.09.2023 18:15;5,50
22.09.2023 18:30;8,17
22.09.2023 18:45;5,00
22.09.2023 19:00;5,00
22.09.2023 19:15;5,14
22.09.2023 19:30;10,11
22.09.2023 19:45;5,00
22.09.2023 20:00;5,00
22.09.2023 20:15;5,00
22.09.2023 20:30;7,45
22.09.2023 20:45;5,00
22.09.2023 21:00;5,32
22.09.2023 21:15;7,17
22.09.2023 21:30;5,33
22.09.2023 21:45;6,05
22.09.2023 22:00;6,71
22.09.2023 22:15;5,00
22.09.2023 22:30;5,31
22.09.2023 22:45;6,13
22.09.2023 23:00;7,38
22.09.2023 23:15;5,00
22.09.2023 23:30;5,00
22.09.2023 23:45;7,00
23.09.2023 00:00;5,00
23.09.2023 00:15;5,00
23.09.2023 00:30;5,00
23.09.2023 00:45;5,00
23.09.2023 01:00;5,00
23.09.2023 01:15;5,00
23.09.2023 01:30;5,00
23.09.2023 01:45;7,25
23.09.2023 02:00;5,00
23.09.2023 02:15;5,00
23.09.2023 02:30;5,00
23.09.2023 02:45;5,00
23.09.2023 03:00;5,00
23.09.2023 03:15;5,00
23.09.2023 03:30;5,00
23.09.2023 03:45;5,00
23.09.2023 04:00;5,00
23.09.2023 04:15;5,00
23.09.2023 04:30;5,00
23.09.2023 04:45;5,00
23.09.2023 05:00;5,24
23.09.2023 05:15;5,00
23.09.2023 05:30;5,00
23.09.2023 05:45;6,46
23.09.2023 06:00;5,00
23.09.2023 06:15;4,10
23.09.2023 06:30;3,14
23.09.2023 06:45;2,73
23.09.2023 07:00;1,54
23.09.2023 07:15;1,22
23.09.2023 07:30;4,54
23.09.2023 07:45;3,63
23.09.2023 08:00;7,08
23.09.2023 08:15;6,52
23.09.2023 08:30;0,00
23.09.2023 08:45;4,24
23.09.2023 09:00;0,07
23.09.2023 09:15;1,41
23.09.2023 09:30;1,23
23.09.2023 09:45;2,59
23.09.2023 10:00;4,41
23.09.2023 10:15;2,90
23.09.2023 10:30;0,00
23.09.2023 10:45;0,00
23.09.2023 11:00;0,00
23.09.2023 11:15;8,00
23.09.2023 11:30;2,05
23.09.2023 11:45;7,83
23.09.2023 12:00;0,00
23.09.2023 12:15;0,00
23.09.2023 12:30;0,00
23.09.2023 12:45;7,88
23.09.2023 13:00;5,97
23.09.2023 13:15;0,00
23.09.2023 13:30;2,07
23.09.2023 13:45;0,00
23.09.2023 14:00;0,16
23.09.2023 14:15;4,02
23.09.2023 14:30;0,00
23.09.2023 14:45;7,61
23.09.2023 15:00;2,72
23.09.2023 15:15;4,54
23.09.2023 15:30;1,36
23.09.2023 15:45;5,41
23.09.2023 16:00;1,91
23.09.2023 16:15;0,00
23.09.2023 16:30;0,00
23.09.2023 16:45;9,26
23.09.2023 17:00;3,55
23.09.2023 17:15;4,52
23.09.2023 17:30;8,21
23.09.2023 17:45;8,44
23.09.2023 18:00;8,90
23.09.2023 18:15;5,81
23.09.2023 18:30;5,26
23.09.2023 18:45;5,00
23.09.2023 19:00;5,00
23.09.2023 19:15;5,00
23.09.2023 19:30;5,00
23.09.2023 19:45;5,00
23.09.2023 20:00;5,00
23.09.2023 20:15;5,00
23.09.2023 20:30;5,00
23.09.2023 20:45;5,00
23.09.2023 21:00;5,00
23.09.2023 21:15;5,00
23.09.2023 21:30;5,00
23.09.2023 21:45;5,00
23.09.2023 22:00;5,00
23.09.2023 22:15;5,00
23.09.2023 22:30;5,00
23.09.2023 22:45;5,00
23.09.2023 23:00;5,00
23.09.2023 23:15;5,00
23.09.2023 23:30;5,00
23.09.2023 23:45;5,00
24.09.2023 00:00;5,00
24.09.2023 00:15;5,00
24.09.2023 00:30;5,00
24.09.2023 00:45;5,00
24.09.2023 01:00;5,00
24.09.2023 01:15;5,00
24.09.2023 01:30;5,00
24.09.2023 01:45;6,20
24.09.2023 02:00;5,00
24.09.2023 02:15;5,00
24.09.2023 02:30;5,44
24.09.2023 02:45;5,00
24.09.2023 03:00;5,00
24.09.2023 03:15;5,00
24.09.2023 03:30;5,00
24.09.2023 03:45;5,00
24.09.2023 04:00;5,00
24.09.2023 04:15;5,00
24.09.2023 04:30;5,00
24.09.2023 04:45;5,00
24.09.2023 05:00;5,00
24.09.2023 05:15;5,00
24.09.2023 05:30;5,00
24.09.2023 05:45;5,00
24.09.2023 06:00;5,00
24.09.2023 06:15;4,29
24.09.2023 06:30;5,62
24.09.2023 06:45;2,35
24.09.2023 07:00;7,35
24.09.2023 07:15;5,94
24.09.2023 07:30;1,28
24.09.2023 07:45;4,43
24.09.2023 08:00;2,90
24.09.2023 08:15;1,39
24.09.2023 08:30;0,00
24.09.2023 08:45;8,32
24.09.2023 09:00;1,77
24.09.2023 09:15;8,17
24.09.2023 09:30;1,04
24.09.2023 09:45;7,97
24.09.2023 10:00;7,59
24.09.2023 10:15;7,23
24.09.2023 10:30;3,62
24.09.2023 10:45;0,00
24.09.2023 11:00;2,27
24.09.2023 11:15;5,41
24.09.2023 11:30;9,28
24.09.2023 11:45;0,00
24.09.2023 12:00;0,79
24.09.2023 12:15;0,00
24.09.2023 12:30;11,01
24.09.2023 12:45;10,50
24.09.2023 13:00;7,86
24.09.2023 13:15;0,00
24.09.2023 13:30;6,06
24.09.2023 13:45;4,97
24.09.2023 14:00;3,83
24.09.2023 14:15;3,95
24.09.2023 14:30;3,28
24.09.2023 14:45;6,26
24.09.2023 15:00;1,75
24.09.2023 15:15;1,42
24.09.2023 15:30;3,76
24.09.2023 15:45;3,75
24.09.2023 16:00;8,40
24.09.2023 16:15;8,60
24.09.2023 16:30;6,52
24.09.2023 16:45;9,80
24.09.2023 17:00;5,59
24.09.2023 17:15;8,81
24.09.2023 17:30;8,76
24.09.2023 17:45;11,28
24.09.2023 18:00;5,35
24.09.2023 18:15;5,00
24.09.2023 18:30;5,00
24.09.2023 18:45;5,00
24.09.2023 19:00;5,00
24.09.2023 19:15;5,00
24.09.2023 19:30;5,00
24.09.2023 19:45;5,00
24.09.2023 20:00;5,00
24.09.2023 20:15;5,00
24.09.2023 20:30;5,00
24.09.2023 20:45;5,00
24.09.2023 21:00;5,00
24.09.2023 21:15;5,00
24.09.2023 21:30;5,00
24.09.2023 21:45;5,00
24.09.2023 22:00;5,00
24.09.2023 22:15;5,00
24.09.2023 22:30;5,00
24.09.2023 22:45;5,00
24.09.2023 23:00;5,00
24.09.2023 23:15;5,00
24.09.2023 23:30;5,00
24.09.2023 23:45;5,00
25.09.2023 00:00;5,00
25.09.2023 00:15;6,60
25.09.2023 00:30;5,00
25.09.2023 00:45;5,00
25.09.2023 01:00;5,00
25.09.2023 01:15;5,00
25.09.2023 01:30;5,00
25.09.2023 01:45;7,30
25.09.2023 02:00;5,46
25.09.2023 02:15;8,19
25.09.2023 02:30;5,00
25.09.2023 02:45;5,00
25.09.2023 03:00;5,98
25.09.2023 03:15;9,40
25.09.2023 03:30;6,75
25.09.2023 03:45;12,12
25.09.2023 04:00;6,35
25.09.2023 04:15;6,16
25.09.2023 04:30;5,00
25.09.2023 04:45;6,54
25.09.2023 05:00;6,02
25.09.2023 05:15;5,00
25.09.2023 05:30;5,41
25.09.2023 05:45;5,55
25.09.2023 06:00;5,33
25.09.2023 06:15;9,29
25.09.2023 06:30;3,31
25.09.2023 06:45;3,76
25.09.2023 07:00;17,39
25.09.2023 07:15;17,93
25.09.2023 07:30;17,87
25.09.2023 07:45;15,33
25.09.2023 08:00;15,66
25.09.2023 08:15;17,06
25.09.2023 08:30;23,02
25.09.2023 08:45;21,84
25.09.2023 09:00;18,57
25.09.2023 09:15;23,13
25.09.2023 09:30;18,95
25.09.2023 09:45;28,14
25.09.2023 10:00;24,06
25.09.2023 10:15;23,21
25.09.2023 10:30;14,49
25.09.2023 10:45;24,49
25.09.2023 11:00;22,67
25.09.2023 11:15;24,78
25.09.2023 11:30;24,56
25.09.2023 11:45;29,94
25.09.2023 12:00;16,51
25.09.2023 12:15;20,31
25.09.2023 12:30;24,21
25.09.2023 12:45;31,19
25.09.2023 13:00;26,74
25.09.2023 13:15;19,52
25.09.2023 13:30;27,16
25.09.2023 13:45;22,76
25.09.2023 14:00;19,64
25.09.2023 14:15;23,73
25.09.2023 14:30;25,94
25.09.2023 14:45;22,06
25.09.2023 15:00;23,82
25.09.2023 15:15;22,18
25.09.2023 15:30;19,53
25.09.2023 15:45;23,12
25.09.2023 16:00;22,43
25.09.2023 16:15;20,77
25.09.2023 16:30;17,08
25.09.2023 16:45;21,59
25.09.2023 17:00;20,58
25.09.2023 17:15;23,94
25.09.2023 17:30;21,04
25.09.2023 17:45;18,84
25.09.2023 18:00;16,23
25.09.2023 18:15;5,00
25.09.2023 18:30;5,00
25.09.2023 18:45;9,44
25.09.2023 19:00;6,26
25.09.2023 19:15;5,00
25.09.2023 19:30;5,00
25.09.2023 19:45;5,00
25.09.2023 20:00;5,00
25.09.2023 20:15;8,32
25.09.2023 20:30;5,63
25.09.2023 20:45;5,00
25.09.2023 21:00;10,31
25.09.2023 21:15;5,00
25.09.2023 21:30;5,00
25.09.2023 21:45;8,31
25.09.2023 22:00;6,52
25.09.2023 22:15;5,00
25.09.2023 22:30;5,00
25.09.2023 22:45;5,00
25.09.2023 23:00;5,00
25.09.2023 23:15;5,70
25.09.2023 23:30;6,07
25.09.2023 23:45;5,39
26.09.2023 00:00;5,62
26.09.2023 00:15;5,00
26.09.2023 00:30;6,29
26.09.2023 00:45;8,26
26.09.2023 01:00;5,37
26.09.2023 01:15;5,34
26.09.2023 01:30;5,87
26.09.2023 01:45;7,94
26.09.2023 02:00;5,00
26.09.2023 02:15;8,60
26.09.2023 02:30;6,54
26.09.2023 02:45;5,76
26.09.2023 03:00;8,13
26.09.2023 03:15;5,00
26.09.2023 03:30;6,74
26.09.2023 03:45;6,56
26.09.2023 04:00;5,00
26.09.2023 04:15;6,62
26.09.2023 04:30;6,27
26.09.2023 04:45;5,34
26.09.2023 05:00;7,43
26.09.2023 05:15;5,00
26.09.2023 05:30;6,24
26.09.2023 05:45;5,44
26.09.2023 06:00;5,00
26.09.2023 06:15;6,29
26.09.2023 06:30;3,62
26.09.2023 06:45;3,27
26.09.2023 07:00;11,53
26.09.2023 07:15;18,11
26.09.2023 07:30;12,20
26.09.2023 07:45;20,28
26.09.2023 08:00;17,63
26.09.2023 08:15;20,24
26.09.2023 08:30;25,93
26.09.2023 08:45;18,69
26.09.2023 09:00;21,22
26.09.2023 09:15;22,58
26.09.2023 09:30;15,36
26.09.2023 09:45;14,54
26.09.2023 10:00;20,28
26.09.2023 10:15;29,55
26.09.2023 10:30;22,38
26.09.2023 10:45;19,17
26.09.2023 11:00;22,38
26.09.2023 11:15;18,16
26.09.2023 11:30;20,74
26.09.2023 11:45;26,29
26.09.2023 12:00;25,42
26.09.2023 12:15;11,35
26.09.2023 12:30;20,87
26.09.2023 12:45;21,02
26.09.2023 13:00;16,08
26.09.2023 13:15;19,80
26.09.2023 13:30;18,74
26.09.2023 13:45;24,33
26.09.2023 14:00;18,70
26.09.2023 14:15;22,25
26.09.2023 14:30;23,12
26.09.2023 14:45;22,95
26.09.2023 15:00;27,56
26.09.2023 15:15;26,02
26.09.2023 15:30;25,21
26.09.2023 15:45;17,48
26.09.2023 16:00;22,03
26.09.2023 16:15;19,10
26.09.2023 16:30;16,01
26.09.2023 16:45;20,80
26.09.2023 17:00;23,37
26.09.2023 17:15;20,14
26.09.2023 17:30;19,44
26.09.2023 17:45;17,62
26.09.2023 18:00;19,01
26.09.2023 18:15;7,22
26.09.2023 18:30;7,28
26.09.2023 18:45;6,79
26.09.2023 19:00;5,00
26.09.2023 19:15;5,00
26.09.2023 19:30;7,29
26.09.2023 19:45;7,32
26.09.2023 20:00;5,36
26.09.2023 20:15;5,00
26.09.2023 20:30;8,03
26.09.2023 20:45;5,00
26.09.2023 21:00;7,19
26.09.2023 21:15;5,43
26.09.2023 21:30;5,00
26.09.2023 21:45;8,92
26.09.2023 22:00;5,94
26.09.2023 22:15;5,00
26.09.2023 22:30;5,00
26.09.2023 22:45;5,00
26.09.2023 23:00;5,00
26.09.2023 23:15;9,55
26.09.2023 23:30;5,00
26.09.2023 23:45;8,59
27.09.2023 00:00;5,45
27.09.2023 00:15;5,00
27.09.2023 00:30;5,00
27.09.2023 00:45;5,00
27.09.2023 01:00;5,00
27.09.2023 01:15;5,00
27.09.2023 01:30;5,00
27.09.2023 01:45;8,74
27.09.2023 02:00;6,14
27.09.2023 02:15;5,00
27.09.2023 02:30;6,16
27.09.2023 02:45;5,00
27.09.2023 03:00;5,00
27.09.2023 03:15;11,63
27.09.2023 03:30;6,09
27.09.2023 03:45;5,00
27.09.2023 04:00;5,00
27.09.2023 04:15;5,00
27.09.2023 04:30;9,02
27.09.2023 04:45;8,72
27.09.2023 05:00;7,22
27.09.2023 05:15;5,00
27.09.2023 05:30;8,73
27.09.2023 05:45;6,61
27.09.2023 06:00;7,02
27.09.2023 06:15;6,39
27.09.2023 06:30;3,86
27.09.2023 06:45;2,39
27.09.2023 07:00;14,05
27.09.2023 07:15;17,94
27.09.2023 07:30;12,97
27.09.2023 07:45;14,67
27.09.2023 08:00;16,07
27.09.2023 08:15;17,94
27.09.2023 08:30;18,84
27.09.2023 08:45;15,40
27.09.2023 09:00;19,71
27.09.2023 09:15;18,47
27.09.2023 09:30;27,28
27.09.2023 09:45;18,55
27.09.2023 10:00;20,58
27.09.2023 10:15;15,43
27.09.2023 10:30;19,27
27.09.2023 10:45;19,29
27.09.2023 11:00;23,18
27.09.2023 11:15;25,04
27.09.2023 11:30;25,71
27.09.2023 11:45;24,40
27.09.2023 12:00;18,58
27.09.2023 12:15;18,97
27.09.2023 12:30;13,98
27.09.2023 12:45;18,69
27.09.2023 13:00;21,11
27.09.2023 13:15;30,91
27.09.2023 13:30;18,99
27.09.2023 13:45;24,39
27.09.2023 14:00;30,78
27.09.2023 14:15;22,10
27.09.2023 14:30;24,96
27.09.2023 14:45;26,20
27.09.2023 15:00;21,87
27.09.2023 15:15;23,25
27.09.2023 15:30;23,08
27.09.2023 15:45;20,58
27.09.2023 16:00;23,30
27.09.2023 16:15;17,32
27.09.2023 16:30;22,15
27.09.2023 16:45;23,34
27.09.2023 17:00;16,60
27.09.2023 17:15;19,82
27.09.2023 17:30;21,28
27.09.2023 17:45;20,51
27.09.2023 18:00;19,80
27.09.2023 18:15;5,99
27.09.2023 18:30;5,00
27.09.2023 18:45;10,45
27.09.2023 19:00;5,00
27.09.2023 19:15;6,58
27.09.2023 19:30;5,00
27.09.2023 19:45;5,00
27.09.2023 20:00;5,00
27.09.2023 20:15;5,00
27.09.2023 20:30;7,90
27.09.2023 20:45;5,00
27.09.2023 21:00;5,00
27.09.2023 21:15;5,00
27.09.2023 21:30;5,90
27.09.2023 21:45;5,00
27.09.2023 22:00;7,70
27.09.2023 22:15;6,32
27.09.2023 22:30;5,00
27.09.2023 22:45;7,41
27.09.2023 23:00;5,73
27.09.2023 23:15;5,76
27.09.2023 23:30;5,00
27.09.2023 23:45;5,57
28.09.2023 00:00;6,37
28.09.2023 00:15;8,40
28.09.2023 00:30;5,00
28.09.2023 00:45;10,29
28.09.2023 01:00;6,84
28.09.2023 01:15;5,00
28.09.2023 01:30;5,00
28.09.2023 01:45;8,57
28.09.2023 02:00;8,22
28.09.2023 02:15;5,77
28.09.2023 02:30;6,03
28.09.2023 02:45;5,00
28.09.2023 03:00;8,37
28.09.2023 03:15;5,00
28.09.2023 03:30;7,42
28.09.2023 03:45;8,43
28.09.2023 04:00;5,83
28.09.2023 04:15;7,66
28.09.2023 04:30;9,42
28.09.2023 04:45;6,27
28.09.2023 05:00;5,38
28.09.2023 05:15;5,60
28.09.2023 05:30;5,00
28.09.2023 05:45;5,00
28.09.2023 06:00;6,61
28.09.2023 06:15;5,34
28.09.2023 06:30;5,04
28.09.2023 06:45;3,27
28.09.2023 07:00;17,25
28.09.2023 07:15;19,13
28.09.2023 07:30;12,99
28.09.2023 07:45;16,10
28.09.2023 08:00;13,12
28.09.2023 08:15;15,30
28.09.2023 08:30;19,33
28.09.2023 08:45;18,16
28.09.2023 09:00;18,56
28.09.2023 09:15;16,75
28.09.2023 09:30;23,61
28.09.2023 09:45;22,84
28.09.2023 10:00;23,77
28.09.2023 10:15;20,03
28.09.2023 10:30;17,26
28.09.2023 10:45;22,12
28.09.2023 11:00;19,78
28.09.2023 11:15;21,87
28.09.2023 11:30;14,18
28.09.2023 11:45;19,76
28.09.2023 12:00;17,65
28.09.2023 12:15;31,17
28.09.2023 12:30;17,66
28.09.2023 12:45;17,48
28.09.2023 13:00;25,36
28.09.2023 13:15;27,42
28.09.2023 13:30;17,43
28.09.2023 13:45;23,82
28.09.2023 14:00;23,76
28.09.2023 14:15;18,63
28.09.2023 14:30;17,53
28.09.2023 14:45;25,00
28.09.2023 15:00;19,78
28.09.2023 15:15;27,06
28.09.2023 15:30;19,16
28.09.2023 15:45;23,50
28.09.2023 16:00;21,61
28.09.2023 16:15;21,54
28.09.2023 16:30;25,29
28.09.2023 16:45;21,44
28.09.2023 17:00;17,56
28.09.2023 17:15;19,96
28.09.2023 17:30;18,80
28.09.2023 17:45;18,68
28.09.2023 18:00;19,40
28.09.2023 18:15;5,11
28.09.2023 18:30;5,00
28.09.2023 18:45;5,24
28.09.2023 19:00;6,83
28.09.2023 19:15;7,64
28.09.2023 19:30;5,00
28.09.2023 19:45;5,12
28.09.2023 20:00;5,45
28.09.2023 20:15;5,00
28.09.2023 20:30;5,49
28.09.2023 20:45;6,03
28.09.2023 21:00;6,77
28.09.2023 21:15;5,88
28.09.2023 21:30;5,00
28.09.2023 21:45;9,75
28.09.2023 22:00;7,39
28.09.2023 22:15;6,83
28.09.2023 22:30;7,74
28.09.2023 22:45;6,22
28.09.2023 23:00;8,30
28.09.2023 23:15;5,84
28.09.2023 23:30;5,73
28.09.2023 23:45;7,00
29.09.2023 00:00;8,90
29.09.2023 00:15;8,77
29.09.2023 00:30;6,93
29.09.2023 00:45;6,78
29.09.2023 01:00;7,14
29.09.2023 01:15;7,72
29.09.2023 01:30;8,34
29.09.2023 01:45;5,27
29.09.2023 02:00;8,38
29.09.2023 02:15;6,43
29.09.2023 02:30;7,05
29.09.2023 02:45;8,51
29.09.2023 03:00;7,24
29.09.2023 03:15;7,58
29.09.2023 03:30;5,00
29.09.2023 03:45;8,74
29.09.2023 04:00;7,14
29.09.2023 04:15;6,00
29.09.2023 04:30;7,95
29.09.2023 04:45;10,92
29.09.2023 05:00;5,00
29.09.2023 05:15;5,00
29.09.2023 05:30;11,11
29.09.2023 05:45;6,60
29.09.2023 06:00;6,13
29.09.2023 06:15;5,51
29.09.2023 06:30;7,26
29.09.2023 06:45;8,75
29.09.2023 07:00;16,58
29.09.2023 07:15;15,19
29.09.2023 07:30;16,69
29.09.2023 07:45;16,68
29.09.2023 08:00;19,95
29.09.2023 08:15;18,38
29.09.2023 08:30;19,62
29.09.2023 08:45;22,81
29.09.2023 09:00;17,32
29.09.2023 09:15;18,18
29.09.2023 09:30;23,25
29.09.2023 09:45;19,12
29.09.2023 10:00;15,13
29.09.2023 10:15;18,69
29.09.2023 10:30;18,89
29.09.2023 10:45;25,88
29.09.2023 11:00;15,06
29.09.2023 11:15;24,06
29.09.2023 11:30;26,60
29.09.2023 11:45;17,51
29.09.2023 12:00;12,50
29.09.2023 12:15;22,14
29.09.2023 12:30;18,33
29.09.2023 12:45;23,41
29.09.2023 13:00;26,44
29.09.2023 13:15;22,05
29.09.2023 13:30;23,55
29.09.2023 13:45;22,72
29.09.2023 14:00;26,50
29.09.2023 14:15;31,56
29.09.2023 14:30;27,20
29.09.2023 14:45;23,78
29.09.2023 15:00;18,42
29.09.2023 15:15;26,28
29.09.2023 15:30;17,40
29.09.2023 15:45;23,11
29.09.2023 16:00;22,29
29.09.2023 16:15;19,59
29.09.2023 16:30;22,41
29.09.2023 16:45;23,95
29.09.2023 17:00;19,10
29.09.2023 17:15;21,30
29.09.2023 17:30;21,97
29.09.2023 17:45;17,70
29.09.2023 18:00;18,69
29.09.2023 18:15;8,90
29.09.2023 18:30;7,05
29.09.2023 18:45;5,22
29.09.2023 19:00;6,57
29.09.2023 19:15;5,00
29.09.2023 19:30;7,97
29.09.2023 19:45;7,97
29.09.2023 20:00;5,99
29.09.2023 20:15;6,21
29.09.2023 20:30;5,00
29.09.2023 20:45;5,00
29.09.2023 21:00;5,00
29.09.2023 21:15;5,57
29.09.2023 21:30;7,87
29.09.2023 21:45;7,59
29.09.2023 22:00;6,11
29.09.2023 22:15;8,13
29.09.2023 22:30;5,00
29.09.2023 22:45;7,90
29.09.2023 23:00;5,00
29.09.2023 23:15;8,22
29.09.2023 23:30;5,72
29.09.2023 23:45;5,00
30.09.2023 00:00;5,00
30.09.2023 00:15;5,00
30.09.2023 00:30;5,00
30.09.2023 00:45;5,00
30.09.2023 01:00;5,00
30.09.2023 01:15;5,00
30.09.2023 01:30;5,00
30.09.2023 01:45;5,00
30.09.2023 02:00;5,00
30.09.2023 02:15;6,01
30.09.2023 02:30;5,04
30.09.2023 02:45;5,44
30.09.2023 03:00;5,00
30.09.2023 03:15;5,00
30.09.2023 03:30;5,00
30.09.2023 03:45;5,00
30.09.2023 04:00;5,00
30.09.2023 04:15;5,00
30.09.2023 04:30;5,00
30.09.2023 04:45;5,00
30.09.2023 05:00;5,00
30.09.2023 05:15;5,00
30.09.2023 05:30;5,00
30.09.2023 05:45;5,00
30.09.2023 06:00;5,00
30.09.2023 06:15;5,00
30.09.2023 06:30;4,15
30.09.2023 06:45;3,73
30.09.2023 07:00;3,35
30.09.2023 07:15;9,24
30.09.2023 07:30;4,02
30.09.2023 07:45;6,54
30.09.2023 08:00;2,00
30.09.2023 08:15;2,17
30.09.2023 08:30;3,54
30.09.2023 08:45;0,19
30.09.2023 09:00;0,00
30.09.2023 09:15;2,06
30.09.2023 09:30;0,61
30.09.2023 09:45;0,00
30.09.2023 10:00;0,00
30.09.2023 10:15;3,44
30.09.2023 10:30;2,72
30.09.2023 10:45;3,86
30.09.2023 11:00;0,00
30.09.2023 11:15;0,00
30.09.2023 11:30;0,00
30.09.2023 11:45;0,00
30.09.2023 12:00;0,00
30.09.2023 12:15;0,30
30.09.2023 12:30;0,00
30.09.2023 12:45;0,00
30.09.2023 13:00;2,87
30.09.2023 13:15;0,00
30.09.2023 13:30;3,40
30.09.2023 13:45;0,66
30.09.2023 14:00;7,12
30.09.2023 14:15;0,86
30.09.2023 14:30;0,31
30.09.2023 14:45;3,85
30.09.2023 15:00;3,26
30.09.2023 15:15;1,47
30.09.2023 15:30;3,11
30.09.2023 15:45;0,97
30.09.2023 16:00;6,31
30.09.2023 16:15;2,98
30.09.2023 16:30;7,75
30.09.2023 16:45;6,90
30.09.2023 17:00;5,22
30.09.2023 17:15;10,75
30.09.2023 17:30;8,90
30.09.2023 17:45;11,90
30.09.2023 18:00;8,07
30.09.2023 18:15;5,00
30.09.2023 18:30;5,00
30.09.2023 18:45;5,00
30.09.2023 19:00;5,00
30.09.2023 19:15;5,00
30.09.2023 19:30;5,00
30.09.2023 19:45;5,00
30.09.2023 20:00;5,00
30.09.2023 20:15;5,00
30.09.2023 20:30;5,00
30.09.2023 20:45;5,00
30.09.2023 21:00;5,00
30.09.2023 21:15;5,00
30.09.2023 21:30;5,00
30.09.2023 21:45;5,00
30.09.2023 22:00;5,29
30.09.2023 22:15;5,00
30.09.2023 22:30;5,00
30.09.2023 22:45;5,00
30.09.2023 23:00;5,00
30.09.2023 23:15;5,00
30.09.2023 23:30;5,00
30.09.2023 23:45;5,00
01.10.2023 00:00;5,00
01.10.2023 00:15;5,00
01.10.2023 00:30;5,00
01.10.2023 00:45;5,00
01.10.2023 01:00;5,00
01.10.2023 01:15;5,00
01.10.2023 01:30;5,51
01.10.2023 01:45;6,16
01.10.2023 02:00;5,00
01.10.2023 02:15;5,00
01.10.2023 02:30;5,00
01.10.2023 02:45;5,00
01.10.2023 03:00;5,00
01.10.2023 03:15;5,00
01.10.2023 03:30;5,00
01.10.2023 03:45;5,00
01.10.2023 04:00;5,00
01.10.2023 04:15;5,00
01.10.2023 04:30;5,00
01.10.2023 04:45;5,00
01.10.2023 05:00;5,00
01.10.2023 05:15;5,00
01.10.2023 05:30;5,00
01.10.2023 05:45;5,00
01.10.2023 06:00;5,00
01.10.2023 06:15;5,00
01.10.2023 06:30;4,56
01.10.2023 06:45;2,96
01.10.2023 07:00;6,11
01.10.2023 07:15;4,40
01.10.2023 07:30;6,94
01.10.2023 07:45;7,19
01.10.2023 08:00;5,98
01.10.2023 08:15;2,87
01.10.2023 08:30;6,65
01.10.2023 08:45;5,80
01.10.2023 09:00;3,23
01.10.2023 09:15;0,00
01.10.2023 09:30;3,65
01.10.2023 09:45;2,66
01.10.2023 10:00;0,00
01.10.2023 10:15;1,74
01.10.2023 10:30;0,00
01.10.2023 10:45;0,00
01.10.2023 11:00;7,57
01.10.2023 11:15;2,08
01.10.2023 11:30;0,00
01.10.2023 11:45;0,00
01.10.2023 12:00;2,70
01.10.2023 12:15;2,58
01.10.2023 12:30;0,00
01.10.2023 12:45;0,00
01.10.2023 13:00;4,29
01.10.2023 13:15;5,48
01.10.2023 13:30;2,73
01.10.2023 13:45;4,42
01.10.2023 14:00;5,25
01.10.2023 14:15;0,28
01.10.2023 14:30;10,28
01.10.2023 14:45;3,24
01.10.2023 15:00;5,25
01.10.2023 15:15;6,06
01.10.2023 15:30;7,72
01.10.2023 15:45;7,93
01.10.2023 16:00;4,34
01.10.2023 16:15;6,47
01.10.2023 16:30;3,42
01.10.2023 16:45;4,97
01.10.2023 17:00;10,19
01.10.2023 17:15;7,73
01.10.2023 17:30;6,81
01.10.2023 17:45;7,87
01.10.2023 18:00;9,86
01.10.2023 18:15;5,00
01.10.2023 18:30;5,00
01.10.2023 18:45;5,00
01.10.2023 19:00;5,00
01.10.2023 19:15;5,00
01.10.2023 19:30;5,00
01.10.2023 19:45;5,00
01.10.2023 20:00;5,00
01.10.2023 20:15;5,00
01.10.2023 20:30;5,00
01.10.2023 20:45;5,00
01.10.2023 21:00;5,00
01.10.2023 21:15;5,00
01.10.2023 21:30;5,00
01.10.2023 21:45;5,00
01.10.2023 22:00;5,00
01.10.2023 22:15;5,00
01.10.2023 22:30;5,00
01.10.2023 22:45;5,00
01.10.2023 23:00;5,00
01.10.2023 23:15;5,00
01.10.2023 23:30;6,72
01.10.2023 23:45;5,00
02.10.2023 00:00;5,84
02.10.2023 00:15;7,43
02.10.2023 00:30;5,00
02.10.2023 00:45;7,63
02.10.2023 01:00;7,58
02.10.2023 01:15;8,30
02.10.2023 01:30;5,00
02.10.2023 01:45;5,00
02.10.2023 02:00;5,00
02.10.2023 02:15;5,23
02.10.2023 02:30;9,12
02.10.2023 02:45;10,18
02.10.2023 03:00;6,48
02.10.2023 03:15;5,81
02.10.2023 03:30;5,09
02.10.2023 03:45;7,44
02.10.2023 04:00;10,17
02.10.2023 04:15;9,36
02.10.2023 04:30;8,06
02.10.2023 04:45;8,04
02.10.2023 05:00;7,45
02.10.2023 05:15;5,69
02.10.2023 05:30;5,00
02.10.2023 05:45;5,75
02.10.2023 06:00;6,63
02.10.2023 06:15;5,00
02.10.2023 06:30;5,10
02.10.2023 06:45;3,12
02.10.2023 07:00;19,24
02.10.2023 07:15;17,39
02.10.2023 07:30;16,60
02.10.2023 07:45;17,68
02.10.2023 08:00;22,37
02.10.2023 08:15;15,93
02.10.2023 08:30;16,77
02.10.2023 08:45;19,12
02.10.2023 09:00;20,15
02.10.2023 09:15;21,19
02.10.2023 09:30;18,73
02.10.2023 09:45;20,99
02.10.2023 10:00;23,35
02.10.2023 10:15;17,16
02.10.2023 10:30;16,00
02.10.2023 10:45;28,09
02.10.2023 11:00;24,85
02.10.2023 11:15;19,52
02.10.2023 11:30;28,81
02.10.2023 11:45;23,08
02.10.2023 12:00;17,56
02.10.2023 12:15;19,06
02.10.2023 12:30;18,31
02.10.2023 12:45;19,89
02.10.2023 13:00;23,90
02.10.2023 13:15;25,17
02.10.2023 13:30;17,46
02.10.2023 13:45;26,42
02.10.2023 14:00;22,88
02.10.2023 14:15;30,22
02.10.2023 14:30;23,74
02.10.2023 14:45;23,26
02.10.2023 15:00;21,60
02.10.2023 15:15;19,11
02.10.2023 15:30;20,43
02.10.2023 15:45;24,24
02.10.2023 16:00;23,98
02.10.2023 16:15;22,46
02.10.2023 16:30;20,71
02.10.2023 16:45;22,63
02.10.2023 17:00;23,75
02.10.2023 17:15;23,37
02.10.2023 17:30;19,80
02.10.2023 17:45;21,46
02.10.2023 18:00;21,05
02.10.2023 18:15;5,00
02.10.2023 18:30;5,20
02.10.2023 18:45;6,86
02.10.2023 19:00;5,00
02.10.2023 19:15;5,00
02.10.2023 19:30;5,00
02.10.2023 19:45;5,00
02.10.2023 20:00;7,96
02.10.2023 20:15;5,00
02.10.2023 20:30;6,48
02.10.2023 20:45;7,41
02.10.2023 21:00;5,20
02.10.2023 21:15;5,00
02.10.2023 21:30;6,25
02.10.2023 21:45;5,79
02.10.2023 22:00;7,80
02.10.2023 22:15;5,00
02.10.2023 22:30;5,00
02.10.2023 22:45;6,91
02.10.2023 23:00;5,89
02.10.2023 23:15;7,29
02.10.2023 23:30;6,31
02.10.2023 23:45;5,52
03.10.2023 00:00;5,20
03.10.2023 00:15;10,45
03.10.2023 00:30;8,87
03.10.2023 00:45;6,80
03.10.2023 01:00;5,96
03.10.2023 01:15;6,88
03.10.2023 01:30;7,46
03.10.2023 01:45;6,64
03.10.2023 02:00;5,00
03.10.2023 02:15;9,37
03.10.2023 02:30;6,30
03.10.2023 02:45;9,83
03.10.2023 03:00;6,18
03.10.2023 03:15;5,31
03.10.2023 03:30;8,57
03.10.2023 03:45;6,41
03.10.2023 04:00;6,07
03.10.2023 04:15;5,00
03.10.2023 04:30;7,12
03.10.2023 04:45;5,00
03.10.2023 05:00;5,00
03.10.2023 05:15;5,00
03.10.2023 05:30;6,68
03.10.2023 05:45;5,00
03.10.2023 06:00;5,38
03.10.2023 06:15;7,76
03.10.2023 06:30;4,86
03.10.2023 06:45;4,92
03.10.2023 07:00;16,61
03.10.2023 07:15;15,84
03.10.2023 07:30;20,65
03.10.2023 07:45;15,79
03.10.2023 08:00;21,81
03.10.2023 08:15;20,09
03.10.2023 08:30;19,34
03.10.2023 08:45;13,84
03.10.2023 09:00;21,51
03.10.2023 09:15;16,55
03.10.2023 09:30;24,47
03.10.2023 09:45;27,43
03.10.2023 10:00;23,90
03.10.2023 10:15;14,54
03.10.2023 10:30;21,48
03.10.2023 10:45;19,75
03.10.2023 11:00;13,82
03.10.2023 11:15;23,89
03.10.2023 11:30;17,82
03.10.2023 11:45;15,81
03.10.2023 12:00;18,08
03.10.2023 12:15;27,41
03.10.2023 12:30;30,01
03.10.2023 12:45;24,77
03.10.2023 13:00;26,05
03.10.2023 13:15;22,18
03.10.2023 13:30;26,44
03.10.2023 13:45;25,35
03.10.2023 14:00;26,76
03.10.2023 14:15;23,57
03.10.2023 14:30;28,45
03.10.2023 14:45;22,16
03.10.2023 15:00;21,22
03.10.2023 15:15;28,89
03.10.2023 15:30;20,21
03.10.2023 15:45;19,43
03.10.2023 16:00;27,93
03.10.2023 16:15;18,43
03.10.2023 16:30;23,43
03.10.2023 16:45;21,47
03.10.2023 17:00;21,45
03.10.2023 17:15;22,96
03.10.2023 17:30;21,99
03.10.2023 17:45;20,00
03.10.2023 18:00;18,05
03.10.2023 18:15;6,44
03.10.2023 18:30;9,22
03.10.2023 18:45;5,00
03.10.2023 19:00;9,63
03.10.2023 19:15;8,20
03.10.2023 19:30;8,54
03.10.2023 19:45;6,42
03.10.2023 20:00;8,15
03.10.2023 20:15;5,00
03.10.2023 20:30;5,00
03.10.2023 20:45;7,34
03.10.2023 21:00;6,40
03.10.2023 21:15;5,51
03.10.2023 21:30;5,00
03.10.2023 21:45;5,00
03.10.2023 22:00;5,00
03.10.2023 22:15;6,79
03.10.2023 22:30;5,42
03.10.2023 22:45;5,00
03.10.2023 23:00;11,09
03.10.2023 23:15;7,88
03.10.2023 23:30;7,92
03.10.2023 23:45;10,21
04.10.2023 00:00;7,42
04.10.2023 00:15;5,00
04.10.2023 00:30;5,00
04.10.2023 00:45;7,75
04.10.2023 01:00;5,00
04.10.2023 01:15;5,66
04.10.2023 01:30;5,00
04.10.2023 01:45;6,02
04.10.2023 02:00;7,53
04.10.2023 02:15;6,38
04.10.2023 02:30;7,70
04.10.2023 02:45;9,75
04.10.2023 03:00;5,53
04.10.2023 03:15;11,43
04.10.2023 03:30;6,24
04.10.2023 03:45;7,72
04.10.2023 04:00;5,00
04.10.2023 04:15;9,06
04.10.2023 04:30;7,90
04.10.2023 04:45;8,76
04.10.2023 05:00;5,93
04.10.2023 05:15;5,00
04.10.2023 05:30;6,74
04.10.2023 05:45;5,00
04.10.2023 06:00;5,15
04.10.2023 06:15;6,20
04.10.2023 06:30;10,19
04.10.2023 06:45;5,22
04.10.2023 07:00;17,86
04.10.2023 07:15;18,70
04.10.2023 07:30;13,70
04.10.2023 07:45;17,54
04.10.2023 08:00;17,06
04.10.2023 08:15;17,48
04.10.2023 08:30;15,18
04.10.2023 08:45;15,33
04.10.2023 09:00;18,19
04.10.2023 09:15;22,41
04.10.2023 09:30;16,58
04.10.2023 09:45;18,65
04.10.2023 10:00;17,70
04.10.2023 10:15;19,29
04.10.2023 10:30;16,09
04.10.2023 10:45;20,49
04.10.2023 11:00;27,20
04.10.2023 11:15;16,40
04.10.2023 11:30;24,01
04.10.2023 11:45;18,23
04.10.2023 12:00;28,71
04.10.2023 12:15;24,63
04.10.2023 12:30;18,52
04.10.2023 12:45;22,20
04.10.2023 13:00;20,74
04.10.2023 13:15;23,28
04.10.2023 13:30;22,51
04.10.2023 13:45;25,84
04.10.2023 14:00;16,78
04.10.2023 14:15;25,35
04.10.2023 14:30;17,61
04.10.2023 14:45;27,47
04.10.2023 15:00;18,37
04.10.2023 15:15;26,85
04.10.2023 15:30;27,08
04.10.2023 15:45;19,68
04.10.2023 16:00;23,31
04.10.2023 16:15;24,44
04.10.2023 16:30;26,39
04.10.2023 16:45;20,01
04.10.2023 17:00;23,41
04.10.2023 17:15;21,40
04.10.2023 17:30;20,55
04.10.2023 17:45;18,21
04.10.2023 18:00;20,61
04.10.2023 18:15;5,00
04.10.2023 18:30;6,85
04.10.2023 18:45;9,67
04.10.2023 19:00;7,78
04.10.2023 19:15;8,60
04.10.2023 19:30;5,00
04.10.2023 19:45;7,34
04.10.2023 20:00;5,00
04.10.2023 20:15;5,35
04.10.2023 20:30;9,30
04.10.2023 20:45;5,00
04.10.2023 21:00;8,04
04.10.2023 21:15;7,85
04.10.2023 21:30;7,97
04.10.2023 21:45;5,00
04.10.2023 22:00;6,87
04.10.2023 22:15;5,51
04.10.2023 22:30;8,00
04.10.2023 22:45;5,00
04.10.2023 23:00;6,55
04.10.2023 23:15;6,27
04.10.2023 23:30;5,00
04.10.2023 23:45;5,00
05.10.2023 00:00;5,00
05.10.2023 00:15;5,00
05.10.2023 00:30;6,93
05.10.2023 00:45;6,23
05.10.2023 01:00;6,17
05.10.2023 01:15;5,00
05.10.2023 01:30;8,08
05.10.2023 01:45;5,80
05.10.2023 02:00;5,90
05.10.2023 02:15;7,72
05.10.2023 02:30;5,00
05.10.2023 02:45;6,29
05.10.2023 03:00;6,68
05.10.2023 03:15;5,00
05.10.2023 03:30;7,14
05.10.2023 03:45;6,79
05.10.2023 04:00;5,63
05.10.2023 04:15;5,57
05.10.2023 04:30;6,88
05.10.2023 04:45;7,41
05.10.2023 05:00;5,96
05.10.2023 05:15;8,07
05.10.2023 05:30;7,15
05.10.2023 05:45;5,00
05.10.2023 06:00;5,00
05.10.2023 06:15;8,20
05.10.2023 06:30;5,12
05.10.2023 06:45;5,38
05.10.2023 07:00;19,89
05.10.2023 07:15;18,80
05.10.2023 07:30;16,67
05.10.2023 07:45;16,26
05.10.2023 08:00;17,63
05.10.2023 08:15;20,95
05.10.2023 08:30;15,78
05.10.2023 08:45;15,87
05.10.2023 09:00;21,82
05.10.2023 09:15;24,16
05.10.2023 09:30;18,97
05.10.2023 09:45;18,54
05.10.2023 10:00;24,42
05.10.2023 10:15;17,33
05.10.2023 10:30;20,48
05.10.2023 10:45;17,49
05.10.2023 11:00;24,02
05.10.2023 11:15;20,88
05.10.2023 11:30;20,29
05.10.2023 11:45;18,07
05.10.2023 12:00;27,85
05.10.2023 12:15;22,10
05.10.2023 12:30;22,51
05.10.2023 12:45;28,90
05.10.2023 13:00;27,25
05.10.2023 13:15;19,57
05.10.2023 13:30;18,64
05.10.2023 13:45;25,03
05.10.2023 14:00;21,58
05.10.2023 14:15;24,87
05.10.2023 14:30;23,10
05.10.2023 14:45;18,48
05.10.2023 15:00;24,79
05.10.2023 15:15;24,44
05.10.2023 15:30;21,20
05.10.2023 15:45;23,89
05.10.2023 16:00;26,46
05.10.2023 16:15;23,77
05.10.2023 16:30;19,32
05.10.2023 16:45;22,30
05.10.2023 17:00;24,75
05.10.2023 17:15;20,85
05.10.2023 17:30;21,20
05.10.2023 17:45;19,66
05.10.2023 18:00;16,98
05.10.2023 18:15;5,00
05.10.2023 18:30;5,00
05.10.2023 18:45;7,75
05.10.2023 19:00;6,04
05.10.2023 19:15;10,80
05.10.2023 19:30;5,00
05.10.2023 19:45;5,00
05.10.2023 20:00;8,90
05.10.2023 20:15;7,95
05.10.2023 20:30;6,60
05.10.2023 20:45;5,00
05.10.2023 21:00;9,32
05.10.2023 21:15;5,69
05.10.2023 21:30;5,00
05.10.2023 21:45;8,12
05.10.2023 22:00;5,79
05.10.2023 22:15;5,00
05.10.2023 22:30;5,92
05.10.2023 22:45;5,00
05.10.2023 23:00;5,00
05.10.2023 23:15;5,00
05.10.2023 23:30;5,00
05.10.2023 23:45;5,00
06.10.2023 00:00;7,00
06.10.2023 00:15;5,00
06.10.2023 00:30;6,81
06.10.2023 00:45;5,00
06.10.2023 01:00;7,67
06.10.2023 01:15;5,00
06.10.2023 01:30;5,00
06.10.2023 01:45;8,32
06.10.2023 02:00;5,00
06.10.2023 02:15;9,36
06.10.2023 02:30;6,98
06.10.2023 02:45;7,43
06.10.2023 03:00;7,94
06.10.2023 03:15;6,08
06.10.2023 03:30;6,10
06.10.2023 03:45;8,41
06.10.2023 04:00;6,07
06.10.2023 04:15;5,00
06.10.2023 04:30;7,02
06.10.2023 04:45;5,00
06.10.2023 05:00;8,49
06.10.2023 05:15;8,53
06.10.2023 05:30;8,25
06.10.2023 05:45;8,17
06.10.2023 06:00;5,68
06.10.2023 06:15;5,64
06.10.2023 06:30;4,96
06.10.2023 06:45;8,50
06.10.2023 07:00;16,27
06.10.2023 07:15;19,08
06.10.2023 07:30;17,87
06.10.2023 07:45;14,82
06.10.2023 08:00;16,58
06.10.2023 08:15;19,81
06.10.2023 08:30;18,42
06.10.2023 08:45;20,77
06.10.2023 09:00;24,77
06.10.2023 09:15;17,32
06.10.2023 09:30;27,98
06.10.2023 09:45;21,18
06.10.2023 10:00;16,49
06.10.2023 10:15;22,62
06.10.2023 10:30;22,36
06.10.2023 10:45;18,80
06.10.2023 11:00;33,91
06.10.2023 11:15;22,56
06.10.2023 11:30;28,78
06.10.2023 11:45;18,57
06.10.2023 12:00;24,70
06.10.2023 12:15;21,25
06.10.2023 12:30;29,73
06.10.2023 12:45;19,33
06.10.2023 13:00;28,81
06.10.2023 13:15;20,98
06.10.2023 13:30;25,76
06.10.2023 13:45;22,29
06.10.2023 14:00;20,24
06.10.2023 14:15;15,82
06.10.2023 14:30;23,67
06.10.2023 14:45;24,41
06.10.2023 15:00;25,34
06.10.2023 15:15;25,25
06.10.2023 15:30;27,58
06.10.2023 15:45;25,05
06.10.2023 16:00;27,82
06.10.2023 16:15;19,69
06.10.2023 16:30;25,51
06.10.2023 16:45;19,91
06.10.2023 17:00;21,11
06.10.2023 17:15;21,80
06.10.2023 17:30;25,52
06.10.2023 17:45;22,44
06.10.2023 18:00;18,57
06.10.2023 18:15;5,00
06.10.2023 18:30;7,85
06.10.2023 18:45;5,00
06.10.2023 19:00;6,28
06.10.2023 19:15;5,00
06.10.2023 19:30;6,99
06.10.2023 19:45;6,83
06.10.2023 20:00;5,00
06.10.2023 20:15;7,91
06.10.2023 20:30;6,96
06.10.2023 20:45;7,33
06.10.2023 21:00;5,09
06.10.2023 21:15;6,21
06.10.2023 21:30;5,98
06.10.2023 21:45;5,55
06.10.2023 22:00;6,19
06.10.2023 22:15;8,36
06.10.2023 22:30;8,00
06.10.2023 22:45;5,00
06.10.2023 23:00;7,82
06.10.2023 23:15;8,23
06.10.2023 23:30;5,55
06.10.2023 23:45;6,87
07.10.2023 00:00;5,00
07.10.2023 00:15;5,00
07.10.2023 00:30;5,00
07.10.2023 00:45;5,00
07.10.2023 01:00;5,00
07.10.2023 01:15;5,00
07.10.2023 01:30;5,00
07.10.2023 01:45;5,00
07.10.2023 02:00;6,31
07.10.2023 02:15;5,00
07.10.2023 02:30;5,00
07.10.2023 02:45;5,00
07.10.2023 03:00;5,00
07.10.2023 03:15;5,00
07.10.2023 03:30;5,00
07.10.2023 03:45;5,00
07.10.2023 04:00;5,00
07.10.2023 04:15;5,00
07.10.2023 04:30;5,00
07.10.2023 04:45;5,00
07.10.2023 05:00;5,00
07.10.2023 05:15;5,00
07.10.2023 05:30;5,00
07.10.2023 05:45;5,00
07.10.2023 06:00;5,00
07.10.2023 06:15;5,00
07.10.2023 06:30;5,00
07.10.2023 06:45;3,88
07.10.2023 07:00;4,35
07.10.2023 07:15;3,26
07.10.2023 07:30;5,87
07.10.2023 07:45;1,18
07.10.2023 08:00;5,76
07.10.2023 08:15;10,10
07.10.2023 08:30;3,32
07.10.2023 08:45;0,82
07.10.2023 09:00;2,74
07.10.2023 09:15;3,07
07.10.2023 09:30;2,44
07.10.2023 09:45;4,94
07.10.2023 10:00;2,63
07.10.2023 10:15;0,00
07.10.2023 10:30;0,01
07.10.2023 10:45;7,65
07.10.2023 11:00;0,00
07.10.2023 11:15;0,00
07.10.2023 11:30;0,00
07.10.2023 11:45;3,87
07.10.2023 12:00;5,51
07.10.2023 12:15;1,50
07.10.2023 12:30;0,00
07.10.2023 12:45;5,44
07.10.2023 13:00;4,19
07.10.2023 13:15;2,41
07.10.2023 13:30;3,00
07.10.2023 13:45;7,88
07.10.2023 14:00;2,20
07.10.2023 14:15;2,86
07.10.2023 14:30;6,69
07.10.2023 14:45;1,14
07.10.2023 15:00;6,32
07.10.2023 15:15;6,48
07.10.2023 15:30;7,55
07.10.2023 15:45;5,21
07.10.2023 16:00;3,89
07.10.2023 16:15;10,50
07.10.2023 16:30;8,04
07.10.2023 16:45;8,93
07.10.2023 17:00;12,79
07.10.2023 17:15;12,79
07.10.2023 17:30;10,09
07.10.2023 17:45;9,40
07.10.2023 18:00;9,98
07.10.2023 18:15;5,00
07.10.2023 18:30;5,00
07.10.2023 18:45;5,00
07.10.2023 19:00;5,00
07.10.2023 19:15;5,00
07.10.2023 19:30;5,00
07.10.2023 19:45;5,00
07.10.2023 20:00;5,00
07.10.2023 20:15;5,00
07.10.2023 20:30;5,00
07.10.2023 20:45;5,00
07.10.2023 21:00;5,00
07.10.2023 21:15;5,00
07.10.2023 21:30;5,00
07.10.2023 21:45;5,00
07.10.2023 22:00;5,00
07.10.2023 22:15;5,00
07.10.2023 22:30;5,00
07.10.2023 22:45;5,00
07.10.2023 23:00;5,00
07.10.2023 23:15;5,00
07.10.2023 23:30;5,00
07.10.2023 23:45;5,00
08.10.2023 00:00;5,00
08.10.2023 00:15;5,00
08.10.2023 00:30;5,00
08.10.2023 00:45;5,00
08.10.2023 01:00;5,00
08.10.2023 01:15;5,00
08.10.2023 01:30;5,00
08.10.2023 01:45;5,00
08.10.2023 02:00;5,00
08.10.2023 02:15;5,00
08.10.2023 02:30;5,00
08.10.2023 02:45;5,00
08.10.2023 03:00;5,00
08.10.2023 03:15;6,11
08.10.2023 03:30;5,00
08.10.2023 03:45;5,00
08.10.2023 04:00;5,00
08.10.2023 04:15;5,00
08.10.2023 04:30;5,00
08.10.2023 04:45;5,00
08.10.2023 05:00;5,00
08.10.2023 05:15;5,00
08.10.2023 05:30;5,00
08.10.2023 05:45;5,00
08.10.2023 06:00;5,00
08.10.2023 06:15;5,00
08.10.2023 06:30;5,32
08.10.2023 06:45;4,44
08.10.2023 07:00;6,03
08.10.2023 07:15;7,09
08.10.2023 07:30;7,29
08.10.2023 07:45;0,75
08.10.2023 08:00;4,31
08.10.2023 08:15;4,29
08.10.2023 08:30;12,41
08.10.2023 08:45;5,68
08.10.2023 09:00;0,20
08.10.2023 09:15;8,38
08.10.2023 09:30;7,75
08.10.2023 09:45;0,00
08.10.2023 10:00;5,66
08.10.2023 10:15;0,61
08.10.2023 10:30;0,00
08.10.2023 10:45;9,54
08.10.2023 11:00;6,17
08.10.2023 11:15;2,44
08.10.2023 11:30;0,00
08.10.2023 11:45;0,00
08.10.2023 12:00;5,16
08.10.2023 12:15;4,13
08.10.2023 12:30;0,00
08.10.2023 12:45;13,20
08.10.2023 13:00;0,96
08.10.2023 13:15;2,73
08.10.2023 13:30;11,93
08.10.2023 13:45;0,49
08.10.2023 14:00;4,77
08.10.2023 14:15;0,97
08.10.2023 14:30;6,31
08.10.2023 14:45;4,29
08.10.2023 15:00;9,95
08.10.2023 15:15;4,23
08.10.2023 15:30;6,53
08.10.2023 15:45;7,52
08.10.2023 16:00;3,77
08.10.2023 16:15;10,41
08.10.2023 16:30;6,84
08.10.2023 16:45;8,39
08.10.2023 17:00;9,74
08.10.2023 17:15;8,38
08.10.2023 17:30;9,63
08.10.2023 17:45;6,60
08.10.2023 18:00;9,03
08.10.2023 18:15;5,00
08.10.2023 18:30;5,00
08.10.2023 18:45;6,00
08.10.2023 19:00;5,00
08.10.2023 19:15;5,00
08.10.2023 19:30;5,00
08.10.2023 19:45;5,83
08.10.2023 20:00;5,00
08.10.2023 20:15;5,00
08.10.2023 20:30;5,00
08.10.2023 20:45;5,00
08.10.2023 21:00;5,00
08.10.2023 21:15;5,00
08.10.2023 21:30;6,06
08.10.2023 21:45;5,00
08.10.2023 22:00;5,00
08.10.2023 22:15;5,00
08.10.2023 22:30;5,00
08.10.2023 22:45;5,00
08.10.2023 23:00;5,00
08.10.2023 23:15;5,00
08.10.2023 23:30;5,00
08.10.2023 23:45;5,00
09.10.2023 00:00;8,51
09.10.2023 00:15;10,04
09.10.2023 00:30;5,54
09.10.2023 00:45;5,00
09.10.2023 01:00;8,91
09.10.2023 01:15;9,68
09.10.2023 01:30;5,56
09.10.2023 01:45;5,46
09.10.2023 02:00;5,74
09.10.2023 02:15;5,00
09.10.2023 02:30;5,31
09.10.2023 02:45;9,33
09.10.2023 03:00;5,56
09.10.2023 03:15;5,00
09.10.2023 03:30;6,89
09.10.2023 03:45;5,00
09.10.2023 04:00;5,76
09.10.2023 04:15;5,00
09.10.2023 04:30;5,00
09.10.2023 04:45;7,37
09.10.2023 05:00;6,13
09.10.2023 05:15;5,00
09.10.2023 05:30;6,13
09.10.2023 05:45;5,00
09.10.2023 06:00;5,00
09.10.2023 06:15;8,22
09.10.2023 06:30;7,46
09.10.2023 06:45;5,16
09.10.2023 07:00;18,64
09.10.2023 07:15;19,38
09.10.2023 07:30;18,44
09.10.2023 07:45;15,83
09.10.2023 08:00;19,14
09.10.2023 08:15;20,01
09.10.2023 08:30;24,78
09.10.2023 08:45;16,56
09.10.2023 09:00;24,84
09.10.2023 09:15;22,34
09.10.2023 09:30;17,20
09.10.2023 09:45;16,99
09.10.2023 10:00;19,40
09.10.2023 10:15;18,42
09.10.2023 10:30;19,10
09.10.2023 10:45;29,15
09.10.2023 11:00;29,03
09.10.2023 11:15;19,54
09.10.2023 11:30;24,37
09.10.2023 11:45;31,33
09.10.2023 12:00;23,17
09.10.2023 12:15;21,24
09.10.2023 12:30;22,29
09.10.2023 12:45;23,62
09.10.2023 13:00;25,55
09.10.2023 13:15;27,48
09.10.2023 13:30;24,50
09.10.2023 13:45;24,28
09.10.2023 14:00;23,43
09.10.2023 14:15;21,83
09.10.2023 14:30;22,02
09.10.2023 14:45;26,84
09.10.2023 15:00;20,76
09.10.2023 15:15;26,60
09.10.2023 15:30;26,15
09.10.2023 15:45;24,97
09.10.2023 16:00;20,34
09.10.2023 16:15;21,78
09.10.2023 16:30;22,72
09.10.2023 16:45;26,40
09.10.2023 17:00;22,59
09.10.2023 17:15;17,11
09.10.2023 17:30;18,76
09.10.2023 17:45;21,37
09.10.2023 18:00;16,70
09.10.2023 18:15;5,00
09.10.2023 18:30;5,92
09.10.2023 18:45;5,00
09.10.2023 19:00;5,14
09.10.2023 19:15;5,00
09.10.2023 19:30;5,00
09.10.2023 19:45;5,00
09.10.2023 20:00;5,00
09.10.2023 20:15;6,83
09.10.2023 20:30;8,29
09.10.2023 20:45;5,17
09.10.2023 21:00;5,00
09.10.2023 21:15;5,07
09.10.2023 21:30;5,00
09.10.2023 21:45;5,00
09.10.2023 22:00;5,00
09.10.2023 22:15;5,00
09.10.2023 22:30;9,16
09.10.2023 22:45;5,00
09.10.2023 23:00;5,00
09.10.2023 23:15;5,00
09.10.2023 23:30;5,00
09.10.2023 23:45;6,01
10.10.2023 00:00;5,81
10.10.2023 00:15;6,02
10.10.2023 00:30;5,83
10.10.2023 00:45;5,17
10.10.2023 01:00;5,00
10.10.2023 01:15;5,76
10.10.2023 01:30;7,95
10.10.2023 01:45;9,54
10.10.2023 02:00;5,44
10.10.2023 02:15;5,65
10.10.2023 02:30;6,91
10.10.2023 02:45;8,90
10.10.2023 03:00;5,00
10.10.2023 03:15;7,30
10.10.2023 03:30;5,00
10.10.2023 03:45;6,57
10.10.2023 04:00;7,85
10.10.2023 04:15;5,00
10.10.2023 04:30;5,00
10.10.2023 04:45;7,82
10.10.2023 05:00;7,14
10.10.2023 05:15;7,98
10.10.2023 05:30;7,61
10.10.2023 05:45;5,23
10.10.2023 06:00;10,31
10.10.2023 06:15;6,18
10.10.2023 06:30;5,00
10.10.2023 06:45;4,90
10.10.2023 07:00;17,10
10.10.2023 07:15;19,97
10.10.2023 07:30;17,59
10.10.2023 07:45;21,78
10.10.2023 08:00;21,64
10.10.2023 08:15;18,93
10.10.2023 08:30;18,85
10.10.2023 08:45;17,47
10.10.2023 09:00;27,55
10.10.2023 09:15;21,74
10.10.2023 09:30;26,51
10.10.2023 09:45;22,92
10.10.2023 10:00;23,90
10.10.2023 10:15;26,04
10.10.2023 10:30;21,34
10.10.2023 10:45;14,62
10.10.2023 11:00;23,85
10.10.2023 11:15;23,00
10.10.2023 11:30;25,39
10.10.2023 11:45;23,83
10.10.2023 12:00;29,28
10.10.2023 12:15;22,86
10.10.2023 12:30;24,12
10.10.2023 12:45;25,82
10.10.2023 13:00;18,96
10.10.2023 13:15;20,79
10.10.2023 13:30;24,32
10.10.2023 13:45;18,44
10.10.2023 14:00;27,09
10.10.2023 14:15;20,66
10.10.2023 14:30;25,94
10.10.2023 14:45;25,74
10.10.2023 15:00;23,57
10.10.2023 15:15;22,68
10.10.2023 15:30;23,50
10.10.2023 15:45;24,55
10.10.2023 16:00;25,46
10.10.2023 16:15;20,12
10.10.2023 16:30;20,54
10.10.2023 16:45;23,21
10.10.2023 17:00;17,06
10.10.2023 17:15;20,54
10.10.2023 17:30;25,47
10.10.2023 17:45;23,72
10.10.2023 18:00;20,68
10.10.2023 18:15;6,53
10.10.2023 18:30;5,00
10.10.2023 18:45;5,00
10.10.2023 19:00;5,32
10.10.2023 19:15;5,00
10.10.2023 19:30;5,21
10.10.2023 19:45;8,51
10.10.2023 20:00;5,00
10.10.2023 20:15;5,23
10.10.2023 20:30;7,39
10.10.2023 20:45;5,00
10.10.2023 21:00;5,00
10.10.2023 21:15;5,00
10.10.2023 21:30;6,02
10.10.2023 21:45;5,22
10.10.2023 22:00;5,28
10.10.2023 22:15;5,00
10.10.2023 22:30;5,00
10.10.2023 22:45;7,13
10.10.2023 23:00;5,24
10.10.2023 23:15;7,15
10.10.2023 23:30;5,00
10.10.2023 23:45;5,00
11.10.2023 00:00;5,48
11.10.2023 00:15;5,67
11.10.2023 00:30;7,44
11.10.2023 00:45;5,07
11.10.2023 01:00;7,42
11.10.2023 01:15;6,68
11.10.2023 01:30;5,71
11.10.2023 01:45;5,00
11.10.2023 02:00;7,44
11.10.2023 02:15;5,00
11.10.2023 02:30;5,88
11.10.2023 02:45;5,82
11.10.2023 03:00;5,51
11.10.2023 03:15;5,15
11.10.2023 03:30;5,00
11.10.2023 03:45;5,00
11.10.2023 04:00;8,73
11.10.2023 04:15;5,00
11.10.2023 04:30;5,67
11.10.2023 04:45;5,66
11.10.2023 05:00;8,12
11.10.2023 05:15;9,79
11.10.2023 05:30;6,25
11.10.2023 05:45;5,61
11.10.2023 06:00;5,00
11.10.2023 06:15;5,00
11.10.2023 06:30;5,00
11.10.2023 06:45;4,62
11.10.2023 07:00;14,28
11.10.2023 07:15;20,18
11.10.2023 07:30;18,86
11.10.2023 07:45;18,87
11.10.2023 08:00;22,99
11.10.2023 08:15;17,95
11.10.2023 08:30;20,91
11.10.2023 08:45;15,04
11.10.2023 09:00;23,12
11.10.2023 09:15;22,88
11.10.2023 09:30;18,19
11.10.2023 09:45;24,11
11.10.2023 10:00;27,60
11.10.2023 10:15;18,62
11.10.2023 10:30;19,38
11.10.2023 10:45;28,42
11.10.2023 11:00;22,61
11.10.2023 11:15;22,75
11.10.2023 11:30;20,25
11.10.2023 11:45;23,56
11.10.2023 12:00;25,16
11.10.2023 12:15;26,03
11.10.2023 12:30;22,17
11.10.2023 12:45;27,96
11.10.2023 13:00;20,38
11.10.2023 13:15;25,98
11.10.2023 13:30;22,77
11.10.2023 13:45;26,41
11.10.2023 14:00;21,41
11.10.2023 14:15;23,36
11.10.2023 14:30;22,92
11.10.2023 14:45;25,93
11.10.2023 15:00;22,45
11.10.2023 15:15;25,89
11.10.2023 15:30;23,59
11.10.2023 15:45;25,63
11.10.2023 16:00;26,70
11.10.2023 16:15;26,10
11.10.2023 16:30;21,34
11.10.2023 16:45;21,03
11.10.2023 17:00;23,76
11.10.2023 17:15;24,57
11.10.2023 17:30;22,29
11.10.2023 17:45;17,73
11.10.2023 18:00;17,66
11.10.2023 18:15;7,31
11.10.2023 18:30;5,23
11.10.2023 18:45;6,16
11.10.2023 19:00;8,06
11.10.2023 19:15;5,00
11.10.2023 19:30;5,10
11.10.2023 19:45;5,00
11.10.2023 20:00;6,64
11.10.2023 20:15;7,47
11.10.2023 20:30;5,00
11.10.2023 20:45;5,92
11.10.2023 21:00;7,67
11.10.2023 21:15;5,00
11.10.2023 21:30;5,80
11.10.2023 21:45;5,00
11.10.2023 22:00;5,00
11.10.2023 22:15;5,00
11.10.2023 22:30;8,71
11.10.2023 22:45;5,21
11.10.2023 23:00;5,00
11.10.2023 23:15;6,58
11.10.2023 23:30;5,00
11.10.2023 23:45;5,00
12.10.2023 00:00;8,96
12.10.2023 00:15;9,56
12.10.2023 00:30;5,00
12.10.2023 00:45;8,08
12.10.2023 01:00;6,65
12.10.2023 01:15;5,00
12.10.2023 01:30;5,00
12.10.2023 01:45;9,04
12.10.2023 02:00;5,00
12.10.2023 02:15;10,50
12.10.2023 02:30;5,00
12.10.2023 02:45;9,10
12.10.2023 03:00;5,33
12.10.2023 03:15;7,54
12.10.2023 03:30;8,73
12.10.2023 03:45;8,72
12.10.2023 04:00;5,00
12.10.2023 04:15;5,00
12.10.2023 04:30;5,78
12.10.2023 04:45;5,00
12.10.2023 05:00;6,42
12.10.2023 05:15;5,00
12.10.2023 05:30;8,11
12.10.2023 05:45;5,00
12.10.2023 06:00;5,00
12.10.2023 06:15;8,74
12.10.2023 06:30;6,31
12.10.2023 06:45;5,70
12.10.2023 07:00;21,30
12.10.2023 07:15;20,38
12.10.2023 07:30;18,02
12.10.2023 07:45;19,42
12.10.2023 08:00;16,21
12.10.2023 08:15;19,03
12.10.2023 08:30;22,32
12.10.2023 08:45;24,19
12.10.2023 09:00;23,82
12.10.2023 09:15;20,87
12.10.2023 09:30;25,74
12.10.2023 09:45;24,45
12.10.2023 10:00;14,46
12.10.2023 10:15;20,74
12.10.2023 10:30;25,57
12.10.2023 10:45;23,63
12.10.2023 11:00;21,31
12.10.2023 11:15;26,18
12.10.2023 11:30;20,33
12.10.2023 11:45;26,16
12.10.2023 12:00;20,96
12.10.2023 12:15;21,55
12.10.2023 12:30;18,45
12.10.2023 12:45;26,48
12.10.2023 13:00;27,24
12.10.2023 13:15;23,05
12.10.2023 13:30;24,05
12.10.2023 13:45;24,29
12.10.2023 14:00;28,38
12.10.2023 14:15;27,35
12.10.2023 14:30;24,16
12.10.2023 14:45;22,19
12.10.2023 15:00;25,85
12.10.2023 15:15;23,76
12.10.2023 15:30;28,69
12.10.2023 15:45;24,67
12.10.2023 16:00;25,13
12.10.2023 16:15;22,40
12.10.2023 16:30;26,78
12.10.2023 16:45;22,37
12.10.2023 17:00;21,49
12.10.2023 17:15;25,22
12.10.2023 17:30;22,70
12.10.2023 17:45;19,57
12.10.2023 18:00;18,97
12.10.2023 18:15;5,00
12.10.2023 18:30;9,99
12.10.2023 18:45;5,95
12.10.2023 19:00;6,26
12.10.2023 19:15;7,38
12.10.2023 19:30;5,00
12.10.2023 19:45;8,14
12.10.2023 20:00;5,00
12.10.2023 20:15;9,60
12.10.2023 20:30;5,32
12.10.2023 20:45;8,02
12.10.2023 21:00;5,00
12.10.2023 21:15;5,00
12.10.2023 21:30;5,35
12.10.2023 21:45;5,00
12.10.2023 22:00;7,14
12.10.2023 22:15;6,57
12.10.2023 22:30;5,00
12.10.2023 22:45;5,91
12.10.2023 23:00;7,55
12.10.2023 23:15;5,00
12.10.2023 23:30;5,00
12.10.2023 23:45;5,27
13.10.2023 00:00;6,00
13.10.2023 00:15;5,84
13.10.2023 00:30;7,74
13.10.2023 00:45;6,91
13.10.2023 01:00;7,35
13.10.2023 01:15;5,00
13.10.2023 01:30;6,25
13.10.2023 01:45;5,34
13.10.2023 02:00;8,88
13.10.2023 02:15;6,31
13.10.2023 02:30;5,00
13.10.2023 02:45;7,66
13.10.2023 03:00;7,08
13.10.2023 03:15;5,00
13.10.2023 03:30;5,26
13.10.2023 03:45;5,29
13.10.2023 04:00;8,41
13.10.2023 04:15;6,36
13.10.2023 04:30;7,41
13.10.2023 04:45;5,00
13.10.2023 05:00;6,63
13.10.2023 05:15;8,56
13.10.2023 05:30;5,24
13.10.2023 05:45;6,19
13.10.2023 06:00;5,00
13.10.2023 06:15;5,00
13.10.2023 06:30;5,29
13.10.2023 06:45;4,91
13.10.2023 07:00;21,60
13.10.2023 07:15;16,69
13.10.2023 07:30;21,26
13.10.2023 07:45;21,00
13.10.2023 08:00;19,26
13.10.2023 08:15;21,82
13.10.2023 08:30;17,82
13.10.2023 08:45;22,29
13.10.2023 09:00;16,31
13.10.2023 09:15;14,63
13.10.2023 09:30;16,25
13.10.2023 09:45;19,58
13.10.2023 10:00;24,09
13.10.2023 10:15;24,97
13.10.2023 10:30;26,66
13.10.2023 10:45;19,42
13.10.2023 11:00;25,26
13.10.2023 11:15;30,41
13.10.2023 11:30;23,05
13.10.2023 11:45;18,45
13.10.2023 12:00;32,03
13.10.2023 12:15;24,08
13.10.2023 12:30;26,34
13.10.2023 12:45;22,17
13.10.2023 13:00;33,41
13.10.2023 13:15;19,29
13.10.2023 13:30;29,22
13.10.2023 13:45;26,85
13.10.2023 14:00;22,77
13.10.2023 14:15;20,59
13.10.2023 14:30;24,13
13.10.2023 14:45;26,56
13.10.2023 15:00;23,74
13.10.2023 15:15;22,03
13.10.2023 15:30;28,17
13.10.2023 15:45;25,59
13.10.2023 16:00;23,45
13.10.2023 16:15;25,21
13.10.2023 16:30;27,58
13.10.2023 16:45;23,22
13.10.2023 17:00;24,90
13.10.2023 17:15;18,59
13.10.2023 17:30;19,60
13.10.2023 17:45;21,17
13.10.2023 18:00;17,84
13.10.2023 18:15;10,04
13.10.2023 18:30;7,15
13.10.2023 18:45;7,89
13.10.2023 19:00;5,90
13.10.2023 19:15;5,00
13.10.2023 19:30;5,00
13.10.2023 19:45;6,47
13.10.2023 20:00;5,00
13.10.2023 20:15;7,30
13.10.2023 20:30;7,38
13.10.2023 20:45;5,97
13.10.2023 21:00;5,00
13.10.2023 21:15;9,39
13.10.2023 21:30;5,53
13.10.2023 21:45;11,38
13.10.2023 22:00;7,26
13.10.2023 22:15;5,54
13.10.2023 22:30;6,85
13.10.2023 22:45;5,00
13.10.2023 23:00;8,01
13.10.2023 23:15;11,09
13.10.2023 23:30;5,00
13.10.2023 23:45;5,38
14.10.2023 00:00;5,00
14.10.2023 00:15;5,00
14.10.2023 00:30;6,60
14.10.2023 00:45;5,00
14.10.2023 01:00;6,67
14.10.2023 01:15;5,00
14.10.2023 01:30;5,00
14.10.2023 01:45;5,00
14.10.2023 02:00;5,00
14.10.2023 02:15;5,00
14.10.2023 02:30;5,00
14.10.2023 02:45;5,00
14.10.2023 03:00;5,00
14.10.2023 03:15;5,00
14.10.2023 03:30;5,00
14.10.2023 03:45;5,00
14.10.2023 04:00;5,00
14.10.2023 04:15;5,00
14.10.2023 04:30;5,00
14.10.2023 04:45;5,00
14.10.2023 05:00;5,00
14.10.2023 05:15;5,00
14.10.2023 05:30;5,00
14.10.2023 05:45;5,00
14.10.2023 06:00;5,00
14.10.2023 06:15;5,00
14.10.2023 06:30;7,92
14.10.2023 06:45;6,18
14.10.2023 07:00;6,84
14.10.2023 07:15;6,29
14.10.2023 07:30;11,93
14.10.2023 07:45;2,88
14.10.2023 08:00;4,78
14.10.2023 08:15;3,87
14.10.2023 08:30;7,25
14.10.2023 08:45;3,99
14.10.2023 09:00;2,59
14.10.2023 09:15;2,10
14.10.2023 09:30;3,55
14.10.2023 09:45;3,16
14.10.2023 10:00;7,30
14.10.2023 10:15;3,50
14.10.2023 10:30;0,00
14.10.2023 10:45;0,00
14.10.2023 11:00;0,05
14.10.2023 11:15;8,16
14.10.2023 11:30;0,91
14.10.2023 11:45;3,69
14.10.2023 12:00;10,53
14.10.2023 12:15;6,13
14.10.2023 12:30;1,16
14.10.2023 12:45;0,00
14.10.2023 13:00;0,62
14.10.2023 13:15;4,26
14.10.2023 13:30;5,08
14.10.2023 13:45;5,20
14.10.2023 14:00;9,60
14.10.2023 14:15;10,93
14.10.2023 14:30;12,05
14.10.2023 14:45;8,76
14.10.2023 15:00;4,05
14.10.2023 15:15;6,18
14.10.2023 15:30;8,51
14.10.2023 15:45;6,08
14.10.2023 16:00;7,20
14.10.2023 16:15;8,48
14.10.2023 16:30;5,82
14.10.2023 16:45;10,72
14.10.2023 17:00;7,01
14.10.2023 17:15;10,52
14.10.2023 17:30;11,43
14.10.2023 17:45;7,65
14.10.2023 18:00;10,28
14.10.2023 18:15;5,00
14.10.2023 18:30;5,00
14.10.2023 18:45;5,00
14.10.2023 19:00;5,00
14.10.2023 19:15;5,00
14.10.2023 19:30;5,81
14.10.2023 19:45;5,00
14.10.2023 20:00;5,00
14.10.2023 20:15;5,00
14.10.2023 20:30;5,00
14.10.2023 20:45;6,24
14.10.2023 21:00;5,00
14.10.2023 21:15;8,31
14.10.2023 21:30;5,00
14.10.2023 21:45;5,00
14.10.2023 22:00;5,00
14.10.2023 22:15;5,00
14.10.2023 22:30;5,00
14.10.2023 22:45;5,00
14.10.2023 23:00;5,00
14.10.2023 23:15;5,00
14.10.2023 23:30;5,00
14.10.2023 23:45;5,00
15.10.2023 00:00;5,00
15.10.2023 00:15;5,00
15.10.2023 00:30;5,00
15.10.2023 00:45;5,00
15.10.2023 01:00;5,00
15.10.2023 01:15;5,00
15.10.2023 01:30;5,25
15.10.2023 01:45;5,00
15.10.2023 02:00;5,00
15.10.2023 02:15;5,00
15.10.2023 02:30;5,00
15.10.2023 02:45;5,00
15.10.2023 03:00;5,00
15.10.2023 03:15;5,00
15.10.2023 03:30;5,00
15.10.2023 03:45;5,00
15.10.2023 04:00;5,00
15.10.2023 04:15;5,00
15.10.2023 04:30;5,00
15.10.2023 04:45;5,40
15.10.2023 05:00;5,00
15.10.2023 05:15;5,00
15.10.2023 05:30;5,00
15.10.2023 05:45;5,00
15.10.2023 06:00;5,00
15.10.2023 06:15;5,00
15.10.2023 06:30;5,00
15.10.2023 06:45;6,93
15.10.2023 07:00;10,29
15.10.2023 07:15;8,29
15.10.2023 07:30;2,43
15.10.2023 07:45;7,20
15.10.2023 08:00;5,65
15.10.2023 08:15;6,12
15.10.2023 08:30;3,50
15.10.2023 08:45;6,93
15.10.2023 09:00;2,25
15.10.2023 09:15;0,00
15.10.2023 09:30;6,59
15.10.2023 09:45;7,84
15.10.2023 10:00;2,42
15.10.2023 10:15;0,00
15.10.2023 10:30;5,69
15.10.2023 10:45;0,16
15.10.2023 11:00;3,76
15.10.2023 11:15;2,50
15.10.2023 11:30;0,36
15.10.2023 11:45;3,49
15.10.2023 12:00;5,69
15.10.2023 12:15;3,50
15.10.2023 12:30;5,50
15.10.2023 12:45;9,70
15.10.2023 13:00;6,62
15.10.2023 13:15;0,67
15.10.2023 13:30;8,42
15.10.2023 13:45;4,09
15.10.2023 14:00;7,95
15.10.2023 14:15;9,33
15.10.2023 14:30;3,21
15.10.2023 14:45;13,28
15.10.2023 15:00;2,34
15.10.2023 15:15;4,59
15.10.2023 15:30;11,91
15.10.2023 15:45;9,70
15.10.2023 16:00;6,73
15.10.2023 16:15;5,34
15.10.2023 16:30;11,47
15.10.2023 16:45;8,11
15.10.2023 17:00;8,85
15.10.2023 17:15;12,73
15.10.2023 17:30;8,19
15.10.2023 17:45;7,13
15.10.2023 18:00;9,62
15.10.2023 18:15;5,00
15.10.2023 18:30;5,00
15.10.2023 18:45;5,00
15.10.2023 19:00;5,00
15.10.2023 19:15;5,00
15.10.2023 19:30;5,00
15.10.2023 19:45;5,00
15.10.2023 20:00;5,00
15.10.2023 20:15;5,00
15.10.2023 20:30;5,00
15.10.2023 20:45;5,00
15.10.2023 21:00;5,00
15.10.2023 21:15;5,00
15.10.2023 21:30;5,00
15.10.2023 21:45;5,00
15.10.2023 22:00;5,00
15.10.2023 22:15;5,00
15.10.2023 22:30;5,00
15.10.2023 22:45;5,00
15.10.2023 23:00;5,00
15.10.2023 23:15;5,00
15.10.2023 23:30;5,00
15.10.2023 23:45;5,00
16.10.2023 00:00;6,58
16.10.2023 00:15;5,00
16.10.2023 00:30;5,00
16.10.2023 00:45;5,00
16.10.2023 01:00;7,22
16.10.2023 01:15;5,00
16.10.2023 01:30;5,00
16.10.2023 01:45;5,00
16.10.2023 02:00;5,17
16.10.2023 02:15;5,00
16.10.2023 02:30;9,89
16.10.2023 02:45;5,00
16.10.2023 03:00;5,10
16.10.2023 03:15;6,22
16.10.2023 03:30;5,00
16.10.2023 03:45;6,43
16.10.2023 04:00;5,00
16.10.2023 04:15;9,06
16.10.2023 04:30;5,00
16.10.2023 04:45;5,00
16.10.2023 05:00;5,00
16.10.2023 05:15;6,78
16.10.2023 05:30;5,77
16.10.2023 05:45;7,51
16.10.2023 06:00;7,01
16.10.2023 06:15;5,00
16.10.2023 06:30;5,03
16.10.2023 06:45;5,23
16.10.2023 07:00;22,81
16.10.2023 07:15;20,61
16.10.2023 07:30;24,02
16.10.2023 07:45;22,68
16.10.2023 08:00;22,98
16.10.2023 08:15;20,05
16.10.2023 08:30;23,82
16.10.2023 08:45;21,44
16.10.2023 09:00;18,99
16.10.2023 09:15;22,97
16.10.2023 09:30;22,64
16.10.2023 09:45;26,14
16.10.2023 10:00;24,63
16.10.2023 10:15;16,90
16.10.2023 10:30;31,33
16.10.2023 10:45;26,00
16.10.2023 11:00;22,87
16.10.2023 11:15;32,26
16.10.2023 11:30;24,85
16.10.2023 11:45;27,32
16.10.2023 12:00;20,63
16.10.2023 12:15;24,40
16.10.2023 12:30;24,75
16.10.2023 12:45;23,46
16.10.2023 13:00;25,29
16.10.2023 13:15;28,51
16.10.2023 13:30;25,33
16.10.2023 13:45;30,96
16.10.2023 14:00;27,65
16.10.2023 14:15;29,82
16.10.2023 14:30;24,01
16.10.2023 14:45;29,20
16.10.2023 15:00;26,13
16.10.2023 15:15;25,68
16.10.2023 15:30;24,06
16.10.2023 15:45;26,78
16.10.2023 16:00;21,13
16.10.2023 16:15;26,22
16.10.2023 16:30;20,59
16.10.2023 16:45;27,79
16.10.2023 17:00;22,89
16.10.2023 17:15;27,87
16.10.2023 17:30;25,75
16.10.2023 17:45;20,94
16.10.2023 18:00;18,57
16.10.2023 18:15;6,39
16.10.2023 18:30;5,64
16.10.2023 18:45;5,20
16.10.2023 19:00;5,00
16.10.2023 19:15;5,00
16.10.2023 19:30;5,00
16.10.2023 19:45;7,11
16.10.2023 20:00;7,99
16.10.2023 20:15;7,49
16.10.2023 20:30;6,69
16.10.2023 20:45;5,00
16.10.2023 21:00;6,41
16.10.2023 21:15;7,59
16.10.2023 21:30;5,00
16.10.2023 21:45;6,24
16.10.2023 22:00;5,71
16.10.2023 22:15;9,33
16.10.2023 22:30;7,71
16.10.2023 22:45;7,22
16.10.2023 23:00;5,00
16.10.2023 23:15;6,35
16.10.2023 23:30;5,69
16.10.2023 23:45;5,68
17.10.2023 00:00;5,00
17.10.2023 00:15;5,00
17.10.2023 00:30;5,88
17.10.2023 00:45;8,25
17.10.2023 01:00;5,00
17.10.2023 01:15;5,22
17.10.2023 01:30;9,58
17.10.2023 01:45;5,43
17.10.2023 02:00;5,76
17.10.2023 02:15;5,79
17.10.2023 02:30;5,00
17.10.2023 02:45;7,16
17.10.2023 03:00;5,00
17.10.2023 03:15;5,96
17.10.2023 03:30;6,91
17.10.2023 03:45;9,90
17.10.2023 04:00;5,00
17.10.2023 04:15;7,75
17.10.2023 04:30;7,76
17.10.2023 04:45;5,00
17.10.2023 05:00;7,22
17.10.2023 05:15;9,31
17.10.2023 05:30;5,00
17.10.2023 05:45;6,50
17.10.2023 06:00;6,83
17.10.2023 06:15;7,09
17.10.2023 06:30;7,56
17.10.2023 06:45;6,35
17.10.2023 07:00;20,52
17.10.2023 07:15;19,19
17.10.2023 07:30;19,91
17.10.2023 07:45;21,68
17.10.2023 08:00;21,21
17.10.2023 08:15;18,52
17.10.2023 08:30;24,26
17.10.2023 08:45;22,20
17.10.2023 09:00;19,46
17.10.2023 09:15;22,73
17.10.2023 09:30;23,78
17.10.2023 09:45;25,85
17.10.2023 10:00;25,18
17.10.2023 10:15;27,85
17.10.2023 10:30;26,92
17.10.2023 10:45;25,89
17.10.2023 11:00;28,12
17.10.2023 11:15;25,16
17.10.2023 11:30;32,35
17.10.2023 11:45;30,48
17.10.2023 12:00;28,12
17.10.2023 12:15;29,09
17.10.2023 12:30;27,30
17.10.2023 12:45;25,64
17.10.2023 13:00;30,23
17.10.2023 13:15;28,06
17.10.2023 13:30;23,26
17.10.2023 13:45;21,57
17.10.2023 14:00;29,61
17.10.2023 14:15;23,57
17.10.2023 14:30;21,92
17.10.2023 14:45;21,39
17.10.2023 15:00;26,28
17.10.2023 15:15;22,68
17.10.2023 15:30;27,95
17.10.2023 15:45;29,08
17.10.2023 16:00;26,17
17.10.2023 16:15;23,94
17.10.2023 16:30;22,22
17.10.2023 16:45;25,49
17.10.2023 17:00;26,16
17.10.2023 17:15;22,33
17.10.2023 17:30;23,36
17.10.2023 17:45;24,37
17.10.2023 18:00;20,74
17.10.2023 18:15;5,23
17.10.2023 18:30;8,10
17.10.2023 18:45;5,00
17.10.2023 19:00;5,00
17.10.2023 19:15;7,64
17.10.2023 19:30;5,21
17.10.2023 19:45;5,39
17.10.2023 20:00;5,00
17.10.2023 20:15;5,07
17.10.2023 20:30;8,83
17.10.2023 20:45;9,34
17.10.2023 21:00;9,61
17.10.2023 21:15;8,20
17.10.2023 21:30;6,95
17.10.2023 21:45;5,00
17.10.2023 22:00;5,64
17.10.2023 22:15;10,33
17.10.2023 22:30;5,15
17.10.2023 22:45;9,05
17.10.2023 23:00;6,13
17.10.2023 23:15;5,00
17.10.2023 23:30;7,30
17.10.2023 23:45;8,55
18.10.2023 00:00;5,94
18.10.2023 00:15;8,50
18.10.2023 00:30;5,00
18.10.2023 00:45;5,00
18.10.2023 01:00;6,44
18.10.2023 01:15;6,99
18.10.2023 01:30;8,75
18.10.2023 01:45;7,31
18.10.2023 02:00;5,00
18.10.2023 02:15;6,46
18.10.2023 02:30;7,24
18.10.2023 02:45;5,00
18.10.2023 03:00;5,95
18.10.2023 03:15;5,36
18.10.2023 03:30;5,00
18.10.2023 03:45;7,03
18.10.2023 04:00;5,00
18.10.2023 04:15;6,87
18.10.2023 04:30;7,15
18.10.2023 04:45;8,20
18.10.2023 05:00;5,00
18.10.2023 05:15;5,00
18.10.2023 05:30;6,59
18.10.2023 05:45;5,46
18.10.2023 06:00;11,84
18.10.2023 06:15;6,95
18.10.2023 06:30;6,15
18.10.2023 06:45;5,69
18.10.2023 07:00;17,02
18.10.2023 07:15;21,67
18.10.2023 07:30;20,78
18.10.2023 07:45;19,43
18.10.2023 08:00;21,76
18.10.2023 08:15;24,89
18.10.2023 08:30;16,01
18.10.2023 08:45;24,07
18.10.2023 09:00;19,84
18.10.2023 09:15;22,59
18.10.2023 09:30;22,63
18.10.2023 09:45;30,15
18.10.2023 10:00;18,32
18.10.2023 10:15;20,29
18.10.2023 10:30;29,38
18.10.2023 10:45;24,16
18.10.2023 11:00;22,28
18.10.2023 11:15;21,49
18.10.2023 11:30;28,73
18.10.2023 11:45;28,19
18.10.2023 12:00;25,52
18.10.2023 12:15;26,35
18.10.2023 12:30;26,48
18.10.2023 12:45;20,78
18.10.2023 13:00;23,04
18.10.2023 13:15;29,56
18.10.2023 13:30;22,84
18.10.2023 13:45;27,88
18.10.2023 14:00;27,33
18.10.2023 14:15;21,13
18.10.2023 14:30;23,56
18.10.2023 14:45;24,49
18.10.2023 15:00;29,66
18.10.2023 15:15;25,49
18.10.2023 15:30;28,59
18.10.2023 15:45;22,96
18.10.2023 16:00;24,44
18.10.2023 16:15;25,57
18.10.2023 16:30;21,70
18.10.2023 16:45;22,89
18.10.2023 17:00;23,18
18.10.2023 17:15;26,03
18.10.2023 17:30;21,26
18.10.2023 17:45;18,72
18.10.2023 18:00;20,38
18.10.2023 18:15;6,09
18.10.2023 18:30;5,05
18.10.2023 18:45;5,71
18.10.2023 19:00;7,99
18.10.2023 19:15;7,38
18.10.2023 19:30;7,20
18.10.2023 19:45;5,00
18.10.2023 20:00;11,81
18.10.2023 20:15;8,14
18.10.2023 20:30;7,07
18.10.2023 20:45;5,00
18.10.2023 21:00;7,93
18.10.2023 21:15;5,03
18.10.2023 21:30;5,65
18.10.2023 21:45;5,00
18.10.2023 22:00;5,00
18.10.2023 22:15;6,91
18.10.2023 22:30;8,05
18.10.2023 22:45;7,40
18.10.2023 23:00;7,34
18.10.2023 23:15;5,91
18.10.2023 23:30;5,22
18.10.2023 23:45;6,61
19.10.2023 00:00;7,69
19.10.2023 00:15;6,06
19.10.2023 00:30;8,47
19.10.2023 00:45;5,62
19.10.2023 01:00;5,00
19.10.2023 01:15;6,03
19.10.2023 01:30;6,26
19.10.2023 01:45;5,89
19.10.2023 02:00;8,61
19.10.2023 02:15;7,66
19.10.2023 02:30;5,00
19.10.2023 02:45;9,12
19.10.2023 03:00;5,00
19.10.2023 03:15;10,35
19.10.2023 03:30;5,48
19.10.2023 03:45;5,67
19.10.2023 04:00;5,93
19.10.2023 04:15;6,82
19.10.2023 04:30;6,05
19.10.2023 04:45;5,78
19.10.2023 05:00;8,67
19.10.2023 05:15;7,18
19.10.2023 05:30;5,00
19.10.2023 05:45;7,53
19.10.2023 06:00;7,10
19.10.2023 06:15;5,00
19.10.2023 06:30;7,63
19.10.2023 06:45;5,74
19.10.2023 07:00;19,40
19.10.2023 07:15;20,02
19.10.2023 07:30;15,98
19.10.2023 07:45;19,10
19.10.2023 08:00;25,10
19.10.2023 08:15;19,61
19.10.2023 08:30;17,14
19.10.2023 08:45;21,72
19.10.2023 09:00;20,60
19.10.2023 09:15;20,22
19.10.2023 09:30;26,68
19.10.2023 09:45;22,55
19.10.2023 10:00;22,09
19.10.2023 10:15;23,15
19.10.2023 10:30;26,39
19.10.2023 10:45;23,93
19.10.2023 11:00;25,14
19.10.2023 11:15;23,52
19.10.2023 11:30;28,25
19.10.2023 11:45;28,51
19.10.2023 12:00;21,51
19.10.2023 12:15;26,65
19.10.2023 12:30;30,44
19.10.2023 12:45;23,26
19.10.2023 13:00;28,61
19.10.2023 13:15;30,30
19.10.2023 13:30;28,57
19.10.2023 13:45;25,37
19.10.2023 14:00;27,48
19.10.2023 14:15;23,49
19.10.2023 14:30;27,53
19.10.2023 14:45;31,49
19.10.2023 15:00;24,12
19.10.2023 15:15;30,27
19.10.2023 15:30;22,32
19.10.2023 15:45;27,83
19.10.2023 16:00;28,19
19.10.2023 16:15;25,26
19.10.2023 16:30;27,45
19.10.2023 16:45;23,69
19.10.2023 17:00;27,92
19.10.2023 17:15;26,35
19.10.2023 17:30;20,78
19.10.2023 17:45;20,37
19.10.2023 18:00;22,68
19.10.2023 18:15;9,64
19.10.2023 18:30;5,00
19.10.2023 18:45;5,00
19.10.2023 19:00;5,76
19.10.2023 19:15;5,00
19.10.2023 19:30;6,09
19.10.2023 19:45;8,42
19.10.2023 20:00;5,00
19.10.2023 20:15;6,30
19.10.2023 20:30;5,00
19.10.2023 20:45;9,33
19.10.2023 21:00;5,00
19.10.2023 21:15;9,09
19.10.2023 21:30;5,00
19.10.2023 21:45;7,59
19.10.2023 22:00;6,55
19.10.2023 22:15;5,77
19.10.2023 22:30;5,00
19.10.2023 22:45;6,70
19.10.2023 23:00;5,17
19.10.2023 23:15;5,00
19.10.2023 23:30;9,00
19.10.2023 23:45;7,15
20.10.2023 00:00;7,35
20.10.2023 00:15;5,28
20.10.2023 00:30;5,69
20.10.2023 00:45;5,57
20.10.2023 01:00;6,74
20.10.2023 01:15;7,35
20.10.2023 01:30;6,01
20.10.2023 01:45;5,00
20.10.2023 02:00;7,59
20.10.2023 02:15;6,13
20.10.2023 02:30;5,00
20.10.2023 02:45;5,00
20.10.2023 03:00;6,66
20.10.2023 03:15;5,00
20.10.2023 03:30;6,93
20.10.2023 03:45;5,00
20.10.2023 04:00;6,33
20.10.2023 04:15;5,31
20.10.2023 04:30;9,57
20.10.2023 04:45;7,97
20.10.2023 05:00;8,76
20.10.2023 05:15;6,11
20.10.2023 05:30;7,71
20.10.2023 05:45;6,25
20.10.2023 06:00;9,00
20.10.2023 06:15;5,92
20.10.2023 06:30;5,00
20.10.2023 06:45;5,00
20.10.2023 07:00;23,29
20.10.2023 07:15;21,30
20.10.2023 07:30;22,31
20.10.2023 07:45;26,13
20.10.2023 08:00;17,64
20.10.2023 08:15;20,41
20.10.2023 08:30;20,93
20.10.2023 08:45;21,50
20.10.2023 09:00;24,78
20.10.2023 09:15;17,80
20.10.2023 09:30;17,90
20.10.2023 09:45;22,74
20.10.2023 10:00;23,69
20.10.2023 10:15;21,94
20.10.2023 10:30;28,52
20.10.2023 10:45;25,90
20.10.2023 11:00;17,77
20.10.2023 11:15;19,93
20.10.2023 11:30;22,95
20.10.2023 11:45;31,00
20.10.2023 12:00;31,05
20.10.2023 12:15;23,38
20.10.2023 12:30;21,70
20.10.2023 12:45;24,48
20.10.2023 13:00;26,98
20.10.2023 13:15;27,13
20.10.2023 13:30;30,96
20.10.2023 13:45;31,37
20.10.2023 14:00;24,38
20.10.2023 14:15;27,88
20.10.2023 14:30;29,48
20.10.2023 14:45;27,72
20.10.2023 15:00;24,63
20.10.2023 15:15;24,07
20.10.2023 15:30;27,66
20.10.2023 15:45;26,50
20.10.2023 16:00;25,23
20.10.2023 16:15;22,63
20.10.2023 16:30;24,75
20.10.2023 16:45;22,84
20.10.2023 17:00;24,54
20.10.2023 17:15;23,84
20.10.2023 17:30;17,71
20.10.2023 17:45;20,91
20.10.2023 18:00;17,87
20.10.2023 18:15;7,06
20.10.2023 18:30;7,34
20.10.2023 18:45;5,21
20.10.2023 19:00;7,16
20.10.2023 19:15;7,25
20.10.2023 19:30;5,61
20.10.2023 19:45;9,13
20.10.2023 20:00;5,00
20.10.2023 20:15;9,01
20.10.2023 20:30;5,62
20.10.2023 20:45;5,00
20.10.2023 21:00;5,36
20.10.2023 21:15;5,00
20.10.2023 21:30;7,63
20.10.2023 21:45;5,00
20.10.2023 22:00;8,85
20.10.2023 22:15;5,00
20.10.2023 22:30;7,74
20.10.2023 22:45;6,11
20.10.2023 23:00;6,61
20.10.2023 23:15;5,00
20.10.2023 23:30;6,77
20.10.2023 23:45;6,34
21.10.2023 00:00;5,00
21.10.2023 00:15;5,00
21.10.2023 00:30;5,00
21.10.2023 00:45;5,00
21.10.2023 01:00;5,00
21.10.2023 01:15;5,00
21.10.2023 01:30;5,00
21.10.2023 01:45;5,00
21.10.2023 02:00;5,00
21.10.2023 02:15;5,00
21.10.2023 02:30;5,00
21.10.2023 02:45;5,00
21.10.2023 03:00;5,00
21.10.2023 03:15;5,00
21.10.2023 03:30;5,00
21.10.2023 03:45;5,00
21.10.2023 04:00;5,00
21.10.2023 04:15;5,00
21.10.2023 04:30;5,00
21.10.2023 04:45;5,00
21.10.2023 05:00;5,00
21.10.2023 05:15;5,00
21.10.2023 05:30;5,00
21.10.2023 05:45;5,00
21.10.2023 06:00;5,00
21.10.2023 06:15;5,00
21.10.2023 06:30;5,00
21.10.2023 06:45;5,00
21.10.2023 07:00;9,96
21.10.2023 07:15;9,31
21.10.2023 07:30;9,65
21.10.2023 07:45;10,02
21.10.2023 08:00;4,68
21.10.2023 08:15;6,31
21.10.2023 08:30;8,61
21.10.2023 08:45;2,84
21.10.2023 09:00;6,50
21.10.2023 09:15;7,09
21.10.2023 09:30;8,45
21.10.2023 09:45;2,59
21.10.2023 10:00;12,13
21.10.2023 10:15;1,16
21.10.2023 10:30;3,46
21.10.2023 10:45;5,66
21.10.2023 11:00;1,40
21.10.2023 11:15;0,00
21.10.2023 11:30;7,51
21.10.2023 11:45;11,38
21.10.2023 12:00;4,05
21.10.2023 12:15;0,00
21.10.2023 12:30;9,41
21.10.2023 12:45;5,05
21.10.2023 13:00;0,30
21.10.2023 13:15;0,00
21.10.2023 13:30;6,34
21.10.2023 13:45;7,64
21.10.2023 14:00;11,37
21.10.2023 14:15;0,00
21.10.2023 14:30;6,43
21.10.2023 14:45;10,29
21.10.2023 15:00;4,05
21.10.2023 15:15;6,76
21.10.2023 15:30;7,02
21.10.2023 15:45;7,50
21.10.2023 16:00;9,70
21.10.2023 16:15;12,18
21.10.2023 16:30;12,11
21.10.2023 16:45;6,40
21.10.2023 17:00;8,22
21.10.2023 17:15;12,09
21.10.2023 17:30;7,57
21.10.2023 17:45;8,46
21.10.2023 18:00;5,00
21.10.2023 18:15;5,00
21.10.2023 18:30;5,00
21.10.2023 18:45;5,00
21.10.2023 19:00;5,00
21.10.2023 19:15;6,27
21.10.2023 19:30;5,00
21.10.2023 19:45;5,00
21.10.2023 20:00;5,00
21.10.2023 20:15;5,00
21.10.2023 20:30;5,00
21.10.2023 20:45;5,00
21.10.2023 21:00;5,00
21.10.2023 21:15;5,00
21.10.2023 21:30;5,00
21.10.2023 21:45;5,00
21.10.2023 22:00;5,00
21.10.2023 22:15;5,00
21.10.2023 22:30;5,00
21.10.2023 22:45;5,00
21.10.2023 23:00;5,00
21.10.2023 23:15;5,00
21.10.2023 23:30;5,00
21.10.2023 23:45;5,00
22.10.2023 00:00;5,00
22.10.2023 00:15;5,00
22.10.2023 00:30;5,00
22.10.2023 00:45;5,00
22.10.2023 01:00;5,00
22.10.2023 01:15;5,00
22.10.2023 01:30;5,00
22.10.2023 01:45;5,00
22.10.2023 02:00;5,00
22.10.2023 02:15;5,00
22.10.2023 02:30;5,00
22.10.2023 02:45;5,00
22.10.2023 03:00;5,82
22.10.2023 03:15;5,00
22.10.2023 03:30;5,00
22.10.2023 03:45;5,00
22.10.2023 04:00;5,00
22.10.2023 04:15;5,15
22.10.2023 04:30;6,86
22.10.2023 04:45;5,00
22.10.2023 05:00;5,00
22.10.2023 05:15;5,00
22.10.2023 05:30;5,00
22.10.2023 05:45;5,00
22.10.2023 06:00;5,00
22.10.2023 06:15;5,00
22.10.2023 06:30;5,00
22.10.2023 06:45;6,03
22.10.2023 07:00;10,33
22.10.2023 07:15;8,53
22.10.2023 07:30;8,90
22.10.2023 07:45;2,29
22.10.2023 08:00;6,77
22.10.2023 08:15;11,71
22.10.2023 08:30;2,00
22.10.2023 08:45;11,44
22.10.2023 09:00;0,33
22.10.2023 09:15;1,56
22.10.2023 09:30;4,98
22.10.2023 09:45;2,38
22.10.2023 10:00;7,43
22.10.2023 10:15;9,76
22.10.2023 10:30;4,56
22.10.2023 10:45;2,46
22.10.2023 11:00;4,05
22.10.2023 11:15;4,71
22.10.2023 11:30;5,42
22.10.2023 11:45;0,92
22.10.2023 12:00;3,19
22.10.2023 12:15;5,32
22.10.2023 12:30;4,49
22.10.2023 12:45;10,23
22.10.2023 13:00;5,58
22.10.2023 13:15;3,39
22.10.2023 13:30;3,54
22.10.2023 13:45;4,99
22.10.2023 14:00;4,34
22.10.2023 14:15;6,08
22.10.2023 14:30;3,00
22.10.2023 14:45;4,37
22.10.2023 15:00;11,22
22.10.2023 15:15;5,49
22.10.2023 15:30;6,58
22.10.2023 15:45;6,80
22.10.2023 16:00;6,32
22.10.2023 16:15;10,94
22.10.2023 16:30;8,16
22.10.2023 16:45;10,31
22.10.2023 17:00;10,51
22.10.2023 17:15;7,81
22.10.2023 17:30;9,37
22.10.2023 17:45;6,72
22.10.2023 18:00;9,17
22.10.2023 18:15;5,00
22.10.2023 18:30;5,00
22.10.2023 18:45;5,00
22.10.2023 19:00;5,00
22.10.2023 19:15;5,00
22.10.2023 19:30;5,00
22.10.2023 19:45;5,00
22.10.2023 20:00;5,00
22.10.2023 20:15;5,00
22.10.2023 20:30;5,00
22.10.2023 20:45;5,00
22.10.2023 21:00;5,00
22.10.2023 21:15;5,00
22.10.2023 21:30;5,00
22.10.2023 21:45;5,00
22.10.2023 22:00;5,00
22.10.2023 22:15;5,00
22.10.2023 22:30;5,00
22.10.2023 22:45;5,78
22.10.2023 23:00;5,00
22.10.2023 23:15;5,00
22.10.2023 23:30;5,00
22.10.2023 23:45;5,55
23.10.2023 00:00;5,00
23.10.2023 00:15;5,67
23.10.2023 00:30;5,43
23.10.2023 00:45;6,26
23.10.2023 01:00;11,12
23.10.2023 01:15;6,17
23.10.2023 01:30;5,00
23.10.2023 01:45;5,00
23.10.2023 02:00;8,62
23.10.2023 02:15;5,00
23.10.2023 02:30;7,44
23.10.2023 02:45;5,00
23.10.2023 03:00;5,00
23.10.2023 03:15;7,32
23.10.2023 03:30;5,00
23.10.2023 03:45;6,96
23.10.2023 04:00;7,11
23.10.2023 04:15;7,20
23.10.2023 04:30;5,58
23.10.2023 04:45;7,48
23.10.2023 05:00;5,00
23.10.2023 05:15;5,00
23.10.2023 05:30;7,53
23.10.2023 05:45;6,44
23.10.2023 06:00;5,00
23.10.2023 06:15;5,00
23.10.2023 06:30;5,00
23.10.2023 06:45;6,22
23.10.2023 07:00;23,67
23.10.2023 07:15;20,29
23.10.2023 07:30;20,62
23.10.2023 07:45;20,38
23.10.2023 08:00;27,60
23.10.2023 08:15;23,22
23.10.2023 08:30;21,17
23.10.2023 08:45;24,45
23.10.2023 09:00;23,45
23.10.2023 09:15;18,79
23.10.2023 09:30;24,54
23.10.2023 09:45;22,01
23.10.2023 10:00;27,45
23.10.2023 10:15;22,43
23.10.2023 10:30;26,45
23.10.2023 10:45;23,91
23.10.2023 11:00;21,32
23.10.2023 11:15;24,25
23.10.2023 11:30;35,52
23.10.2023 11:45;23,30
23.10.2023 12:00;20,68
23.10.2023 12:15;20,19
23.10.2023 12:30;27,71
23.10.2023 12:45;23,39
23.10.2023 13:00;26,89
23.10.2023 13:15;26,05
23.10.2023 13:30;22,36
23.10.2023 13:45;25,18
23.10.2023 14:00;35,50
23.10.2023 14:15;26,60
23.10.2023 14:30;24,22
23.10.2023 14:45;29,65
23.10.2023 15:00;23,76
23.10.2023 15:15;31,57
23.10.2023 15:30;28,30
23.10.2023 15:45;29,60
23.10.2023 16:00;27,54
23.10.2023 16:15;23,79
23.10.2023 16:30;24,54
23.10.2023 16:45;26,95
23.10.2023 17:00;23,34
23.10.2023 17:15;25,46
23.10.2023 17:30;21,17
23.10.2023 17:45;22,23
23.10.2023 18:00;18,25
23.10.2023 18:15;7,67
23.10.2023 18:30;5,00
23.10.2023 18:45;6,66
23.10.2023 19:00;5,72
23.10.2023 19:15;6,32
23.10.2023 19:30;5,32
23.10.2023 19:45;5,27
23.10.2023 20:00;6,42
23.10.2023 20:15;5,00
23.10.2023 20:30;5,00
23.10.2023 20:45;5,39
23.10.2023 21:00;5,32
23.10.2023 21:15;5,00
23.10.2023 21:30;7,96
23.10.2023 21:45;5,44
23.10.2023 22:00;5,66
23.10.2023 22:15;5,00
23.10.2023 22:30;10,26
23.10.2023 22:45;10,97
23.10.2023 23:00;5,00
23.10.2023 23:15;8,56
23.10.2023 23:30;5,93
23.10.2023 23:45;9,32
24.10.2023 00:00;6,80
24.10.2023 00:15;6,33
24.10.2023 00:30;5,00
24.10.2023 00:45;5,00
24.10.2023 01:00;6,17
24.10.2023 01:15;6,52
24.10.2023 01:30;5,00
24.10.2023 01:45;5,00
24.10.2023 02:00;7,23
24.10.2023 02:15;5,00
24.10.2023 02:30;6,39
24.10.2023 02:45;8,60
24.10.2023 03:00;6,90
24.10.2023 03:15;6,80
24.10.2023 03:30;5,00
24.10.2023 03:45;5,00
24.10.2023 04:00;10,24
24.10.2023 04:15;5,00
24.10.2023 04:30;8,66
24.10.2023 04:45;5,00
24.10.2023 05:00;5,57
24.10.2023 05:15;7,16
24.10.2023 05:30;6,33
24.10.2023 05:45;6,89
24.10.2023 06:00;5,00
24.10.2023 06:15;5,00
24.10.2023 06:30;5,00
24.10.2023 06:45;5,06
24.10.2023 07:00;19,97
24.10.2023 07:15;23,49
24.10.2023 07:30;21,99
24.10.2023 07:45;22,09
24.10.2023 08:00;20,96
24.10.2023 08:15;19,90
24.10.2023 08:30;22,63
24.10.2023 08:45;26,18
24.10.2023 09:00;22,53
24.10.2023 09:15;20,45
24.10.2023 09:30;19,34
24.10.2023 09:45;24,87
24.10.2023 10:00;24,12
24.10.2023 10:15;27,24
24.10.2023 10:30;22,70
24.10.2023 10:45;25,03
24.10.2023 11:00;25,51
24.10.2023 11:15;26,71
24.10.2023 11:30;34,08
24.10.2023 11:45;30,29
24.10.2023 12:00;24,79
24.10.2023 12:15;23,89
24.10.2023 12:30;26,88
24.10.2023 12:45;31,26
24.10.2023 13:00;23,88
24.10.2023 13:15;26,10
24.10.2023 13:30;27,57
24.10.2023 13:45;29,73
24.10.2023 14:00;35,72
24.10.2023 14:15;28,93
24.10.2023 14:30;24,85
24.10.2023 14:45;30,25
24.10.2023 15:00;26,12
24.10.2023 15:15;29,72
24.10.2023 15:30;29,69
24.10.2023 15:45;30,61
24.10.2023 16:00;24,23
24.10.2023 16:15;26,25
24.10.2023 16:30;26,86
24.10.2023 16:45;25,53
24.10.2023 17:00;22,25
24.10.2023 17:15;22,02
24.10.2023 17:30;20,03
24.10.2023 17:45;22,58
24.10.2023 18:00;18,06
24.10.2023 18:15;6,51
24.10.2023 18:30;9,79
24.10.2023 18:45;8,98
24.10.2023 19:00;5,00
24.10.2023 19:15;5,00
24.10.2023 19:30;5,00
24.10.2023 19:45;5,00
24.10.2023 20:00;5,00
24.10.2023 20:15;6,11
24.10.2023 20:30;7,54
24.10.2023 20:45;8,04
24.10.2023 21:00;5,18
24.10.2023 21:15;5,58
24.10.2023 21:30;6,84
24.10.2023 21:45;5,91
24.10.2023 22:00;7,75
24.10.2023 22:15;6,99
24.10.2023 22:30;5,37
24.10.2023 22:45;5,00
24.10.2023 23:00;9,13
24.10.2023 23:15;5,00
24.10.2023 23:30;6,84
24.10.2023 23:45;5,00
25.10.2023 00:00;6,12
25.10.2023 00:15;6,34
25.10.2023 00:30;6,44
25.10.2023 00:45;12,17
25.10.2023 01:00;5,00
25.10.2023 01:15;7,78
25.10.2023 01:30;7,19
25.10.2023 01:45;5,00
25.10.2023 02:00;7,75
25.10.2023 02:15;5,81
25.10.2023 02:30;7,89
25.10.2023 02:45;10,06
25.10.2023 03:00;6,44
25.10.2023 03:15;5,58
25.10.2023 03:30;8,25
25.10.2023 03:45;8,94
25.10.2023 04:00;5,00
25.10.2023 04:15;5,24
25.10.2023 04:30;7,49
25.10.2023 04:45;5,88
25.10.2023 05:00;5,00
25.10.2023 05:15;7,22
25.10.2023 05:30;7,49
25.10.2023 05:45;5,47
25.10.2023 06:00;6,27
25.10.2023 06:15;5,00
25.10.2023 06:30;5,00
25.10.2023 06:45;5,15
25.10.2023 07:00;20,62
25.10.2023 07:15;18,41
25.10.2023 07:30;20,45
25.10.2023 07:45;21,72
25.10.2023 08:00;26,31
25.10.2023 08:15;20,81
25.10.2023 08:30;21,36
25.10.2023 08:45;24,79
25.10.2023 09:00;26,15
25.10.2023 09:15;26,93
25.10.2023 09:30;24,06
25.10.2023 09:45;16,73
25.10.2023 10:00;32,77
25.10.2023 10:15;26,63
25.10.2023 10:30;24,15
25.10.2023 10:45;22,50
25.10.2023 11:00;28,25
25.10.2023 11:15;27,82
25.10.2023 11:30;29,39
25.10.2023 11:45;28,90
25.10.2023 12:00;29,26
25.10.2023 12:15;27,68
25.10.2023 12:30;18,41
25.10.2023 12:45;27,50
25.10.2023 13:00;25,00
25.10.2023 13:15;25,50
25.10.2023 13:30;26,85
25.10.2023 13:45;24,77
25.10.2023 14:00;26,16
25.10.2023 14:15;30,99
25.10.2023 14:30;27,48
25.10.2023 14:45;28,62
25.10.2023 15:00;25,89
25.10.2023 15:15;32,35
25.10.2023 15:30;31,79
25.10.2023 15:45;28,46
25.10.2023 16:00;26,96
25.10.2023 16:15;27,55
25.10.2023 16:30;27,79
25.10.2023 16:45;26,43
25.10.2023 17:00;24,04
25.10.2023 17:15;20,58
25.10.2023 17:30;20,03
25.10.2023 17:45;26,41
25.10.2023 18:00;21,12
25.10.2023 18:15;5,65
25.10.2023 18:30;8,67
25.10.2023 18:45;5,00
25.10.2023 19:00;7,31
25.10.2023 19:15;6,30
25.10.2023 19:30;7,06
25.10.2023 19:45;5,47
25.10.2023 20:00;5,00
25.10.2023 20:15;5,00
25.10.2023 20:30;5,00
25.10.2023 20:45;6,14
25.10.2023 21:00;5,00
25.10.2023 21:15;5,00
25.10.2023 21:30;6,41
25.10.2023 21:45;5,89
25.10.2023 22:00;6,52
25.10.2023 22:15;6,05
25.10.2023 22:30;11,18
25.10.2023 22:45;6,40
25.10.2023 23:00;5,38
25.10.2023 23:15;6,34
25.10.2023 23:30;8,18
25.10.2023 23:45;6,04
26.10.2023 00:00;7,53
26.10.2023 00:15;6,95
26.10.2023 00:30;5,58
26.10.2023 00:45;6,38
26.10.2023 01:00;9,36
26.10.2023 01:15;6,64
26.10.2023 01:30;5,00
26.10.2023 01:45;5,52
26.10.2023 02:00;5,00
26.10.2023 02:15;6,43
26.10.2023 02:30;8,78
26.10.2023 02:45;5,00
26.10.2023 03:00;6,46
26.10.2023 03:15;8,13
26.10.2023 03:30;8,34
26.10.2023 03:45;8,72
26.10.2023 04:00;5,00
26.10.2023 04:15;7,17
26.10.2023 04:30;5,00
26.10.2023 04:45;5,00
26.10.2023 05:00;7,80
26.10.2023 05:15;6,47
26.10.2023 05:30;7,61
26.10.2023 05:45;5,00
26.10.2023 06:00;9,11
26.10.2023 06:15;7,53
26.10.2023 06:30;7,94
26.10.2023 06:45;5,00
26.10.2023 07:00;22,87
26.10.2023 07:15;20,35
26.10.2023 07:30;19,97
26.10.2023 07:45;23,21
26.10.2023 08:00;24,01
26.10.2023 08:15;20,26
26.10.2023 08:30;29,75
26.10.2023 08:45;28,15
26.10.2023 09:00;26,61
26.10.2023 09:15;22,44
26.10.2023 09:30;28,54
26.10.2023 09:45;19,45
26.10.2023 10:00;24,45
26.10.2023 10:15;24,66
26.10.2023 10:30;26,18
26.10.2023 10:45;30,16
26.10.2023 11:00;20,14
26.10.2023 11:15;21,66
26.10.2023 11:30;27,18
26.10.2023 11:45;31,13
26.10.2023 12:00;29,31
26.10.2023 12:15;29,98
26.10.2023 12:30;28,35
26.10.2023 12:45;29,29
26.10.2023 13:00;32,25
26.10.2023 13:15;32,29
26.10.2023 13:30;28,64
26.10.2023 13:45;23,81
26.10.2023 14:00;22,45
26.10.2023 14:15;33,81
26.10.2023 14:30;25,03
26.10.2023 14:45;24,96
26.10.2023 15:00;26,14
26.10.2023 15:15;25,13
26.10.2023 15:30;23,93
26.10.2023 15:45;25,51
26.10.2023 16:00;26,71
26.10.2023 16:15;26,39
26.10.2023 16:30;28,48
26.10.2023 16:45;27,35
26.10.2023 17:00;26,22
26.10.2023 17:15;24,46
26.10.2023 17:30;22,00
26.10.2023 17:45;19,99
26.10.2023 18:00;18,13
26.10.2023 18:15;5,00
26.10.2023 18:30;6,07
26.10.2023 18:45;5,00
26.10.2023 19:00;6,50
26.10.2023 19:15;5,77
26.10.2023 19:30;5,36
26.10.2023 19:45;8,48
26.10.2023 20:00;5,00
26.10.2023 20:15;5,39
26.10.2023 20:30;5,00
26.10.2023 20:45;6,64
26.10.2023 21:00;7,68
26.10.2023 21:15;5,00
26.10.2023 21:30;5,00
26.10.2023 21:45;5,00
26.10.2023 22:00;6,29
26.10.2023 22:15;5,48
26.10.2023 22:30;5,60
26.10.2023 22:45;5,42
26.10.2023 23:00;5,00
26.10.2023 23:15;8,42
26.10.2023 23:30;6,70
26.10.2023 23:45;5,00
27.10.2023 00:00;5,00
27.10.2023 00:15;5,00
27.10.2023 00:30;8,99
27.10.2023 00:45;7,60
27.10.2023 01:00;5,92
27.10.2023 01:15;9,59
27.10.2023 01:30;9,08
27.10.2023 01:45;5,71
27.10.2023 02:00;5,35
27.10.2023 02:15;5,45
27.10.2023 02:30;5,00
27.10.2023 02:45;9,64
27.10.2023 03:00;5,00
27.10.2023 03:15;7,91
27.10.2023 03:30;7,55
27.10.2023 03:45;5,56
27.10.2023 04:00;9,79
27.10.2023 04:15;5,00
27.10.2023 04:30;6,01
27.10.2023 04:45;5,20
27.10.2023 05:00;8,09
27.10.2023 05:15;6,88
27.10.2023 05:30;5,00
27.10.2023 05:45;8,65
27.10.2023 06:00;7,14
27.10.2023 06:15;5,00
27.10.2023 06:30;5,47
27.10.2023 06:45;5,00
27.10.2023 07:00;20,24
27.10.2023 07:15;21,67
27.10.2023 07:30;21,93
27.10.2023 07:45;20,33
27.10.2023 08:00;18,94
27.10.2023 08:15;22,98
27.10.2023 08:30;17,79
27.10.2023 08:45;23,81
27.10.2023 09:00;19,59
27.10.2023 09:15;22,95
27.10.2023 09:30;28,22
27.10.2023 09:45;24,59
27.10.2023 10:00;23,96
27.10.2023 10:15;24,49
27.10.2023 10:30;19,34
27.10.2023 10:45;22,61
27.10.2023 11:00;34,70
27.10.2023 11:15;28,88
27.10.2023 11:30;28,51
27.10.2023 11:45;23,25
27.10.2023 12:00;25,99
27.10.2023 12:15;30,05
27.10.2023 12:30;33,20
27.10.2023 12:45;28,77
27.10.2023 13:00;29,66
27.10.2023 13:15;24,18
27.10.2023 13:30;24,59
27.10.2023 13:45;23,96
27.10.2023 14:00;28,01
27.10.2023 14:15;28,75
27.10.2023 14:30;26,89
27.10.2023 14:45;26,49
27.10.2023 15:00;28,14
27.10.2023 15:15;26,69
27.10.2023 15:30;28,76
27.10.2023 15:45;26,76
27.10.2023 16:00;27,56
27.10.2023 16:15;27,50
27.10.2023 16:30;29,07
27.10.2023 16:45;26,72
27.10.2023 17:00;24,24
27.10.2023 17:15;24,26
27.10.2023 17:30;20,42
27.10.2023 17:45;21,14
27.10.2023 18:00;21,44
27.10.2023 18:15;7,40
27.10.2023 18:30;5,35
27.10.2023 18:45;11,64
27.10.2023 19:00;5,83
27.10.2023 19:15;5,00
27.10.2023 19:30;8,60
27.10.2023 19:45;7,39
27.10.2023 20:00;6,64
27.10.2023 20:15;5,24
27.10.2023 20:30;6,96
27.10.2023 20:45;9,41
27.10.2023 21:00;6,58
27.10.2023 21:15;5,00
27.10.2023 21:30;5,00
27.10.2023 21:45;6,94
27.10.2023 22:00;5,00
27.10.2023 22:15;5,97
27.10.2023 22:30;5,00
27.10.2023 22:45;5,00
27.10.2023 23:00;5,00
27.10.2023 23:15;5,00
27.10.2023 23:30;7,73
27.10.2023 23:45;7,32
28.10.2023 00:00;5,00
28.10.2023 00:15;5,00
28.10.2023 00:30;5,00
28.10.2023 00:45;5,00
28.10.2023 01:00;5,00
28.10.2023 01:15;5,00
28.10.2023 01:30;5,00
28.10.2023 01:45;5,00
28.10.2023 02:00;5,00
28.10.2023 02:15;5,00
28.10.2023 02:30;5,00
28.10.2023 02:45;6,66
28.10.2023 03:00;5,13
28.10.2023 03:15;5,00
28.10.2023 03:30;5,00
28.10.2023 03:45;5,00
28.10.2023 04:00;5,00
28.10.2023 04:15;5,00
28.10.2023 04:30;5,00
28.10.2023 04:45;5,00
28.10.2023 05:00;5,00
28.10.2023 05:15;5,00
28.10.2023 05:30;5,00
28.10.2023 05:45;5,00
28.10.2023 06:00;5,00
28.10.2023 06:15;5,00
28.10.2023 06:30;5,00
28.10.2023 06:45;5,00
28.10.2023 07:00;6,88
28.10.2023 07:15;7,22
28.10.2023 07:30;10,10
28.10.2023 07:45;5,43
28.10.2023 08:00;8,60
28.10.2023 08:15;8,96
28.10.2023 08:30;5,33
28.10.2023 08:45;4,68
28.10.2023 09:00;1,87
28.10.2023 09:15;5,27
28.10.2023 09:30;7,69
28.10.2023 09:45;10,49
28.10.2023 10:00;4,72
28.10.2023 10:15;6,75
28.10.2023 10:30;1,92
28.10.2023 10:45;4,57
28.10.2023 11:00;7,11
28.10.2023 11:15;0,71
28.10.2023 11:30;1,04
28.10.2023 11:45;11,79
28.10.2023 12:00;5,04
28.10.2023 12:15;1,89
28.10.2023 12:30;7,87
28.10.2023 12:45;2,64
28.10.2023 13:00;5,51
28.10.2023 13:15;6,32
28.10.2023 13:30;7,39
28.10.2023 13:45;7,42
28.10.2023 14:00;4,54
28.10.2023 14:15;7,00
28.10.2023 14:30;8,39
28.10.2023 14:45;6,52
28.10.2023 15:00;7,37
28.10.2023 15:15;9,13
28.10.2023 15:30;9,21
28.10.2023 15:45;6,76
28.10.2023 16:00;8,25
28.10.2023 16:15;11,63
28.10.2023 16:30;5,84
28.10.2023 16:45;10,86
28.10.2023 17:00;9,89
28.10.2023 17:15;11,35
28.10.2023 17:30;10,02
28.10.2023 17:45;7,39
28.10.2023 18:00;6,83
28.10.2023 18:15;5,00
28.10.2023 18:30;5,00
28.10.2023 18:45;5,00
28.10.2023 19:00;5,00
28.10.2023 19:15;5,00
28.10.2023 19:30;5,00
28.10.2023 19:45;5,00
28.10.2023 20:00;5,00
28.10.2023 20:15;5,00
28.10.2023 20:30;5,00
28.10.2023 20:45;5,00
28.10.2023 21:00;5,00
28.10.2023 21:15;5,00
28.10.2023 21:30;5,00
28.10.2023 21:45;5,00
28.10.2023 22:00;5,00
28.10.2023 22:15;5,00
28.10.2023 22:30;5,00
28.10.2023 22:45;5,00
28.10.2023 23:00;5,00
28.10.2023 23:15;5,00
28.10.2023 23:30;5,00
28.10.2023 23:45;5,00
29.10.2023 00:00;5,00
29.10.2023 00:15;5,00
29.10.2023 00:30;5,00
29.10.2023 00:45;5,00
29.10.2023 01:00;5,00
29.10.2023 01:15;5,06
29.10.2023 01:30;5,00
29.10.2023 01:45;5,00
29.10.2023 02:00;5,00
29.10.2023 02:15;5,00
29.10.2023 02:30;5,00
29.10.2023 02:45;5,00
29.10.2023 03:00;5,00
29.10.2023 03:15;5,00
29.10.2023 03:30;5,00
29.10.2023 03:45;5,00
29.10.2023 04:00;5,00
29.10.2023 04:15;6,53
29.10.2023 04:30;5,00
29.10.2023 04:45;5,00
29.10.2023 05:00;5,00
29.10.2023 05:15;5,00
29.10.2023 05:30;5,21
29.10.2023 05:45;5,00
29.10.2023 06:00;5,00
29.10.2023 06:15;5,00
29.10.2023 06:30;5,00
29.10.2023 06:45;5,00
29.10.2023 07:00;9,68
29.10.2023 07:15;10,46
29.10.2023 07:30;9,06
29.10.2023 07:45;6,80
29.10.2023 08:00;8,82
29.10.2023 08:15;9,70
29.10.2023 08:30;4,73
29.10.2023 08:45;7,99
29.10.2023 09:00;6,92
29.10.2023 09:15;5,79
29.10.2023 09:30;5,99
29.10.2023 09:45;5,81
29.10.2023 10:00;4,05
29.10.2023 10:15;8,03
29.10.2023 10:30;4,31
29.10.2023 10:45;6,86
29.10.2023 11:00;7,03
29.10.2023 11:15;1,36
29.10.2023 11:30;1,66
29.10.2023 11:45;3,48
29.10.2023 12:00;9,99
29.10.2023 12:15;5,00
29.10.2023 12:30;5,25
29.10.2023 12:45;5,41
29.10.2023 13:00;8,76
29.10.2023 13:15;13,09
29.10.2023 13:30;4,27
29.10.2023 13:45;0,32
29.10.2023 14:00;4,39
29.10.2023 14:15;4,07
29.10.2023 14:30;6,76
29.10.2023 14:45;8,77
29.10.2023 15:00;12,38
29.10.2023 15:15;7,37
29.10.2023 15:30;6,92
29.10.2023 15:45;6,67
29.10.2023 16:00;8,37
29.10.2023 16:15;13,64
29.10.2023 16:30;9,04
29.10.2023 16:45;9,53
29.10.2023 17:00;13,37
29.10.2023 17:15;10,83
29.10.2023 17:30;11,18
29.10.2023 17:45;6,93
29.10.2023 18:00;7,21
29.10.2023 18:15;5,00
29.10.2023 18:30;5,00
29.10.2023 18:45;5,00
29.10.2023 19:00;5,00
29.10.2023 19:15;5,00
29.10.2023 19:30;5,00
29.10.2023 19:45;5,00
29.10.2023 20:00;5,00
29.10.2023 20:15;5,00
29.10.2023 20:30;5,00
29.10.2023 20:45;5,00
29.10.2023 21:00;5,00
29.10.2023 21:15;5,00
29.10.2023 21:30;5,00
29.10.2023 21:45;5,00
29.10.2023 22:00;5,00
29.10.2023 22:15;5,00
29.10.2023 22:30;5,00
29.10.2023 22:45;5,00
29.10.2023 23:00;5,00
29.10.2023 23:15;5,00
29.10.2023 23:30;5,00
29.10.2023 23:45;5,05
30.10.2023 00:00;5,00
30.10.2023 00:15;8,73
30.10.2023 00:30;5,00
30.10.2023 00:45;7,54
30.10.2023 01:00;5,60
30.10.2023 01:15;5,88
30.10.2023 01:30;9,93
30.10.2023 01:45;5,00
30.10.2023 02:00;7,41
30.10.2023 02:15;7,33
30.10.2023 02:30;12,93
30.10.2023 02:45;5,00
30.10.2023 03:00;5,00
30.10.2023 03:15;7,85
30.10.2023 03:30;5,82
30.10.2023 03:45;5,29
30.10.2023 04:00;8,13
30.10.2023 04:15;5,69
30.10.2023 04:30;5,00
30.10.2023 04:45;7,67
30.10.2023 05:00;6,97
30.10.2023 05:15;5,59
30.10.2023 05:30;5,50
30.10.2023 05:45;5,00
30.10.2023 06:00;7,67
30.10.2023 06:15;5,50
30.10.2023 06:30;5,00
30.10.2023 06:45;5,00
30.10.2023 07:00;21,51
30.10.2023 07:15;20,77
30.10.2023 07:30;18,50
30.10.2023 07:45;20,79
30.10.2023 08:00;21,71
30.10.2023 08:15;21,57
30.10.2023 08:30;21,64
30.10.2023 08:45;25,05
30.10.2023 09:00;21,96
30.10.2023 09:15;22,19
30.10.2023 09:30;32,78
30.10.2023 09:45;26,63
30.10.2023 10:00;24,08
30.10.2023 10:15;24,24
30.10.2023 10:30;35,35
30.10.2023 10:45;23,57
30.10.2023 11:00;26,68
30.10.2023 11:15;24,44
30.10.2023 11:30;25,22
30.10.2023 11:45;29,76
30.10.2023 12:00;37,51
30.10.2023 12:15;26,93
30.10.2023 12:30;29,75
30.10.2023 12:45;30,69
30.10.2023 13:00;23,39
30.10.2023 13:15;31,32
30.10.2023 13:30;35,61
30.10.2023 13:45;28,65
30.10.2023 14:00;31,69
30.10.2023 14:15;20,83
30.10.2023 14:30;29,84
30.10.2023 14:45;24,77
30.10.2023 15:00;26,64
30.10.2023 15:15;27,56
30.10.2023 15:30;32,64
30.10.2023 15:45;32,08
30.10.2023 16:00;27,66
30.10.2023 16:15;24,82
30.10.2023 16:30;25,65
30.10.2023 16:45;28,34
30.10.2023 17:00;23,41
30.10.2023 17:15;25,50
30.10.2023 17:30;23,68
30.10.2023 17:45;22,28
30.10.2023 18:00;17,59
30.10.2023 18:15;5,50
30.10.2023 18:30;5,00
30.10.2023 18:45;5,04
30.10.2023 19:00;8,05
30.10.2023 19:15;8,68
30.10.2023 19:30;6,65
30.10.2023 19:45;5,08
30.10.2023 20:00;9,39
30.10.2023 20:15;5,05
30.10.2023 20:30;5,00
30.10.2023 20:45;7,61
30.10.2023 21:00;7,13
30.10.2023 21:15;5,13
30.10.2023 21:30;6,42
30.10.2023 21:45;7,10
30.10.2023 22:00;6,63
30.10.2023 22:15;7,14
30.10.2023 22:30;5,21
30.10.2023 22:45;7,27
30.10.2023 23:00;6,25
30.10.2023 23:15;5,27
30.10.2023 23:30;5,73
30.10.2023 23:45;6,02
31.10.2023 00:00;5,00
31.10.2023 00:15;5,00
31.10.2023 00:30;6,36
31.10.2023 00:45;5,00
31.10.2023 01:00;5,00
31.10.2023 01:15;11,00
31.10.2023 01:30;5,00
31.10.2023 01:45;5,47
31.10.2023 02:00;5,00
31.10.2023 02:15;6,00
31.10.2023 02:30;5,00
31.10.2023 02:45;5,75
31.10.2023 03:00;5,00
31.10.2023 03:15;8,34
31.10.2023 03:30;6,40
31.10.2023 03:45;5,00
31.10.2023 04:00;7,92
31.10.2023 04:15;5,00
31.10.2023 04:30;5,00
31.10.2023 04:45;6,23
31.10.2023 05:00;10,05
31.10.2023 05:15;5,00
31.10.2023 05:30;5,00
31.10.2023 05:45;7,74
31.10.2023 06:00;5,00
31.10.2023 06:15;7,46
31.10.2023 06:30;5,00
31.10.2023 06:45;6,52
31.10.2023 07:00;24,27
31.10.2023 07:15;19,53
31.10.2023 07:30;24,11
31.10.2023 07:45;23,85
31.10.2023 08:00;21,06
31.10.2023 08:15;25,34
31.10.2023 08:30;25,62
31.10.2023 08:45;25,05
31.10.2023 09:00;25,99
31.10.2023 09:15;26,24
31.10.2023 09:30;24,41
31.10.2023 09:45;27,51
31.10.2023 10:00;28,62
31.10.2023 10:15;27,72
31.10.2023 10:30;29,26
31.10.2023 10:45;25,14
31.10.2023 11:00;30,79
31.10.2023 11:15;26,71
31.10.2023 11:30;25,02
31.10.2023 11:45;27,37
31.10.2023 12:00;24,45
31.10.2023 12:15;28,38
31.10.2023 12:30;23,45
31.10.2023 12:45;25,34
31.10.2023 13:00;34,71
31.10.2023 13:15;30,45
31.10.2023 13:30;31,71
31.10.2023 13:45;29,59
31.10.2023 14:00;31,10
31.10.2023 14:15;31,48
31.10.2023 14:30;28,49
31.10.2023 14:45;27,00
31.10.2023 15:00;27,42
31.10.2023 15:15;26,34
31.10.2023 15:30;27,58
31.10.2023 15:45;31,76
31.10.2023 16:00;27,18
31.10.2023 16:15;29,09
31.10.2023 16:30;22,83
31.10.2023 16:45;28,81
31.10.2023 17:00;22,42
31.10.2023 17:15;26,33
31.10.2023 17:30;23,93
31.10.2023 17:45;21,77
31.10.2023 18:00;20,58
31.10.2023 18:15;5,73
31.10.2023 18:30;5,00
31.10.2023 18:45;5,82
31.10.2023 19:00;10,65
31.10.2023 19:15;8,84
31.10.2023 19:30;5,00
31.10.2023 19:45;6,77
31.10.2023 20:00;6,43
31.10.2023 20:15;5,95
31.10.2023 20:30;5,00
31.10.2023 20:45;7,13
31.10.2023 21:00;7,93
31.10.2023 21:15;5,00
31.10.2023 21:30;10,14
31.10.2023 21:45;9,28
31.10.2023 22:00;7,33
31.10.2023 22:15;5,00
31.10.2023 22:30;7,04
31.10.2023 22:45;6,80
31.10.2023 23:00;7,26
31.10.2023 23:15;9,41
31.10.2023 23:30;5,88
31.10.2023 23:45;10,33
01.11.2023 00:00;7,06
01.11.2023 00:15;5,67
01.11.2023 00:30;11,05
01.11.2023 00:45;7,91
01.11.2023 01:00;5,34
01.11.2023 01:15;6,42
01.11.2023 01:30;7,52
01.11.2023 01:45;5,95
01.11.2023 02:00;6,52
01.11.2023 02:15;5,00
01.11.2023 02:30;5,00
01.11.2023 02:45;6,46
01.11.2023 03:00;6,53
01.11.2023 03:15;7,30
01.11.2023 03:30;5,10
01.11.2023 03:45;5,00
01.11.2023 04:00;5,00
01.11.2023 04:15;8,36
01.11.2023 04:30;5,00
01.11.2023 04:45;5,36
01.11.2023 05:00;5,62
01.11.2023 05:15;5,01
01.11.2023 05:30;5,00
01.11.2023 05:45;5,00
01.11.2023 06:00;9,05
01.11.2023 06:15;7,61
01.11.2023 06:30;8,74
01.11.2023 06:45;9,15
01.11.2023 07:00;16,13
01.11.2023 07:15;22,70
01.11.2023 07:30;21,22
01.11.2023 07:45;24,44
01.11.2023 08:00;22,74
01.11.2023 08:15;22,32
01.11.2023 08:30;19,62
01.11.2023 08:45;23,57
01.11.2023 09:00;26,25
01.11.2023 09:15;23,86
01.11.2023 09:30;20,64
01.11.2023 09:45;33,06
01.11.2023 10:00;24,67
01.11.2023 10:15;28,40
01.11.2023 10:30;28,89
01.11.2023 10:45;23,91
01.11.2023 11:00;22,25
01.11.2023 11:15;26,64
01.11.2023 11:30;26,98
01.11.2023 11:45;31,33
01.11.2023 12:00;29,15
01.11.2023 12:15;30,32
01.11.2023 12:30;25,34
01.11.2023 12:45;32,81
01.11.2023 13:00;30,75
01.11.2023 13:15;27,86
01.11.2023 13:30;28,80
01.11.2023 13:45;28,80
01.11.2023 14:00;31,60
01.11.2023 14:15;28,23
01.11.2023 14:30;29,23
01.11.2023 14:45;25,58
01.11.2023 15:00;29,39
01.11.2023 15:15;25,75
01.11.2023 15:30;26,48
01.11.2023 15:45;28,66
01.11.2023 16:00;27,65
01.11.2023 16:15;27,98
01.11.2023 16:30;27,69
01.11.2023 16:45;29,04
01.11.2023 17:00;25,51
01.11.2023 17:15;26,39
01.11.2023 17:30;24,23
01.11.2023 17:45;24,28
01.11.2023 18:00;24,06
01.11.2023 18:15;7,40
01.11.2023 18:30;6,46
01.11.2023 18:45;6,44
01.11.2023 19:00;5,31
01.11.2023 19:15;5,24
01.11.2023 19:30;8,05
01.11.2023 19:45;5,00
01.11.2023 20:00;9,48
01.11.2023 20:15;5,95
01.11.2023 20:30;11,97
01.11.2023 20:45;5,00
01.11.2023 21:00;6,75
01.11.2023 21:15;5,54
01.11.2023 21:30;5,00
01.11.2023 21:45;8,38
01.11.2023 22:00;5,00
01.11.2023 22:15;5,00
01.11.2023 22:30;7,42
01.11.2023 22:45;7,74
01.11.2023 23:00;5,00
01.11.2023 23:15;7,41
01.11.2023 23:30;6,51
01.11.2023 23:45;5,00
02.11.2023 00:00;5,00
02.11.2023 00:15;5,00
02.11.2023 00:30;9,70
02.11.2023 00:45;8,29
02.11.2023 01:00;5,00
02.11.2023 01:15;7,86
02.11.2023 01:30;5,12
02.11.2023 01:45;8,09
02.11.2023 02:00;5,27
02.11.2023 02:15;5,54
02.11.2023 02:30;5,69
02.11.2023 02:45;5,00
02.11.2023 03:00;9,06
02.11.2023 03:15;8,06
02.11.2023 03:30;6,48
02.11.2023 03:45;8,31
02.11.2023 04:00;5,00
02.11.2023 04:15;5,00
02.11.2023 04:30;7,21
02.11.2023 04:45;7,73
02.11.2023 05:00;6,82
02.11.2023 05:15;5,00
02.11.2023 05:30;5,00
02.11.2023 05:45;7,10
02.11.2023 06:00;11,12
02.11.2023 06:15;8,70
02.11.2023 06:30;9,42
02.11.2023 06:45;6,94
02.11.2023 07:00;21,54
02.11.2023 07:15;20,00
02.11.2023 07:30;24,44
02.11.2023 07:45;23,33
02.11.2023 08:00;24,79
02.11.2023 08:15;23,24
02.11.2023 08:30;23,88
02.11.2023 08:45;22,64
02.11.2023 09:00;24,68
02.11.2023 09:15;27,62
02.11.2023 09:30;22,10
02.11.2023 09:45;24,51
02.11.2023 10:00;24,44
02.11.2023 10:15;31,61
02.11.2023 10:30;31,74
02.11.2023 10:45;28,17
02.11.2023 11:00;26,79
02.11.2023 11:15;23,20
02.11.2023 11:30;23,56
02.11.2023 11:45;30,97
02.11.2023 12:00;29,40
02.11.2023 12:15;35,55
02.11.2023 12:30;29,42
02.11.2023 12:45;27,44
02.11.2023 13:00;32,31
02.11.2023 13:15;25,80
02.11.2023 13:30;26,91
02.11.2023 13:45;31,45
02.11.2023 14:00;33,26
02.11.2023 14:15;34,92
02.11.2023 14:30;29,47
02.11.2023 14:45;30,24
02.11.2023 15:00;32,50
02.11.2023 15:15;27,42
02.11.2023 15:30;25,64
02.11.2023 15:45;26,87
02.11.2023 16:00;26,39
02.11.2023 16:15;30,19
02.11.2023 16:30;29,14
02.11.2023 16:45;24,23
02.11.2023 17:00;22,09
02.11.2023 17:15;22,20
02.11.2023 17:30;21,70
02.11.2023 17:45;21,46
02.11.2023 18:00;23,22
02.11.2023 18:15;5,17
02.11.2023 18:30;9,62
02.11.2023 18:45;5,00
02.11.2023 19:00;5,57
02.11.2023 19:15;7,83
02.11.2023 19:30;7,96
02.11.2023 19:45;5,59
02.11.2023 20:00;8,27
02.11.2023 20:15;7,89
02.11.2023 20:30;5,00
02.11.2023 20:45;6,89
02.11.2023 21:00;7,67
02.11.2023 21:15;5,04
02.11.2023 21:30;9,65
02.11.2023 21:45;5,00
02.11.2023 22:00;6,55
02.11.2023 22:15;5,00
02.11.2023 22:30;6,47
02.11.2023 22:45;5,00
02.11.2023 23:00;5,68
02.11.2023 23:15;5,00
02.11.2023 23:30;7,86
02.11.2023 23:45;6,98
03.11.2023 00:00;8,45
03.11.2023 00:15;5,58
03.11.2023 00:30;8,55
03.11.2023 00:45;6,36
03.11.2023 01:00;6,50
03.11.2023 01:15;10,51
03.11.2023 01:30;5,31
03.11.2023 01:45;8,73
03.11.2023 02:00;7,24
03.11.2023 02:15;5,13
03.11.2023 02:30;5,00
03.11.2023 02:45;5,00
03.11.2023 03:00;8,54
03.11.2023 03:15;9,75
03.11.2023 03:30;6,46
03.11.2023 03:45;6,57
03.11.2023 04:00;7,83
03.11.2023 04:15;6,42
03.11.2023 04:30;8,48
03.11.2023 04:45;6,86
03.11.2023 05:00;6,55
03.11.2023 05:15;5,00
03.11.2023 05:30;5,00
03.11.2023 05:45;5,00
03.11.2023 06:00;8,75
03.11.2023 06:15;5,98
03.11.2023 06:30;5,48
03.11.2023 06:45;5,00
03.11.2023 07:00;19,65
03.11.2023 07:15;20,58
03.11.2023 07:30;21,40
03.11.2023 07:45;23,63
03.11.2023 08:00;23,70
03.11.2023 08:15;20,30
03.11.2023 08:30;20,29
03.11.2023 08:45;20,41
03.11.2023 09:00;27,40
03.11.2023 09:15;29,73
03.11.2023 09:30;25,18
03.11.2023 09:45;20,78
03.11.2023 10:00;30,14
03.11.2023 10:15;27,79
03.11.2023 10:30;30,06
03.11.2023 10:45;32,53
03.11.2023 11:00;28,20
03.11.2023 11:15;23,70
03.11.2023 11:30;27,30
03.11.2023 11:45;30,08
03.11.2023 12:00;28,55
03.11.2023 12:15;31,28
03.11.2023 12:30;25,46
03.11.2023 12:45;34,81
03.11.2023 13:00;28,28
03.11.2023 13:15;30,55
03.11.2023 13:30;28,72
03.11.2023 13:45;32,74
03.11.2023 14:00;28,33
03.11.2023 14:15;31,14
03.11.2023 14:30;26,38
03.11.2023 14:45;24,83
03.11.2023 15:00;30,30
03.11.2023 15:15;30,23
03.11.2023 15:30;27,92
03.11.2023 15:45;29,01
03.11.2023 16:00;30,11
03.11.2023 16:15;25,98
03.11.2023 16:30;24,55
03.11.2023 16:45;26,75
03.11.2023 17:00;24,49
03.11.2023 17:15;25,26
03.11.2023 17:30;24,41
03.11.2023 17:45;20,76
03.11.2023 18:00;22,34
03.11.2023 18:15;7,59
03.11.2023 18:30;7,72
03.11.2023 18:45;5,46
03.11.2023 19:00;7,84
03.11.2023 19:15;7,32
03.11.2023 19:30;7,56
03.11.2023 19:45;9,63
03.11.2023 20:00;6,93
03.11.2023 20:15;5,06
03.11.2023 20:30;5,00
03.11.2023 20:45;8,53
03.11.2023 21:00;6,99
03.11.2023 21:15;9,62
03.11.2023 21:30;5,00
03.11.2023 21:45;8,10
03.11.2023 22:00;5,76
03.11.2023 22:15;5,57
03.11.2023 22:30;5,00
03.11.2023 22:45;8,08
03.11.2023 23:00;7,51
03.11.2023 23:15;5,00
03.11.2023 23:30;6,61
03.11.2023 23:45;7,69
04.11.2023 00:00;5,00
04.11.2023 00:15;5,00
04.11.2023 00:30;5,00
04.11.2023 00:45;5,00
04.11.2023 01:00;5,00
04.11.2023 01:15;5,00
04.11.2023 01:30;5,00
04.11.2023 01:45;5,00
04.11.2023 02:00;5,00
04.11.2023 02:15;5,00
04.11.2023 02:30;5,00
04.11.2023 02:45;5,00
04.11.2023 03:00;5,00
04.11.2023 03:15;5,00
04.11.2023 03:30;5,00
04.11.2023 03:45;5,00
04.11.2023 04:00;5,00
04.11.2023 04:15;5,00
04.11.2023 04:30;5,00
04.11.2023 04:45;5,00
04.11.2023 05:00;5,00
04.11.2023 05:15;5,00
04.11.2023 05:30;5,00
04.11.2023 05:45;5,00
04.11.2023 06:00;6,65
04.11.2023 06:15;5,00
04.11.2023 06:30;5,00
04.11.2023 06:45;6,15
04.11.2023 07:00;8,82
04.11.2023 07:15;8,67
04.11.2023 07:30;6,29
04.11.2023 07:45;7,89
04.11.2023 08:00;11,55
04.11.2023 08:15;7,56
04.11.2023 08:30;10,75
04.11.2023 08:45;9,72
04.11.2023 09:00;8,16
04.11.2023 09:15;6,97
04.11.2023 09:30;6,81
04.11.2023 09:45;4,15
04.11.2023 10:00;5,22
04.11.2023 10:15;11,40
04.11.2023 10:30;10,04
04.11.2023 10:45;0,66
04.11.2023 11:00;9,96
04.11.2023 11:15;5,43
04.11.2023 11:30;6,82
04.11.2023 11:45;3,93
04.11.2023 12:00;2,53
04.11.2023 12:15;3,14
04.11.2023 12:30;3,39
04.11.2023 12:45;7,44
04.11.2023 13:00;8,84
04.11.2023 13:15;9,95
04.11.2023 13:30;12,38
04.11.2023 13:45;10,40
04.11.2023 14:00;7,54
04.11.2023 14:15;4,26
04.11.2023 14:30;10,10
04.11.2023 14:45;11,34
04.11.2023 15:00;9,75
04.11.2023 15:15;6,79
04.11.2023 15:30;7,90
04.11.2023 15:45;9,25
04.11.2023 16:00;14,87
04.11.2023 16:15;10,55
04.11.2023 16:30;6,74
04.11.2023 16:45;6,43
04.11.2023 17:00;11,74
04.11.2023 17:15;14,79
04.11.2023 17:30;8,78
04.11.2023 17:45;8,19
04.11.2023 18:00;9,25
04.11.2023 18:15;5,00
04.11.2023 18:30;5,00
04.11.2023 18:45;5,00
04.11.2023 19:00;5,00
04.11.2023 19:15;5,00
04.11.2023 19:30;5,00
04.11.2023 19:45;5,00
04.11.2023 20:00;5,00
04.11.2023 20:15;5,00
04.11.2023 20:30;5,00
04.11.2023 20:45;5,00
04.11.2023 21:00;5,00
04.11.2023 21:15;5,00
04.11.2023 21:30;5,00
04.11.2023 21:45;5,00
04.11.2023 22:00;5,00
04.11.2023 22:15;5,00
04.11.2023 22:30;5,00
04.11.2023 22:45;5,00
04.11.2023 23:00;5,00
04.11.2023 23:15;5,00
04.11.2023 23:30;5,00
04.11.2023 23:45;5,00
05.11.2023 00:00;5,00
05.11.2023 00:15;5,00
05.11.2023 00:30;7,54
05.11.2023 00:45;5,00
05.11.2023 01:00;5,00
05.11.2023 01:15;5,04
05.11.2023 01:30;5,95
05.11.2023 01:45;5,00
05.11.2023 02:00;5,00
05.11.2023 02:15;5,00
05.11.2023 02:30;5,00
05.11.2023 02:45;5,00
05.11.2023 03:00;5,00
05.11.2023 03:15;6,59
05.11.2023 03:30;5,00
05.11.2023 03:45;5,00
05.11.2023 04:00;5,00
05.11.2023 04:15;5,00
05.11.2023 04:30;5,00
05.11.2023 04:45;5,00
05.11.2023 05:00;5,00
05.11.2023 05:15;5,00
05.11.2023 05:30;5,00
05.11.2023 05:45;5,00
05.11.2023 06:00;5,56
05.11.2023 06:15;5,00
05.11.2023 06:30;5,00
05.11.2023 06:45;5,00
05.11.2023 07:00;9,16
05.11.2023 07:15;5,16
05.11.2023 07:30;7,33
05.11.2023 07:45;7,27
05.11.2023 08:00;6,09
05.11.2023 08:15;12,05
05.11.2023 08:30;9,09
05.11.2023 08:45;7,14
05.11.2023 09:00;9,55
05.11.2023 09:15;8,08
05.11.2023 09:30;1,76
05.11.2023 09:45;4,75
05.11.2023 10:00;9,68
05.11.2023 10:15;2,21
05.11.2023 10:30;9,07
05.11.2023 10:45;3,55
05.11.2023 11:00;4,94
05.11.2023 11:15;1,17
05.11.2023 11:30;15,54
05.11.2023 11:45;6,78
05.11.2023 12:00;10,18
05.11.2023 12:15;2,37
05.11.2023 12:30;9,19
05.11.2023 12:45;2,88
05.11.2023 13:00;4,26
05.11.2023 13:15;7,37
05.11.2023 13:30;8,89
05.11.2023 13:45;7,22
05.11.2023 14:00;7,32
05.11.2023 14:15;6,26
05.11.2023 14:30;12,25
05.11.2023 14:45;13,46
05.11.2023 15:00;9,51
05.11.2023 15:15;4,52
05.11.2023 15:30;10,20
05.11.2023 15:45;12,22
05.11.2023 16:00;8,43
05.11.2023 16:15;10,17
05.11.2023 16:30;8,52
05.11.2023 16:45;8,83
05.11.2023 17:00;13,67
05.11.2023 17:15;11,28
05.11.2023 17:30;11,33
05.11.2023 17:45;10,46
05.11.2023 18:00;8,13
05.11.2023 18:15;5,00
05.11.2023 18:30;5,00
05.11.2023 18:45;5,00
05.11.2023 19:00;6,08
05.11.2023 19:15;5,00
05.11.2023 19:30;5,00
05.11.2023 19:45;5,00
05.11.2023 20:00;5,00
05.11.2023 20:15;6,23
05.11.2023 20:30;5,00
05.11.2023 20:45;5,00
05.11.2023 21:00;5,00
05.11.2023 21:15;5,00
05.11.2023 21:30;5,00
05.11.2023 21:45;5,00
05.11.2023 22:00;5,00
05.11.2023 22:15;5,00
05.11.2023 22:30;5,00
05.11.2023 22:45;5,00
05.11.2023 23:00;5,00
05.11.2023 23:15;5,00
05.11.2023 23:30;5,00
05.11.2023 23:45;5,00
06.11.2023 00:00;5,00
06.11.2023 00:15;5,00
06.11.2023 00:30;8,29
06.11.2023 00:45;5,00
06.11.2023 01:00;6,00
06.11.2023 01:15;5,00
06.11.2023 01:30;9,50
06.11.2023 01:45;6,16
06.11.2023 02:00;5,70
06.11.2023 02:15;7,82
06.11.2023 02:30;10,63
06.11.2023 02:45;7,13
06.11.2023 03:00;5,57
06.11.2023 03:15;7,72
06.11.2023 03:30;5,00
06.11.2023 03:45;6,41
06.11.2023 04:00;10,31
06.11.2023 04:15;6,64
06.11.2023 04:30;6,54
06.11.2023 04:45;6,36
06.11.2023 05:00;5,53
06.11.2023 05:15;6,95
06.11.2023 05:30;7,87
06.11.2023 05:45;5,66
06.11.2023 06:00;5,00
06.11.2023 06:15;7,25
06.11.2023 06:30;10,59
06.11.2023 06:45;5,57
06.11.2023 07:00;18,13
06.11.2023 07:15;23,63
06.11.2023 07:30;26,64
06.11.2023 07:45;24,56
06.11.2023 08:00;27,49
06.11.2023 08:15;26,52
06.11.2023 08:30;25,24
06.11.2023 08:45;26,86
06.11.2023 09:00;28,95
06.11.2023 09:15;27,03
06.11.2023 09:30;28,92
06.11.2023 09:45;24,01
06.11.2023 10:00;28,75
06.11.2023 10:15;22,84
06.11.2023 10:30;26,45
06.11.2023 10:45;26,35
06.11.2023 11:00;27,14
06.11.2023 11:15;26,05
06.11.2023 11:30;24,30
06.11.2023 11:45;31,46
06.11.2023 12:00;29,93
06.11.2023 12:15;25,26
06.11.2023 12:30;30,55
06.11.2023 12:45;30,39
06.11.2023 13:00;37,67
06.11.2023 13:15;28,27
06.11.2023 13:30;32,26
06.11.2023 13:45;26,29
06.11.2023 14:00;29,80
06.11.2023 14:15;29,96
06.11.2023 14:30;28,91
06.11.2023 14:45;29,81
06.11.2023 15:00;29,39
06.11.2023 15:15;27,01
06.11.2023 15:30;28,69
06.11.2023 15:45;26,60
06.11.2023 16:00;29,72
06.11.2023 16:15;28,02
06.11.2023 16:30;28,75
06.11.2023 16:45;25,91
06.11.2023 17:00;23,69
06.11.2023 17:15;23,24
06.11.2023 17:30;26,36
06.11.2023 17:45;24,19
06.11.2023 18:00;23,50
06.11.2023 18:15;8,89
06.11.2023 18:30;5,39
06.11.2023 18:45;6,91
06.11.2023 19:00;6,47
06.11.2023 19:15;7,64
06.11.2023 19:30;5,74
06.11.2023 19:45;6,51
06.11.2023 20:00;6,47
06.11.2023 20:15;7,39
06.11.2023 20:30;7,63
06.11.2023 20:45;6,51
06.11.2023 21:00;6,57
06.11.2023 21:15;6,77
06.11.2023 21:30;9,62
06.11.2023 21:45;5,00
06.11.2023 22:00;5,00
06.11.2023 22:15;7,67
06.11.2023 22:30;6,86
06.11.2023 22:45;6,85
06.11.2023 23:00;7,66
06.11.2023 23:15;6,75
06.11.2023 23:30;5,20
06.11.2023 23:45;7,58
07.11.2023 00:00;6,38
07.11.2023 00:15;5,44
07.11.2023 00:30;7,72
07.11.2023 00:45;7,64
07.11.2023 01:00;6,77
07.11.2023 01:15;9,77
07.11.2023 01:30;8,99
07.11.2023 01:45;8,34
07.11.2023 02:00;11,47
07.11.2023 02:15;6,04
07.11.2023 02:30;5,41
07.11.2023 02:45;8,06
07.11.2023 03:00;5,83
07.11.2023 03:15;6,36
07.11.2023 03:30;5,00
07.11.2023 03:45;7,55
07.11.2023 04:00;5,00
07.11.2023 04:15;6,14
07.11.2023 04:30;6,31
07.11.2023 04:45;5,46
07.11.2023 05:00;5,00
07.11.2023 05:15;5,00
07.11.2023 05:30;5,00
07.11.2023 05:45;7,41
07.11.2023 06:00;6,91
07.11.2023 06:15;6,30
07.11.2023 06:30;5,00
07.11.2023 06:45;7,02
07.11.2023 07:00;17,52
07.11.2023 07:15;17,53
07.11.2023 07:30;22,72
07.11.2023 07:45;22,20
07.11.2023 08:00;25,78
07.11.2023 08:15;24,82
07.11.2023 08:30;26,95
07.11.2023 08:45;23,60
07.11.2023 09:00;26,51
07.11.2023 09:15;23,61
07.11.2023 09:30;27,06
07.11.2023 09:45;29,74
07.11.2023 10:00;30,30
07.11.2023 10:15;24,20
07.11.2023 10:30;24,21
07.11.2023 10:45;31,40
07.11.2023 11:00;28,75
07.11.2023 11:15;25,76
07.11.2023 11:30;26,52
07.11.2023 11:45;30,39
07.11.2023 12:00;32,33
07.11.2023 12:15;34,05
07.11.2023 12:30;30,11
07.11.2023 12:45;27,05
07.11.2023 13:00;29,59
07.11.2023 13:15;30,92
07.11.2023 13:30;29,76
07.11.2023 13:45;31,81
07.11.2023 14:00;28,28
07.11.2023 14:15;31,52
07.11.2023 14:30;29,77
07.11.2023 14:45;31,27
07.11.2023 15:00;24,99
07.11.2023 15:15;27,82
07.11.2023 15:30;32,43
07.11.2023 15:45;28,12
07.11.2023 16:00;26,79
07.11.2023 16:15;24,24
07.11.2023 16:30;29,29
07.11.2023 16:45;28,33
07.11.2023 17:00;26,37
07.11.2023 17:15;23,72
07.11.2023 17:30;21,30
07.11.2023 17:45;22,22
07.11.2023 18:00;18,49
07.11.2023 18:15;5,00
07.11.2023 18:30;8,86
07.11.2023 18:45;5,00
07.11.2023 19:00;7,69
07.11.2023 19:15;9,32
07.11.2023 19:30;7,97
07.11.2023 19:45;7,13
07.11.2023 20:00;5,41
07.11.2023 20:15;5,04
07.11.2023 20:30;5,00
07.11.2023 20:45;6,41
07.11.2023 21:00;5,53
07.11.2023 21:15;5,00
07.11.2023 21:30;6,30
07.11.2023 21:45;6,46
07.11.2023 22:00;5,07
07.11.2023 22:15;9,56
07.11.2023 22:30;7,80
07.11.2023 22:45;8,13
07.11.2023 23:00;6,13
07.11.2023 23:15;7,36
07.11.2023 23:30;5,00
07.11.2023 23:45;7,67
08.11.2023 00:00;5,94
08.11.2023 00:15;5,00
08.11.2023 00:30;6,31
08.11.2023 00:45;5,77
08.11.2023 01:00;11,00
08.11.2023 01:15;7,22
08.11.2023 01:30;9,51
08.11.2023 01:45;8,61
08.11.2023 02:00;6,43
08.11.2023 02:15;5,46
08.11.2023 02:30;5,00
08.11.2023 02:45;5,00
08.11.2023 03:00;7,68
08.11.2023 03:15;5,75
08.11.2023 03:30;7,10
08.11.2023 03:45;5,00
08.11.2023 04:00;7,26
08.11.2023 04:15;8,54
08.11.2023 04:30;5,00
08.11.2023 04:45;7,09
08.11.2023 05:00;9,04
08.11.2023 05:15;9,71
08.11.2023 05:30;5,34
08.11.2023 05:45;7,91
08.11.2023 06:00;9,21
08.11.2023 06:15;7,15
08.11.2023 06:30;8,92
08.11.2023 06:45;6,28
08.11.2023 07:00;21,96
08.11.2023 07:15;21,13
08.11.2023 07:30;23,08
08.11.2023 07:45;24,61
08.11.2023 08:00;22,18
08.11.2023 08:15;24,09
08.11.2023 08:30;26,17
08.11.2023 08:45;30,55
08.11.2023 09:00;24,11
08.11.2023 09:15;28,49
08.11.2023 09:30;23,97
08.11.2023 09:45;29,85
08.11.2023 10:00;34,32
08.11.2023 10:15;28,18
08.11.2023 10:30;23,82
08.11.2023 10:45;28,48
08.11.2023 11:00;25,88
08.11.2023 11:15;28,58
08.11.2023 11:30;31,45
08.11.2023 11:45;34,18
08.11.2023 12:00;23,12
08.11.2023 12:15;33,78
08.11.2023 12:30;23,53
08.11.2023 12:45;26,39
08.11.2023 13:00;38,18
08.11.2023 13:15;25,81
08.11.2023 13:30;30,10
08.11.2023 13:45;28,70
08.11.2023 14:00;33,69
08.11.2023 14:15;31,82
08.11.2023 14:30;33,89
08.11.2023 14:45;35,72
08.11.2023 15:00;28,04
08.11.2023 15:15;29,58
08.11.2023 15:30;25,13
08.11.2023 15:45;28,64
08.11.2023 16:00;28,54
08.11.2023 16:15;26,88
08.11.2023 16:30;26,95
08.11.2023 16:45;26,87
08.11.2023 17:00;24,93
08.11.2023 17:15;29,97
08.11.2023 17:30;24,60
08.11.2023 17:45;26,38
08.11.2023 18:00;24,15
08.11.2023 18:15;5,07
08.11.2023 18:30;6,43
08.11.2023 18:45;5,48
08.11.2023 19:00;6,03
08.11.2023 19:15;5,00
08.11.2023 19:30;5,47
08.11.2023 19:45;7,07
08.11.2023 20:00;7,02
08.11.2023 20:15;6,86
08.11.2023 20:30;6,23
08.11.2023 20:45;8,07
08.11.2023 21:00;5,84
08.11.2023 21:15;9,13
08.11.2023 21:30;5,00
08.11.2023 21:45;7,66
08.11.2023 22:00;7,33
08.11.2023 22:15;5,00
08.11.2023 22:30;5,64
08.11.2023 22:45;7,28
08.11.2023 23:00;8,18
08.11.2023 23:15;5,00
08.11.2023 23:30;7,61
08.11.2023 23:45;5,44
09.11.2023 00:00;8,62
09.11.2023 00:15;5,00
09.11.2023 00:30;11,26
09.11.2023 00:45;5,00
09.11.2023 01:00;9,22
09.11.2023 01:15;6,23
09.11.2023 01:30;5,00
09.11.2023 01:45;6,90
09.11.2023 02:00;8,42
09.11.2023 02:15;5,00
09.11.2023 02:30;7,77
09.11.2023 02:45;6,34
09.11.2023 03:00;7,52
09.11.2023 03:15;6,39
09.11.2023 03:30;5,22
09.11.2023 03:45;5,00
09.11.2023 04:00;7,71
09.11.2023 04:15;7,70
09.11.2023 04:30;7,69
09.11.2023 04:45;7,22
09.11.2023 05:00;8,25
09.11.2023 05:15;9,18
09.11.2023 05:30;5,00
09.11.2023 05:45;5,00
09.11.2023 06:00;9,80
09.11.2023 06:15;5,00
09.11.2023 06:30;5,00
09.11.2023 06:45;5,79
09.11.2023 07:00;17,91
09.11.2023 07:15;21,66
09.11.2023 07:30;21,68
09.11.2023 07:45;23,17
09.11.2023 08:00;25,10
09.11.2023 08:15;24,48
09.11.2023 08:30;23,31
09.11.2023 08:45;24,69
09.11.2023 09:00;29,50
09.11.2023 09:15;31,92
09.11.2023 09:30;25,56
09.11.2023 09:45;31,46
09.11.2023 10:00;30,74
09.11.2023 10:15;23,18
09.11.2023 10:30;26,60
09.11.2023 10:45;24,49
09.11.2023 11:00;31,85
09.11.2023 11:15;27,90
09.11.2023 11:30;22,43
09.11.2023 11:45;28,48
09.11.2023 12:00;28,07
09.11.2023 12:15;30,96
09.11.2023 12:30;30,42
09.11.2023 12:45;30,03
09.11.2023 13:00;30,03
09.11.2023 13:15;35,80
09.11.2023 13:30;28,11
09.11.2023 13:45;26,83
09.11.2023 14:00;29,94
09.11.2023 14:15;27,25
09.11.2023 14:30;32,49
09.11.2023 14:45;26,93
09.11.2023 15:00;27,32
09.11.2023 15:15;28,07
09.11.2023 15:30;24,08
09.11.2023 15:45;30,04
09.11.2023 16:00;25,80
09.11.2023 16:15;29,91
09.11.2023 16:30;29,39
09.11.2023 16:45;26,06
09.11.2023 17:00;28,00
09.11.2023 17:15;26,31
09.11.2023 17:30;23,01
09.11.2023 17:45;21,58
09.11.2023 18:00;23,41
09.11.2023 18:15;6,83
09.11.2023 18:30;8,45
09.11.2023 18:45;5,00
09.11.2023 19:00;6,56
09.11.2023 19:15;5,00
09.11.2023 19:30;6,31
09.11.2023 19:45;7,79
09.11.2023 20:00;9,84
09.11.2023 20:15;5,00
09.11.2023 20:30;5,31
09.11.2023 20:45;6,17
09.11.2023 21:00;5,00
09.11.2023 21:15;8,32
09.11.2023 21:30;6,22
09.11.2023 21:45;6,61
09.11.2023 22:00;7,61
09.11.2023 22:15;6,22
09.11.2023 22:30;5,00
09.11.2023 22:45;6,24
09.11.2023 23:00;5,00
09.11.2023 23:15;6,58
09.11.2023 23:30;8,36
09.11.2023 23:45;5,00
10.11.2023 00:00;5,00
10.11.2023 00:15;6,48
10.11.2023 00:30;5,00
10.11.2023 00:45;6,44
10.11.2023 01:00;7,02
10.11.2023 01:15;5,00
10.11.2023 01:30;7,76
10.11.2023 01:45;5,00
10.11.2023 02:00;6,33
10.11.2023 02:15;5,06
10.11.2023 02:30;5,28
10.11.2023 02:45;9,77
10.11.2023 03:00;7,02
10.11.2023 03:15;8,19
10.11.2023 03:30;6,68
10.11.2023 03:45;7,62
10.11.2023 04:00;7,21
10.11.2023 04:15;6,89
10.11.2023 04:30;8,59
10.11.2023 04:45;6,69
10.11.2023 05:00;10,95
10.11.2023 05:15;8,30
10.11.2023 05:30;5,00
10.11.2023 05:45;6,03
10.11.2023 06:00;7,17
10.11.2023 06:15;6,47
10.11.2023 06:30;7,75
10.11.2023 06:45;7,97
10.11.2023 07:00;18,54
10.11.2023 07:15;25,04
10.11.2023 07:30;22,69
10.11.2023 07:45;22,85
10.11.2023 08:00;23,09
10.11.2023 08:15;26,41
10.11.2023 08:30;24,77
10.11.2023 08:45;24,74
10.11.2023 09:00;25,90
10.11.2023 09:15;21,92
10.11.2023 09:30;25,63
10.11.2023 09:45;23,96
10.11.2023 10:00;26,23
10.11.2023 10:15;31,83
10.11.2023 10:30;30,53
10.11.2023 10:45;31,61
10.11.2023 11:00;31,08
10.11.2023 11:15;27,30
10.11.2023 11:30;29,32
10.11.2023 11:45;29,81
10.11.2023 12:00;27,11
10.11.2023 12:15;24,93
10.11.2023 12:30;29,16
10.11.2023 12:45;30,52
10.11.2023 13:00;32,69
10.11.2023 13:15;30,85
10.11.2023 13:30;27,03
10.11.2023 13:45;35,23
10.11.2023 14:00;33,09
10.11.2023 14:15;29,22
10.11.2023 14:30;31,75
10.11.2023 14:45;30,95
10.11.2023 15:00;33,01
10.11.2023 15:15;29,06
10.11.2023 15:30;28,16
10.11.2023 15:45;29,30
10.11.2023 16:00;28,33
10.11.2023 16:15;28,96
10.11.2023 16:30;32,32
10.11.2023 16:45;27,99
10.11.2023 17:00;26,48
10.11.2023 17:15;23,14
10.11.2023 17:30;20,28
10.11.2023 17:45;22,33
10.11.2023 18:00;23,40
10.11.2023 18:15;5,73
10.11.2023 18:30;7,18
10.11.2023 18:45;9,23
10.11.2023 19:00;9,18
10.11.2023 19:15;7,24
10.11.2023 19:30;6,72
10.11.2023 19:45;5,00
10.11.2023 20:00;5,12
10.11.2023 20:15;5,82
10.11.2023 20:30;5,00
10.11.2023 20:45;6,88
10.11.2023 21:00;10,20
10.11.2023 21:15;9,41
10.11.2023 21:30;6,87
10.11.2023 21:45;7,94
10.11.2023 22:00;5,00
10.11.2023 22:15;9,31
10.11.2023 22:30;5,00
10.11.2023 22:45;8,20
10.11.2023 23:00;7,37
10.11.2023 23:15;5,00
10.11.2023 23:30;5,96
10.11.2023 23:45;5,00
11.11.2023 00:00;5,00
11.11.2023 00:15;5,00
11.11.2023 00:30;5,00
11.11.2023 00:45;5,00
11.11.2023 01:00;5,00
11.11.2023 01:15;6,23
11.11.2023 01:30;5,00
11.11.2023 01:45;5,00
11.11.2023 02:00;5,00
11.11.2023 02:15;5,20
11.11.2023 02:30;5,00
11.11.2023 02:45;5,00
11.11.2023 03:00;5,00
11.11.2023 03:15;5,23
11.11.2023 03:30;5,00
11.11.2023 03:45;5,00
11.11.2023 04:00;5,00
11.11.2023 04:15;5,00
11.11.2023 04:30;5,00
11.11.2023 04:45;5,00
11.11.2023 05:00;5,00
11.11.2023 05:15;5,00
11.11.2023 05:30;5,26
11.11.2023 05:45;5,00
11.11.2023 06:00;5,00
11.11.2023 06:15;5,00
11.11.2023 06:30;5,00
11.11.2023 06:45;5,00
11.11.2023 07:00;7,78
11.11.2023 07:15;9,97
11.11.2023 07:30;9,63
11.11.2023 07:45;8,35
11.11.2023 08:00;9,39
11.11.2023 08:15;14,34
11.11.2023 08:30;8,15
11.11.2023 08:45;7,33
11.11.2023 09:00;10,29
11.11.2023 09:15;6,40
11.11.2023 09:30;9,41
11.11.2023 09:45;10,76
11.11.2023 10:00;10,59
11.11.2023 10:15;8,56
11.11.2023 10:30;9,60
11.11.2023 10:45;6,68
11.11.2023 11:00;9,12
11.11.2023 11:15;7,70
11.11.2023 11:30;5,09
11.11.2023 11:45;7,85
11.11.2023 12:00;9,02
11.11.2023 12:15;7,80
11.11.2023 12:30;9,10
11.11.2023 12:45;4,93
11.11.2023 13:00;5,37
11.11.2023 13:15;15,64
11.11.2023 13:30;15,17
11.11.2023 13:45;10,57
11.11.2023 14:00;2,31
11.11.2023 14:15;9,76
11.11.2023 14:30;7,69
11.11.2023 14:45;9,20
11.11.2023 15:00;9,37
11.11.2023 15:15;11,55
11.11.2023 15:30;10,78
11.11.2023 15:45;13,29
11.11.2023 16:00;8,96
11.11.2023 16:15;10,09
11.11.2023 16:30;11,51
11.11.2023 16:45;9,66
11.11.2023 17:00;11,90
11.11.2023 17:15;8,93
11.11.2023 17:30;12,09
11.11.2023 17:45;7,15
11.11.2023 18:00;12,79
11.11.2023 18:15;6,62
11.11.2023 18:30;5,00
11.11.2023 18:45;5,00
11.11.2023 19:00;5,00
11.11.2023 19:15;5,00
11.11.2023 19:30;5,00
11.11.2023 19:45;5,00
11.11.2023 20:00;5,00
11.11.2023 20:15;5,00
11.11.2023 20:30;5,00
11.11.2023 20:45;5,22
11.11.2023 21:00;5,00
11.11.2023 21:15;5,00
11.11.2023 21:30;5,00
11.11.2023 21:45;5,00
11.11.2023 22:00;5,00
11.11.2023 22:15;5,00
11.11.2023 22:30;5,00
11.11.2023 22:45;5,00
11.11.2023 23:00;5,28
11.11.2023 23:15;5,00
11.11.2023 23:30;5,00
11.11.2023 23:45;5,00
12.11.2023 00:00;5,00
12.11.2023 00:15;5,00
12.11.2023 00:30;5,00
12.11.2023 00:45;5,00
12.11.2023 01:00;5,00
12.11.2023 01:15;5,00
12.11.2023 01:30;5,00
12.11.2023 01:45;5,00
12.11.2023 02:00;5,00
12.11.2023 02:15;5,00
12.11.2023 02:30;5,00
12.11.2023 02:45;5,00
12.11.2023 03:00;5,00
12.11.2023 03:15;6,28
12.11.2023 03:30;5,00
12.11.2023 03:45;5,00
12.11.2023 04:00;5,00
12.11.2023 04:15;5,00
12.11.2023 04:30;5,00
12.11.2023 04:45;5,00
12.11.2023 05:00;5,00
12.11.2023 05:15;5,00
12.11.2023 05:30;5,00
12.11.2023 05:45;5,00
12.11.2023 06:00;5,69
12.11.2023 06:15;5,00
12.11.2023 06:30;5,00
12.11.2023 06:45;5,00
12.11.2023 07:00;8,15
12.11.2023 07:15;9,85
12.11.2023 07:30;8,55
12.11.2023 07:45;10,25
12.11.2023 08:00;8,65
12.11.2023 08:15;5,61
12.11.2023 08:30;9,26
12.11.2023 08:45;6,58
12.11.2023 09:00;9,06
12.11.2023 09:15;8,54
12.11.2023 09:30;4,43
12.11.2023 09:45;8,73
12.11.2023 10:00;5,94
12.11.2023 10:15;9,28
12.11.2023 10:30;6,22
12.11.2023 10:45;9,32
12.11.2023 11:00;5,72
12.11.2023 11:15;5,49
12.11.2023 11:30;7,16
12.11.2023 11:45;8,30
12.11.2023 12:00;4,67
12.11.2023 12:15;5,04
12.11.2023 12:30;8,05
12.11.2023 12:45;10,48
12.11.2023 13:00;12,02
12.11.2023 13:15;9,30
12.11.2023 13:30;7,98
12.11.2023 13:45;12,84
12.11.2023 14:00;10,08
12.11.2023 14:15;14,19
12.11.2023 14:30;9,88
12.11.2023 14:45;8,43
12.11.2023 15:00;7,78
12.11.2023 15:15;8,71
12.11.2023 15:30;14,68
12.11.2023 15:45;9,63
12.11.2023 16:00;8,71
12.11.2023 16:15;12,30
12.11.2023 16:30;12,38
12.11.2023 16:45;10,78
12.11.2023 17:00;10,03
12.11.2023 17:15;11,89
12.11.2023 17:30;7,81
12.11.2023 17:45;8,35
12.11.2023 18:00;7,50
12.11.2023 18:15;5,00
12.11.2023 18:30;5,00
12.11.2023 18:45;5,00
12.11.2023 19:00;5,00
12.11.2023 19:15;6,31
12.11.2023 19:30;5,00
12.11.2023 19:45;5,00
12.11.2023 20:00;5,00
12.11.2023 20:15;5,58
12.11.2023 20:30;5,00
12.11.2023 20:45;5,00
12.11.2023 21:00;5,00
12.11.2023 21:15;5,00
12.11.2023 21:30;5,00
12.11.2023 21:45;5,00
12.11.2023 22:00;5,00
12.11.2023 22:15;5,00
12.11.2023 22:30;5,00
12.11.2023 22:45;5,00
12.11.2023 23:00;5,00
12.11.2023 23:15;6,28
12.11.2023 23:30;5,00
12.11.2023 23:45;5,18
13.11.2023 00:00;5,00
13.11.2023 00:15;7,88
13.11.2023 00:30;8,40
13.11.2023 00:45;9,03
13.11.2023 01:00;5,00
13.11.2023 01:15;5,02
13.11.2023 01:30;7,57
13.11.2023 01:45;6,72
13.11.2023 02:00;7,01
13.11.2023 02:15;5,70
13.11.2023 02:30;9,52
13.11.2023 02:45;11,64
13.11.2023 03:00;6,63
13.11.2023 03:15;7,33
13.11.2023 03:30;6,53
13.11.2023 03:45;8,99
13.11.2023 04:00;8,08
13.11.2023 04:15;5,00
13.11.2023 04:30;5,20
13.11.2023 04:45;5,00
13.11.2023 05:00;11,81
13.11.2023 05:15;7,69
13.11.2023 05:30;5,23
13.11.2023 05:45;5,07
13.11.2023 06:00;8,03
13.11.2023 06:15;8,23
13.11.2023 06:30;8,02
13.11.2023 06:45;5,57
13.11.2023 07:00;22,01
13.11.2023 07:15;22,85
13.11.2023 07:30;21,97
13.11.2023 07:45;22,44
13.11.2023 08:00;25,98
13.11.2023 08:15;25,02
13.11.2023 08:30;27,09
13.11.2023 08:45;29,31
13.11.2023 09:00;31,25
13.11.2023 09:15;26,90
13.11.2023 09:30;26,71
13.11.2023 09:45;29,96
13.11.2023 10:00;27,39
13.11.2023 10:15;27,47
13.11.2023 10:30;27,34
13.11.2023 10:45;31,51
13.11.2023 11:00;31,32
13.11.2023 11:15;34,07
13.11.2023 11:30;32,30
13.11.2023 11:45;33,72
13.11.2023 12:00;29,51
13.11.2023 12:15;39,59
13.11.2023 12:30;30,56
13.11.2023 12:45;28,95
13.11.2023 13:00;31,84
13.11.2023 13:15;34,94
13.11.2023 13:30;27,28
13.11.2023 13:45;28,47
13.11.2023 14:00;29,05
13.11.2023 14:15;32,69
13.11.2023 14:30;31,20
13.11.2023 14:45;35,12
13.11.2023 15:00;29,72
13.11.2023 15:15;30,96
13.11.2023 15:30;29,11
13.11.2023 15:45;32,46
13.11.2023 16:00;31,64
13.11.2023 16:15;28,92
13.11.2023 16:30;25,86
13.11.2023 16:45;24,96
13.11.2023 17:00;25,13
13.11.2023 17:15;26,97
13.11.2023 17:30;24,42
13.11.2023 17:45;19,64
13.11.2023 18:00;22,21
13.11.2023 18:15;5,00
13.11.2023 18:30;5,38
13.11.2023 18:45;8,36
13.11.2023 19:00;7,95
13.11.2023 19:15;8,61
13.11.2023 19:30;6,37
13.11.2023 19:45;8,19
13.11.2023 20:00;5,25
13.11.2023 20:15;5,91
13.11.2023 20:30;5,77
13.11.2023 20:45;6,47
13.11.2023 21:00;5,00
13.11.2023 21:15;5,97
13.11.2023 21:30;9,32
13.11.2023 21:45;5,00
13.11.2023 22:00;5,00
13.11.2023 22:15;5,00
13.11.2023 22:30;11,74
13.11.2023 22:45;7,35
13.11.2023 23:00;5,88
13.11.2023 23:15;6,56
13.11.2023 23:30;6,88
13.11.2023 23:45;5,14
14.11.2023 00:00;5,40
14.11.2023 00:15;6,12
14.11.2023 00:30;5,00
14.11.2023 00:45;5,64
14.11.2023 01:00;7,14
14.11.2023 01:15;5,00
14.11.2023 01:30;11,65
14.11.2023 01:45;7,94
14.11.2023 02:00;5,00
14.11.2023 02:15;5,00
14.11.2023 02:30;5,06
14.11.2023 02:45;7,80
14.11.2023 03:00;7,42
14.11.2023 03:15;6,21
14.11.2023 03:30;5,23
14.11.2023 03:45;5,00
14.11.2023 04:00;5,63
14.11.2023 04:15;5,00
14.11.2023 04:30;5,64
14.11.2023 04:45;9,10
14.11.2023 05:00;5,00
14.11.2023 05:15;7,66
14.11.2023 05:30;7,96
14.11.2023 05:45;5,00
14.11.2023 06:00;5,00
14.11.2023 06:15;8,57
14.11.2023 06:30;5,00
14.11.2023 06:45;6,32
14.11.2023 07:00;25,53
14.11.2023 07:15;24,63
14.11.2023 07:30;24,06
14.11.2023 07:45;26,13
14.11.2023 08:00;25,37
14.11.2023 08:15;27,41
14.11.2023 08:30;21,46
14.11.2023 08:45;26,77
14.11.2023 09:00;24,41
14.11.2023 09:15;25,76
14.11.2023 09:30;25,30
14.11.2023 09:45;29,80
14.11.2023 10:00;29,87
14.11.2023 10:15;27,56
14.11.2023 10:30;26,98
14.11.2023 10:45;27,41
14.11.2023 11:00;30,57
14.11.2023 11:15;29,85
14.11.2023 11:30;34,06
14.11.2023 11:45;31,86
14.11.2023 12:00;31,62
14.11.2023 12:15;29,81
14.11.2023 12:30;38,25
14.11.2023 12:45;32,38
14.11.2023 13:00;31,71
14.11.2023 13:15;30,01
14.11.2023 13:30;30,15
14.11.2023 13:45;30,49
14.11.2023 14:00;33,21
14.11.2023 14:15;26,05
14.11.2023 14:30;32,22
14.11.2023 14:45;31,66
14.11.2023 15:00;30,82
14.11.2023 15:15;28,83
14.11.2023 15:30;32,19
14.11.2023 15:45;31,50
14.11.2023 16:00;23,52
14.11.2023 16:15;28,50
14.11.2023 16:30;24,86
14.11.2023 16:45;27,92
14.11.2023 17:00;25,68
14.11.2023 17:15;27,81
14.11.2023 17:30;24,30
14.11.2023 17:45;21,70
14.11.2023 18:00;23,32
14.11.2023 18:15;5,80
14.11.2023 18:30;5,44
14.11.2023 18:45;7,22
14.11.2023 19:00;9,66
14.11.2023 19:15;8,14
14.11.2023 19:30;7,57
14.11.2023 19:45;11,94
14.11.2023 20:00;5,00
14.11.2023 20:15;5,00
14.11.2023 20:30;6,73
14.11.2023 20:45;9,46
14.11.2023 21:00;5,00
14.11.2023 21:15;9,94
14.11.2023 21:30;5,00
14.11.2023 21:45;6,19
14.11.2023 22:00;6,78
14.11.2023 22:15;5,00
14.11.2023 22:30;5,19
14.11.2023 22:45;8,03
14.11.2023 23:00;9,32
14.11.2023 23:15;5,00
14.11.2023 23:30;6,79
14.11.2023 23:45;6,21
15.11.2023 00:00;6,66
15.11.2023 00:15;5,81
15.11.2023 00:30;5,00
15.11.2023 00:45;9,53
15.11.2023 01:00;8,77
15.11.2023 01:15;6,24
15.11.2023 01:30;5,47
15.11.2023 01:45;5,23
15.11.2023 02:00;5,00
15.11.2023 02:15;7,16
15.11.2023 02:30;8,01
15.11.2023 02:45;6,72
15.11.2023 03:00;6,28
15.11.2023 03:15;6,71
15.11.2023 03:30;5,00
15.11.2023 03:45;5,45
15.11.2023 04:00;6,12
15.11.2023 04:15;7,84
15.11.2023 04:30;9,21
15.11.2023 04:45;5,99
15.11.2023 05:00;5,00
15.11.2023 05:15;6,52
15.11.2023 05:30;10,47
15.11.2023 05:45;5,00
15.11.2023 06:00;8,22
15.11.2023 06:15;9,12
15.11.2023 06:30;5,73
15.11.2023 06:45;5,05
15.11.2023 07:00;22,64
15.11.2023 07:15;23,43
15.11.2023 07:30;25,33
15.11.2023 07:45;28,95
15.11.2023 08:00;25,36
15.11.2023 08:15;23,10
15.11.2023 08:30;27,92
15.11.2023 08:45;25,72
15.11.2023 09:00;32,48
15.11.2023 09:15;29,47
15.11.2023 09:30;27,21
15.11.2023 09:45;25,00
15.11.2023 10:00;30,38
15.11.2023 10:15;36,97
15.11.2023 10:30;29,18
15.11.2023 10:45;29,39
15.11.2023 11:00;31,87
15.11.2023 11:15;30,68
15.11.2023 11:30;33,76
15.11.2023 11:45;27,68
15.11.2023 12:00;25,25
15.11.2023 12:15;32,87
15.11.2023 12:30;28,97
15.11.2023 12:45;29,50
15.11.2023 13:00;30,21
15.11.2023 13:15;29,36
15.11.2023 13:30;34,63
15.11.2023 13:45;32,81
15.11.2023 14:00;31,09
15.11.2023 14:15;38,02
15.11.2023 14:30;36,49
15.11.2023 14:45;28,03
15.11.2023 15:00;29,44
15.11.2023 15:15;30,65
15.11.2023 15:30;30,40
15.11.2023 15:45;29,28
15.11.2023 16:00;30,36
15.11.2023 16:15;31,28
15.11.2023 16:30;31,19
15.11.2023 16:45;27,12
15.11.2023 17:00;27,26
15.11.2023 17:15;25,63
15.11.2023 17:30;23,97
15.11.2023 17:45;21,09
15.11.2023 18:00;19,61
15.11.2023 18:15;7,78
15.11.2023 18:30;5,00
15.11.2023 18:45;5,00
15.11.2023 19:00;6,38
15.11.2023 19:15;9,36
15.11.2023 19:30;5,00
15.11.2023 19:45;5,87
15.11.2023 20:00;7,80
15.11.2023 20:15;5,00
15.11.2023 20:30;6,02
15.11.2023 20:45;5,00
15.11.2023 21:00;5,00
15.11.2023 21:15;5,64
15.11.2023 21:30;5,00
15.11.2023 21:45;5,00
15.11.2023 22:00;6,33
15.11.2023 22:15;10,90
15.11.2023 22:30;7,96
15.11.2023 22:45;8,47
15.11.2023 23:00;8,04
15.11.2023 23:15;5,05
15.11.2023 23:30;7,07
15.11.2023 23:45;8,64
16.11.2023 00:00;8,12
16.11.2023 00:15;6,85
16.11.2023 00:30;7,50
16.11.2023 00:45;11,39
16.11.2023 01:00;8,14
16.11.2023 01:15;5,83
16.11.2023 01:30;6,31
16.11.2023 01:45;5,00
16.11.2023 02:00;11,16
16.11.2023 02:15;9,67
16.11.2023 02:30;6,63
16.11.2023 02:45;10,82
16.11.2023 03:00;7,73
16.11.2023 03:15;5,60
16.11.2023 03:30;8,27
16.11.2023 03:45;7,26
16.11.2023 04:00;8,14
16.11.2023 04:15;5,00
16.11.2023 04:30;5,00
16.11.2023 04:45;9,44
16.11.2023 05:00;9,85
16.11.2023 05:15;9,29
16.11.2023 05:30;10,90
16.11.2023 05:45;7,62
16.11.2023 06:00;7,48
16.11.2023 06:15;5,00
16.11.2023 06:30;5,30
16.11.2023 06:45;5,00
16.11.2023 07:00;20,89
16.11.2023 07:15;18,65
16.11.2023 07:30;26,15
16.11.2023 07:45;25,81
16.11.2023 08:00;20,89
16.11.2023 08:15;25,01
16.11.2023 08:30;30,20
16.11.2023 08:45;26,85
16.11.2023 09:00;25,33
16.11.2023 09:15;23,72
16.11.2023 09:30;25,87
16.11.2023 09:45;27,42
16.11.2023 10:00;26,85
16.11.2023 10:15;28,82
16.11.2023 10:30;25,96
16.11.2023 10:45;30,36
16.11.2023 11:00;24,78
16.11.2023 11:15;30,39
16.11.2023 11:30;25,94
16.11.2023 11:45;30,44
16.11.2023 12:00;38,15
16.11.2023 12:15;30,82
16.11.2023 12:30;35,93
16.11.2023 12:45;37,42
16.11.2023 13:00;31,30
16.11.2023 13:15;33,22
16.11.2023 13:30;31,17
16.11.2023 13:45;30,26
16.11.2023 14:00;32,49
16.11.2023 14:15;31,04
16.11.2023 14:30;33,02
16.11.2023 14:45;33,52
16.11.2023 15:00;33,64
16.11.2023 15:15;34,20
16.11.2023 15:30;30,43
16.11.2023 15:45;29,26
16.11.2023 16:00;27,76
16.11.2023 16:15;26,25
16.11.2023 16:30;31,62
16.11.2023 16:45;26,16
16.11.2023 17:00;24,54
16.11.2023 17:15;24,36
16.11.2023 17:30;23,43
16.11.2023 17:45;26,04
16.11.2023 18:00;20,88
16.11.2023 18:15;11,73
16.11.2023 18:30;6,59
16.11.2023 18:45;10,58
16.11.2023 19:00;8,25
16.11.2023 19:15;7,18
16.11.2023 19:30;9,62
16.11.2023 19:45;8,71
16.11.2023 20:00;7,73
16.11.2023 20:15;11,10
16.11.2023 20:30;5,46
16.11.2023 20:45;5,00
16.11.2023 21:00;5,11
16.11.2023 21:15;9,97
16.11.2023 21:30;9,36
16.11.2023 21:45;5,41
16.11.2023 22:00;5,00
16.11.2023 22:15;6,05
16.11.2023 22:30;5,00
16.11.2023 22:45;5,47
16.11.2023 23:00;5,00
16.11.2023 23:15;5,00
16.11.2023 23:30;10,23
16.11.2023 23:45;5,09
17.11.2023 00:00;9,30
17.11.2023 00:15;6,03
17.11.2023 00:30;5,00
17.11.2023 00:45;7,49
17.11.2023 01:00;5,69
17.11.2023 01:15;6,06
17.11.2023 01:30;6,76
17.11.2023 01:45;5,00
17.11.2023 02:00;5,00
17.11.2023 02:15;6,37
17.11.2023 02:30;8,40
17.11.2023 02:45;5,00
17.11.2023 03:00;6,78
17.11.2023 03:15;9,49
17.11.2023 03:30;6,29
17.11.2023 03:45;6,65
17.11.2023 04:00;6,58
17.11.2023 04:15;5,11
17.11.2023 04:30;5,00
17.11.2023 04:45;5,00
17.11.2023 05:00;7,21
17.11.2023 05:15;7,99
17.11.2023 05:30;8,08
17.11.2023 05:45;5,72
17.11.2023 06:00;8,66
17.11.2023 06:15;7,09
17.11.2023 06:30;6,62
17.11.2023 06:45;5,00
17.11.2023 07:00;19,95
17.11.2023 07:15;19,77
17.11.2023 07:30;25,29
17.11.2023 07:45;25,18
17.11.2023 08:00;23,35
17.11.2023 08:15;25,93
17.11.2023 08:30;24,39
17.11.2023 08:45;24,58
17.11.2023 09:00;24,33
17.11.2023 09:15;27,48
17.11.2023 09:30;29,97
17.11.2023 09:45;28,00
17.11.2023 10:00;31,34
17.11.2023 10:15;29,71
17.11.2023 10:30;28,26
17.11.2023 10:45;28,69
17.11.2023 11:00;31,53
17.11.2023 11:15;28,50
17.11.2023 11:30;29,30
17.11.2023 11:45;31,63
17.11.2023 12:00;31,85
17.11.2023 12:15;35,24
17.11.2023 12:30;29,86
17.11.2023 12:45;34,33
17.11.2023 13:00;35,75
17.11.2023 13:15;28,70
17.11.2023 13:30;30,44
17.11.2023 13:45;37,56
17.11.2023 14:00;32,81
17.11.2023 14:15;29,54
17.11.2023 14:30;30,99
17.11.2023 14:45;29,77
17.11.2023 15:00;31,37
17.11.2023 15:15;29,64
17.11.2023 15:30;32,73
17.11.2023 15:45;30,28
17.11.2023 16:00;32,28
17.11.2023 16:15;31,56
17.11.2023 16:30;30,11
17.11.2023 16:45;26,94
17.11.2023 17:00;26,65
17.11.2023 17:15;24,33
17.11.2023 17:30;21,31
17.11.2023 17:45;24,72
17.11.2023 18:00;21,41
17.11.2023 18:15;5,00
17.11.2023 18:30;7,55
17.11.2023 18:45;6,03
17.11.2023 19:00;5,00
17.11.2023 19:15;5,00
17.11.2023 19:30;5,07
17.11.2023 19:45;6,90
17.11.2023 20:00;8,05
17.11.2023 20:15;7,98
17.11.2023 20:30;7,68
17.11.2023 20:45;6,41
17.11.2023 21:00;9,92
17.11.2023 21:15;7,87
17.11.2023 21:30;6,92
17.11.2023 21:45;7,61
17.11.2023 22:00;5,68
17.11.2023 22:15;6,36
17.11.2023 22:30;5,00
17.11.2023 22:45;5,70
17.11.2023 23:00;9,99
17.11.2023 23:15;6,77
17.11.2023 23:30;6,69
17.11.2023 23:45;8,47
18.11.2023 00:00;5,00
18.11.2023 00:15;5,00
18.11.2023 00:30;5,00
18.11.2023 00:45;5,00
18.11.2023 01:00;5,00
18.11.2023 01:15;5,00
18.11.2023 01:30;5,00
18.11.2023 01:45;5,00
18.11.2023 02:00;5,00
18.11.2023 02:15;5,00
18.11.2023 02:30;5,00
18.11.2023 02:45;5,00
18.11.2023 03:00;5,00
18.11.2023 03:15;5,00
18.11.2023 03:30;5,27
18.11.2023 03:45;5,00
18.11.2023 04:00;5,00
18.11.2023 04:15;5,00
18.11.2023 04:30;5,00
18.11.2023 04:45;5,00
18.11.2023 05:00;5,00
18.11.2023 05:15;5,00
18.11.2023 05:30;5,00
18.11.2023 05:45;5,91
18.11.2023 06:00;5,00
18.11.2023 06:15;5,00
18.11.2023 06:30;5,00
18.11.2023 06:45;5,00
18.11.2023 07:00;11,32
18.11.2023 07:15;6,82
18.11.2023 07:30;8,23
18.11.2023 07:45;11,15
18.11.2023 08:00;11,21
18.11.2023 08:15;9,72
18.11.2023 08:30;7,64
18.11.2023 08:45;8,06
18.11.2023 09:00;13,00
18.11.2023 09:15;8,87
18.11.2023 09:30;7,84
18.11.2023 09:45;7,12
18.11.2023 10:00;10,31
18.11.2023 10:15;8,23
18.11.2023 10:30;13,23
18.11.2023 10:45;7,04
18.11.2023 11:00;7,87
18.11.2023 11:15;6,22
18.11.2023 11:30;3,47
18.11.2023 11:45;12,95
18.11.2023 12:00;11,83
18.11.2023 12:15;8,01
18.11.2023 12:30;4,49
18.11.2023 12:45;14,38
18.11.2023 13:00;3,49
18.11.2023 13:15;4,89
18.11.2023 13:30;8,46
18.11.2023 13:45;8,17
18.11.2023 14:00;8,35
18.11.2023 14:15;10,65
18.11.2023 14:30;12,29
18.11.2023 14:45;11,01
18.11.2023 15:00;10,18
18.11.2023 15:15;9,78
18.11.2023 15:30;15,66
18.11.2023 15:45;10,34
18.11.2023 16:00;10,22
18.11.2023 16:15;13,13
18.11.2023 16:30;11,92
18.11.2023 16:45;9,43
18.11.2023 17:00;14,99
18.11.2023 17:15;12,07
18.11.2023 17:30;9,64
18.11.2023 17:45;13,95
18.11.2023 18:00;10,27
18.11.2023 18:15;5,00
18.11.2023 18:30;7,16
18.11.2023 18:45;5,00
18.11.2023 19:00;5,00
18.11.2023 19:15;5,00
18.11.2023 19:30;5,00
18.11.2023 19:45;5,00
18.11.2023 20:00;5,47
18.11.2023 20:15;5,00
18.11.2023 20:30;5,33
18.11.2023 20:45;5,00
18.11.2023 21:00;5,00
18.11.2023 21:15;5,00
18.11.2023 21:30;5,00
18.11.2023 21:45;5,00
18.11.2023 22:00;5,00
18.11.2023 22:15;5,00
18.11.2023 22:30;5,00
18.11.2023 22:45;5,00
18.11.2023 23:00;5,00
18.11.2023 23:15;5,00
18.11.2023 23:30;5,00
18.11.2023 23:45;5,00
19.11.2023 00:00;5,00
19.11.2023 00:15;6,23
19.11.2023 00:30;7,83
19.11.2023 00:45;5,00
19.11.2023 01:00;5,00
19.11.2023 01:15;5,00
19.11.2023 01:30;5,00
19.11.2023 01:45;5,00
19.11.2023 02:00;5,00
19.11.2023 02:15;5,00
19.11.2023 02:30;5,00
19.11.2023 02:45;5,00
19.11.2023 03:00;5,00
19.11.2023 03:15;5,04
19.11.2023 03:30;5,00
19.11.2023 03:45;5,03
19.11.2023 04:00;5,00
19.11.2023 04:15;5,00
19.11.2023 04:30;5,00
19.11.2023 04:45;5,00
19.11.2023 05:00;5,00
19.11.2023 05:15;5,00
19.11.2023 05:30;5,00
19.11.2023 05:45;5,00
19.11.2023 06:00;5,00
19.11.2023 06:15;5,30
19.11.2023 06:30;5,00
19.11.2023 06:45;5,00
19.11.2023 07:00;6,89
19.11.2023 07:15;6,92
19.11.2023 07:30;8,45
19.11.2023 07:45;11,32
19.11.2023 08:00;7,14
19.11.2023 08:15;10,48
19.11.2023 08:30;7,02
19.11.2023 08:45;9,22
19.11.2023 09:00;8,52
19.11.2023 09:15;11,40
19.11.2023 09:30;7,05
19.11.2023 09:45;12,39
19.11.2023 10:00;11,90
19.11.2023 10:15;5,09
19.11.2023 10:30;7,75
19.11.2023 10:45;6,45
19.11.2023 11:00;8,72
19.11.2023 11:15;11,86
19.11.2023 11:30;8,44
19.11.2023 11:45;9,35
19.11.2023 12:00;8,02
19.11.2023 12:15;4,12
19.11.2023 12:30;7,84
19.11.2023 12:45;10,44
19.11.2023 13:00;10,58
19.11.2023 13:15;4,98
19.11.2023 13:30;10,43
19.11.2023 13:45;9,36
19.11.2023 14:00;6,14
19.11.2023 14:15;6,27
19.11.2023 14:30;7,10
19.11.2023 14:45;17,50
19.11.2023 15:00;14,54
19.11.2023 15:15;11,01
19.11.2023 15:30;13,49
19.11.2023 15:45;13,15
19.11.2023 16:00;12,51
19.11.2023 16:15;10,51
19.11.2023 16:30;10,52
19.11.2023 16:45;11,01
19.11.2023 17:00;6,69
19.11.2023 17:15;9,17
19.11.2023 17:30;9,66
19.11.2023 17:45;11,78
19.11.2023 18:00;7,43
19.11.2023 18:15;5,00
19.11.2023 18:30;5,00
19.11.2023 18:45;5,00
19.11.2023 19:00;5,00
19.11.2023 19:15;5,00
19.11.2023 19:30;5,00
19.11.2023 19:45;5,00
19.11.2023 20:00;5,00
19.11.2023 20:15;5,00
19.11.2023 20:30;5,00
19.11.2023 20:45;5,00
19.11.2023 21:00;5,00
19.11.2023 21:15;5,00
19.11.2023 21:30;5,00
19.11.2023 21:45;5,00
19.11.2023 22:00;5,00
19.11.2023 22:15;5,00
19.11.2023 22:30;5,00
19.11.2023 22:45;5,00
19.11.2023 23:00;5,00
19.11.2023 23:15;5,00
19.11.2023 23:30;5,80
19.11.2023 23:45;5,00
20.11.2023 00:00;5,79
20.11.2023 00:15;8,33
20.11.2023 00:30;5,00
20.11.2023 00:45;5,00
20.11.2023 01:00;8,83
20.11.2023 01:15;5,00
20.11.2023 01:30;8,24
20.11.2023 01:45;6,61
20.11.2023 02:00;5,00
20.11.2023 02:15;7,73
20.11.2023 02:30;5,69
20.11.2023 02:45;5,00
20.11.2023 03:00;5,00
20.11.2023 03:15;5,00
20.11.2023 03:30;7,32
20.11.2023 03:45;5,00
20.11.2023 04:00;6,44
20.11.2023 04:15;6,15
20.11.2023 04:30;5,00
20.11.2023 04:45;5,00
20.11.2023 05:00;11,58
20.11.2023 05:15;6,42
20.11.2023 05:30;10,16
20.11.2023 05:45;8,84
20.11.2023 06:00;5,87
20.11.2023 06:15;6,88
20.11.2023 06:30;6,82
20.11.2023 06:45;10,20
20.11.2023 07:00;23,37
20.11.2023 07:15;21,34
20.11.2023 07:30;24,89
20.11.2023 07:45;26,94
20.11.2023 08:00;23,75
20.11.2023 08:15;28,56
20.11.2023 08:30;30,54
20.11.2023 08:45;25,47
20.11.2023 09:00;27,13
20.11.2023 09:15;30,28
20.11.2023 09:30;27,33
20.11.2023 09:45;28,16
20.11.2023 10:00;32,96
20.11.2023 10:15;29,07
20.11.2023 10:30;29,70
20.11.2023 10:45;38,28
20.11.2023 11:00;36,89
20.11.2023 11:15;35,35
20.11.2023 11:30;35,71
20.11.2023 11:45;34,25
20.11.2023 12:00;28,25
20.11.2023 12:15;31,48
20.11.2023 12:30;25,00
20.11.2023 12:45;30,73
20.11.2023 13:00;31,97
20.11.2023 13:15;32,56
20.11.2023 13:30;36,08
20.11.2023 13:45;29,38
20.11.2023 14:00;32,28
20.11.2023 14:15;31,48
20.11.2023 14:30;32,98
20.11.2023 14:45;33,83
20.11.2023 15:00;26,49
20.11.2023 15:15;28,74
20.11.2023 15:30;33,08
20.11.2023 15:45;28,02
20.11.2023 16:00;33,86
20.11.2023 16:15;27,16
20.11.2023 16:30;25,87
20.11.2023 16:45;25,88
20.11.2023 17:00;28,86
20.11.2023 17:15;24,31
20.11.2023 17:30;24,87
20.11.2023 17:45;23,10
20.11.2023 18:00;21,60
20.11.2023 18:15;9,06
20.11.2023 18:30;8,06
20.11.2023 18:45;5,00
20.11.2023 19:00;5,96
20.11.2023 19:15;10,00
20.11.2023 19:30;7,15
20.11.2023 19:45;5,00
20.11.2023 20:00;5,00
20.11.2023 20:15;8,29
20.11.2023 20:30;7,92
20.11.2023 20:45;5,00
20.11.2023 21:00;8,01
20.11.2023 21:15;9,71
20.11.2023 21:30;9,43
20.11.2023 21:45;9,72
20.11.2023 22:00;7,62
20.11.2023 22:15;6,16
20.11.2023 22:30;5,71
20.11.2023 22:45;6,48
20.11.2023 23:00;5,00
20.11.2023 23:15;5,79
20.11.2023 23:30;9,06
20.11.2023 23:45;5,00
21.11.2023 00:00;5,00
21.11.2023 00:15;8,19
21.11.2023 00:30;5,83
21.11.2023 00:45;5,00
21.11.2023 01:00;6,40
21.11.2023 01:15;6,12
21.11.2023 01:30;5,66
21.11.2023 01:45;7,90
21.11.2023 02:00;5,00
21.11.2023 02:15;6,55
21.11.2023 02:30;6,10
21.11.2023 02:45;6,60
21.11.2023 03:00;5,00
21.11.2023 03:15;5,48
21.11.2023 03:30;6,57
21.11.2023 03:45;7,61
21.11.2023 04:00;10,22
21.11.2023 04:15;8,14
21.11.2023 04:30;7,45
21.11.2023 04:45;9,07
21.11.2023 05:00;5,92
21.11.2023 05:15;9,63
21.11.2023 05:30;8,76
21.11.2023 05:45;5,63
21.11.2023 06:00;10,37
21.11.2023 06:15;7,42
21.11.2023 06:30;10,91
21.11.2023 06:45;7,13
21.11.2023 07:00;20,63
21.11.2023 07:15;21,46
21.11.2023 07:30;23,52
21.11.2023 07:45;24,31
21.11.2023 08:00;28,41
21.11.2023 08:15;26,25
21.11.2023 08:30;22,76
21.11.2023 08:45;29,99
21.11.2023 09:00;26,75
21.11.2023 09:15;25,86
21.11.2023 09:30;30,70
21.11.2023 09:45;29,88
21.11.2023 10:00;28,53
21.11.2023 10:15;32,37
21.11.2023 10:30;32,35
21.11.2023 10:45;27,78
21.11.2023 11:00;33,99
21.11.2023 11:15;25,72
21.11.2023 11:30;28,67
21.11.2023 11:45;27,59
21.11.2023 12:00;37,53
21.11.2023 12:15;32,47
21.11.2023 12:30;30,23
21.11.2023 12:45;33,68
21.11.2023 13:00;36,26
21.11.2023 13:15;34,06
21.11.2023 13:30;36,35
21.11.2023 13:45;34,49
21.11.2023 14:00;32,51
21.11.2023 14:15;31,59
21.11.2023 14:30;30,47
21.11.2023 14:45;32,18
21.11.2023 15:00;34,04
21.11.2023 15:15;30,50
21.11.2023 15:30;31,37
21.11.2023 15:45;31,00
21.11.2023 16:00;33,51
21.11.2023 16:15;33,80
21.11.2023 16:30;31,33
21.11.2023 16:45;27,66
21.11.2023 17:00;28,95
21.11.2023 17:15;26,75
21.11.2023 17:30;24,08
21.11.2023 17:45;27,18
21.11.2023 18:00;20,28
21.11.2023 18:15;7,73
21.11.2023 18:30;8,20
21.11.2023 18:45;5,95
21.11.2023 19:00;7,64
21.11.2023 19:15;8,42
21.11.2023 19:30;7,02
21.11.2023 19:45;7,47
21.11.2023 20:00;6,74
21.11.2023 20:15;8,12
21.11.2023 20:30;6,07
21.11.2023 20:45;5,90
21.11.2023 21:00;6,57
21.11.2023 21:15;8,89
21.11.2023 21:30;5,00
21.11.2023 21:45;5,00
21.11.2023 22:00;11,08
21.11.2023 22:15;7,08
21.11.2023 22:30;5,71
21.11.2023 22:45;8,12
21.11.2023 23:00;5,00
21.11.2023 23:15;5,00
21.11.2023 23:30;7,24
21.11.2023 23:45;5,06
22.11.2023 00:00;6,74
22.11.2023 00:15;7,20
22.11.2023 00:30;6,82
22.11.2023 00:45;5,00
22.11.2023 01:00;6,59
22.11.2023 01:15;7,43
22.11.2023 01:30;5,00
22.11.2023 01:45;5,00
22.11.2023 02:00;5,00
22.11.2023 02:15;8,03
22.11.2023 02:30;5,00
22.11.2023 02:45;8,20
22.11.2023 03:00;7,32
22.11.2023 03:15;6,02
22.11.2023 03:30;5,00
22.11.2023 03:45;5,00
22.11.2023 04:00;8,10
22.11.2023 04:15;9,05
22.11.2023 04:30;5,00
22.11.2023 04:45;8,82
22.11.2023 05:00;7,91
22.11.2023 05:15;6,52
22.11.2023 05:30;5,06
22.11.2023 05:45;5,38
22.11.2023 06:00;10,18
22.11.2023 06:15;6,90
22.11.2023 06:30;9,20
22.11.2023 06:45;7,02
22.11.2023 07:00;20,89
22.11.2023 07:15;24,21
22.11.2023 07:30;28,59
22.11.2023 07:45;24,21
22.11.2023 08:00;27,98
22.11.2023 08:15;26,38
22.11.2023 08:30;23,23
22.11.2023 08:45;25,30
22.11.2023 09:00;26,88
22.11.2023 09:15;29,09
22.11.2023 09:30;30,11
22.11.2023 09:45;27,18
22.11.2023 10:00;32,22
22.11.2023 10:15;31,11
22.11.2023 10:30;31,44
22.11.2023 10:45;32,97
22.11.2023 11:00;40,21
22.11.2023 11:15;31,79
22.11.2023 11:30;29,68
22.11.2023 11:45;33,29
22.11.2023 12:00;33,55
22.11.2023 12:15;34,02
22.11.2023 12:30;34,67
22.11.2023 12:45;31,41
22.11.2023 13:00;31,13
22.11.2023 13:15;36,34
22.11.2023 13:30;27,50
22.11.2023 13:45;34,85
22.11.2023 14:00;33,25
22.11.2023 14:15;29,23
22.11.2023 14:30;32,51
22.11.2023 14:45;31,67
22.11.2023 15:00;29,06
22.11.2023 15:15;30,26
22.11.2023 15:30;30,23
22.11.2023 15:45;30,90
22.11.2023 16:00;33,40
22.11.2023 16:15;28,59
22.11.2023 16:30;31,17
22.11.2023 16:45;25,59
22.11.2023 17:00;24,02
22.11.2023 17:15;24,90
22.11.2023 17:30;22,39
22.11.2023 17:45;20,32
22.11.2023 18:00;25,68
22.11.2023 18:15;5,64
22.11.2023 18:30;11,16
22.11.2023 18:45;5,00
22.11.2023 19:00;5,00
22.11.2023 19:15;9,12
22.11.2023 19:30;5,09
22.11.2023 19:45;6,82
22.11.2023 20:00;5,00
22.11.2023 20:15;6,46
22.11.2023 20:30;5,00
22.11.2023 20:45;6,39
22.11.2023 21:00;5,59
22.11.2023 21:15;7,00
22.11.2023 21:30;7,79
22.11.2023 21:45;7,02
22.11.2023 22:00;7,44
22.11.2023 22:15;6,32
22.11.2023 22:30;5,67
22.11.2023 22:45;7,48
22.11.2023 23:00;6,32
22.11.2023 23:15;6,39
22.11.2023 23:30;7,33
22.11.2023 23:45;5,00
23.11.2023 00:00;9,41
23.11.2023 00:15;6,05
23.11.2023 00:30;6,80
23.11.2023 00:45;6,46
23.11.2023 01:00;7,86
23.11.2023 01:15;7,23
23.11.2023 01:30;6,45
23.11.2023 01:45;9,45
23.11.2023 02:00;5,00
23.11.2023 02:15;9,04
23.11.2023 02:30;8,39
23.11.2023 02:45;5,00
23.11.2023 03:00;8,41
23.11.2023 03:15;8,67
23.11.2023 03:30;7,67
23.11.2023 03:45;5,00
23.11.2023 04:00;7,92
23.11.2023 04:15;8,57
23.11.2023 04:30;5,41
23.11.2023 04:45;7,43
23.11.2023 05:00;5,84
23.11.2023 05:15;8,32
23.11.2023 05:30;5,92
23.11.2023 05:45;5,39
23.11.2023 06:00;6,47
23.11.2023 06:15;5,00
23.11.2023 06:30;6,27
23.11.2023 06:45;7,27
23.11.2023 07:00;23,58
23.11.2023 07:15;23,58
23.11.2023 07:30;21,46
23.11.2023 07:45;28,25
23.11.2023 08:00;28,77
23.11.2023 08:15;26,30
23.11.2023 08:30;25,54
23.11.2023 08:45;26,94
23.11.2023 09:00;27,01
23.11.2023 09:15;28,72
23.11.2023 09:30;28,57
23.11.2023 09:45;25,63
23.11.2023 10:00;32,60
23.11.2023 10:15;28,80
23.11.2023 10:30;28,17
23.11.2023 10:45;31,17
23.11.2023 11:00;35,39
23.11.2023 11:15;27,47
23.11.2023 11:30;32,15
23.11.2023 11:45;31,83
23.11.2023 12:00;29,22
23.11.2023 12:15;31,18
23.11.2023 12:30;36,54
23.11.2023 12:45;34,76
23.11.2023 13:00;32,62
23.11.2023 13:15;38,56
23.11.2023 13:30;27,42
23.11.2023 13:45;30,52
23.11.2023 14:00;33,80
23.11.2023 14:15;38,89
23.11.2023 14:30;32,98
23.11.2023 14:45;35,96
23.11.2023 15:00;31,33
23.11.2023 15:15;29,18
23.11.2023 15:30;31,37
23.11.2023 15:45;32,56
23.11.2023 16:00;28,01
23.11.2023 16:15;29,78
23.11.2023 16:30;29,04
23.11.2023 16:45;26,58
23.11.2023 17:00;25,63
23.11.2023 17:15;27,24
23.11.2023 17:30;25,26
23.11.2023 17:45;24,68
23.11.2023 18:00;22,51
23.11.2023 18:15;5,00
23.11.2023 18:30;7,40
23.11.2023 18:45;5,00
23.11.2023 19:00;5,93
23.11.2023 19:15;5,00
23.11.2023 19:30;5,33
23.11.2023 19:45;6,73
23.11.2023 20:00;5,64
23.11.2023 20:15;5,00
23.11.2023 20:30;8,83
23.11.2023 20:45;6,31
23.11.2023 21:00;5,49
23.11.2023 21:15;5,00
23.11.2023 21:30;5,00
23.11.2023 21:45;6,11
23.11.2023 22:00;5,00
23.11.2023 22:15;7,97
23.11.2023 22:30;6,61
23.11.2023 22:45;9,67
23.11.2023 23:00;7,00
23.11.2023 23:15;5,10
23.11.2023 23:30;5,00
23.11.2023 23:45;8,16
24.11.2023 00:00;5,00
24.11.2023 00:15;5,75
24.11.2023 00:30;9,91
24.11.2023 00:45;7,78
24.11.2023 01:00;7,34
24.11.2023 01:15;8,45
24.11.2023 01:30;8,38
24.11.2023 01:45;9,72
24.11.2023 02:00;5,36
24.11.2023 02:15;5,81
24.11.2023 02:30;5,00
24.11.2023 02:45;6,50
24.11.2023 03:00;6,30
24.11.2023 03:15;5,00
24.11.2023 03:30;5,26
24.11.2023 03:45;9,44
24.11.2023 04:00;7,05
24.11.2023 04:15;7,99
24.11.2023 04:30;6,32
24.11.2023 04:45;5,00
24.11.2023 05:00;6,31
24.11.2023 05:15;8,65
24.11.2023 05:30;5,00
24.11.2023 05:45;8,06
24.11.2023 06:00;5,00
24.11.2023 06:15;6,60
24.11.2023 06:30;7,65
24.11.2023 06:45;5,94
24.11.2023 07:00;26,82
24.11.2023 07:15;22,14
24.11.2023 07:30;23,21
24.11.2023 07:45;26,01
24.11.2023 08:00;24,79
24.11.2023 08:15;24,48
24.11.2023 08:30;24,21
24.11.2023 08:45;29,54
24.11.2023 09:00;26,90
24.11.2023 09:15;32,92
24.11.2023 09:30;28,30
24.11.2023 09:45;32,50
24.11.2023 10:00;31,42
24.11.2023 10:15;27,36
24.11.2023 10:30;28,73
24.11.2023 10:45;26,77
24.11.2023 11:00;32,34
24.11.2023 11:15;31,23
24.11.2023 11:30;30,71
24.11.2023 11:45;31,75
24.11.2023 12:00;30,56
24.11.2023 12:15;36,04
24.11.2023 12:30;31,67
24.11.2023 12:45;35,30
24.11.2023 13:00;31,75
24.11.2023 13:15;30,06
24.11.2023 13:30;33,25
24.11.2023 13:45;35,23
24.11.2023 14:00;33,35
24.11.2023 14:15;33,27
24.11.2023 14:30;33,37
24.11.2023 14:45;31,58
24.11.2023 15:00;33,03
24.11.2023 15:15;29,80
24.11.2023 15:30;29,25
24.11.2023 15:45;33,17
24.11.2023 16:00;29,45
24.11.2023 16:15;29,57
24.11.2023 16:30;31,24
24.11.2023 16:45;29,49
24.11.2023 17:00;30,09
24.11.2023 17:15;26,56
24.11.2023 17:30;23,17
24.11.2023 17:45;27,24
24.11.2023 18:00;23,04
24.11.2023 18:15;6,25
24.11.2023 18:30;6,68
24.11.2023 18:45;6,92
24.11.2023 19:00;6,09
24.11.2023 19:15;5,00
24.11.2023 19:30;9,82
24.11.2023 19:45;6,52
24.11.2023 20:00;6,93
24.11.2023 20:15;10,72
24.11.2023 20:30;5,20
24.11.2023 20:45;7,87
24.11.2023 21:00;5,00
24.11.2023 21:15;7,20
24.11.2023 21:30;6,97
24.11.2023 21:45;8,14
24.11.2023 22:00;8,98
24.11.2023 22:15;5,40
24.11.2023 22:30;9,40
24.11.2023 22:45;9,54
24.11.2023 23:00;6,06
24.11.2023 23:15;6,55
24.11.2023 23:30;5,57
24.11.2023 23:45;5,95
25.11.2023 00:00;5,00
25.11.2023 00:15;5,00
25.11.2023 00:30;5,00
25.11.2023 00:45;5,00
25.11.2023 01:00;5,00
25.11.2023 01:15;5,23
25.11.2023 01:30;5,00
25.11.2023 01:45;5,00
25.11.2023 02:00;5,00
25.11.2023 02:15;5,00
25.11.2023 02:30;5,00
25.11.2023 02:45;5,00
25.11.2023 03:00;5,00
25.11.2023 03:15;5,00
25.11.2023 03:30;5,00
25.11.2023 03:45;5,00
25.11.2023 04:00;5,00
25.11.2023 04:15;5,00
25.11.2023 04:30;5,11
25.11.2023 04:45;5,00
25.11.2023 05:00;5,00
25.11.2023 05:15;5,00
25.11.2023 05:30;6,04
25.11.2023 05:45;5,00
25.11.2023 06:00;5,00
25.11.2023 06:15;5,00
25.11.2023 06:30;5,91
25.11.2023 06:45;5,00
25.11.2023 07:00;8,82
25.11.2023 07:15;7,52
25.11.2023 07:30;10,02
25.11.2023 07:45;7,96
25.11.2023 08:00;8,86
25.11.2023 08:15;11,04
25.11.2023 08:30;9,17
25.11.2023 08:45;11,06
25.11.2023 09:00;8,28
25.11.2023 09:15;7,43
25.11.2023 09:30;14,21
25.11.2023 09:45;7,23
25.11.2023 10:00;6,60
25.11.2023 10:15;11,82
25.11.2023 10:30;10,32
25.11.2023 10:45;5,91
25.11.2023 11:00;4,21
25.11.2023 11:15;7,53
25.11.2023 11:30;7,69
25.11.2023 11:45;7,47
25.11.2023 12:00;12,28
25.11.2023 12:15;8,88
25.11.2023 12:30;9,79
25.11.2023 12:45;13,32
25.11.2023 13:00;8,56
25.11.2023 13:15;9,59
25.11.2023 13:30;7,51
25.11.2023 13:45;10,15
25.11.2023 14:00;11,40
25.11.2023 14:15;4,58
25.11.2023 14:30;8,98
25.11.2023 14:45;10,77
25.11.2023 15:00;12,98
25.11.2023 15:15;11,74
25.11.2023 15:30;10,54
25.11.2023 15:45;10,23
25.11.2023 16:00;11,46
25.11.2023 16:15;8,84
25.11.2023 16:30;7,76
25.11.2023 16:45;11,41
25.11.2023 17:00;10,97
25.11.2023 17:15;12,02
25.11.2023 17:30;9,25
25.11.2023 17:45;6,88
25.11.2023 18:00;5,00
25.11.2023 18:15;5,00
25.11.2023 18:30;5,00
25.11.2023 18:45;5,51
25.11.2023 19:00;5,00
25.11.2023 19:15;5,00
25.11.2023 19:30;5,00
25.11.2023 19:45;5,00
25.11.2023 20:00;5,00
25.11.2023 20:15;5,00
25.11.2023 20:30;5,03
25.11.2023 20:45;5,00
25.11.2023 21:00;5,00
25.11.2023 21:15;5,00
25.11.2023 21:30;5,00
25.11.2023 21:45;6,21
25.11.2023 22:00;5,00
25.11.2023 22:15;5,00
25.11.2023 22:30;6,22
25.11.2023 22:45;5,00
25.11.2023 23:00;5,00
25.11.2023 23:15;5,00
25.11.2023 23:30;5,00
25.11.2023 23:45;5,00
26.11.2023 00:00;5,00
26.11.2023 00:15;5,00
26.11.2023 00:30;5,00
26.11.2023 00:45;5,00
26.11.2023 01:00;5,48
26.11.2023 01:15;5,00
26.11.2023 01:30;5,00
26.11.2023 01:45;5,00
26.11.2023 02:00;5,00
26.11.2023 02:15;5,00
26.11.2023 02:30;5,00
26.11.2023 02:45;5,00
26.11.2023 03:00;5,00
26.11.2023 03:15;5,00
26.11.2023 03:30;5,00
26.11.2023 03:45;5,00
26.11.2023 04:00;5,00
26.11.2023 04:15;5,00
26.11.2023 04:30;5,00
26.11.2023 04:45;5,00
26.11.2023 05:00;5,00
26.11.2023 05:15;5,00
26.11.2023 05:30;5,00
26.11.2023 05:45;5,00
26.11.2023 06:00;5,00
26.11.2023 06:15;5,00
26.11.2023 06:30;5,00
26.11.2023 06:45;5,00
26.11.2023 07:00;12,29
26.11.2023 07:15;8,70
26.11.2023 07:30;9,08
26.11.2023 07:45;6,54
26.11.2023 08:00;11,74
26.11.2023 08:15;9,05
26.11.2023 08:30;10,42
26.11.2023 08:45;10,01
26.11.2023 09:00;9,73
26.11.2023 09:15;7,91
26.11.2023 09:30;11,22
26.11.2023 09:45;10,42
26.11.2023 10:00;10,55
26.11.2023 10:15;8,86
26.11.2023 10:30;11,52
26.11.2023 10:45;12,96
26.11.2023 11:00;13,34
26.11.2023 11:15;14,52
26.11.2023 11:30;9,06
26.11.2023 11:45;6,92
26.11.2023 12:00;10,77
26.11.2023 12:15;8,98
26.11.2023 12:30;10,46
26.11.2023 12:45;7,77
26.11.2023 13:00;11,05
26.11.2023 13:15;5,81
26.11.2023 13:30;8,03
26.11.2023 13:45;8,97
26.11.2023 14:00;14,16
26.11.2023 14:15;7,62
26.11.2023 14:30;9,95
26.11.2023 14:45;8,37
26.11.2023 15:00;10,03
26.11.2023 15:15;8,92
26.11.2023 15:30;11,29
26.11.2023 15:45;12,46
26.11.2023 16:00;13,32
26.11.2023 16:15;10,64
26.11.2023 16:30;12,72
26.11.2023 16:45;11,46
26.11.2023 17:00;10,65
26.11.2023 17:15;7,79
26.11.2023 17:30;10,09
26.11.2023 17:45;9,65
26.11.2023 18:00;8,99
26.11.2023 18:15;5,00
26.11.2023 18:30;5,00
26.11.2023 18:45;5,00
26.11.2023 19:00;5,00
26.11.2023 19:15;5,00
26.11.2023 19:30;5,00
26.11.2023 19:45;5,00
26.11.2023 20:00;5,00
26.11.2023 20:15;5,00
26.11.2023 20:30;5,00
26.11.2023 20:45;5,00
26.11.2023 21:00;5,00
26.11.2023 21:15;5,00
26.11.2023 21:30;5,00
26.11.2023 21:45;5,00
26.11.2023 22:00;5,00
26.11.2023 22:15;5,00
26.11.2023 22:30;5,00
26.11.2023 22:45;5,00
26.11.2023 23:00;5,00
26.11.2023 23:15;5,00
26.11.2023 23:30;5,00
26.11.2023 23:45;5,00
27.11.2023 00:00;8,09
27.11.2023 00:15;5,00
27.11.2023 00:30;6,50
27.11.2023 00:45;6,10
27.11.2023 01:00;8,67
27.11.2023 01:15;7,06
27.11.2023 01:30;7,67
27.11.2023 01:45;5,55
27.11.2023 02:00;5,00
27.11.2023 02:15;5,95
27.11.2023 02:30;8,15
27.11.2023 02:45;8,15
27.11.2023 03:00;5,74
27.11.2023 03:15;5,00
27.11.2023 03:30;5,00
27.11.2023 03:45;6,33
27.11.2023 04:00;6,87
27.11.2023 04:15;9,54
27.11.2023 04:30;6,85
27.11.2023 04:45;7,83
27.11.2023 05:00;5,04
27.11.2023 05:15;6,68
27.11.2023 05:30;6,88
27.11.2023 05:45;6,32
27.11.2023 06:00;6,55
27.11.2023 06:15;6,85
27.11.2023 06:30;7,56
27.11.2023 06:45;8,94
27.11.2023 07:00;17,46
27.11.2023 07:15;25,48
27.11.2023 07:30;21,08
27.11.2023 07:45;26,35
27.11.2023 08:00;31,10
27.11.2023 08:15;26,50
27.11.2023 08:30;27,15
27.11.2023 08:45;27,22
27.11.2023 09:00;28,99
27.11.2023 09:15;30,03
27.11.2023 09:30;27,12
27.11.2023 09:45;29,43
27.11.2023 10:00;31,03
27.11.2023 10:15;33,35
27.11.2023 10:30;27,79
27.11.2023 10:45;31,37
27.11.2023 11:00;27,66
27.11.2023 11:15;32,92
27.11.2023 11:30;34,42
27.11.2023 11:45;32,90
27.11.2023 12:00;31,42
27.11.2023 12:15;29,70
27.11.2023 12:30;31,02
27.11.2023 12:45;31,78
27.11.2023 13:00;33,13
27.11.2023 13:15;32,66
27.11.2023 13:30;33,01
27.11.2023 13:45;31,87
27.11.2023 14:00;33,56
27.11.2023 14:15;36,14
27.11.2023 14:30;28,84
27.11.2023 14:45;34,19
27.11.2023 15:00;34,94
27.11.2023 15:15;31,89
27.11.2023 15:30;30,61
27.11.2023 15:45;31,75
27.11.2023 16:00;32,22
27.11.2023 16:15;28,45
27.11.2023 16:30;31,62
27.11.2023 16:45;24,08
27.11.2023 17:00;29,60
27.11.2023 17:15;26,84
27.11.2023 17:30;23,26
27.11.2023 17:45;24,98
27.11.2023 18:00;19,90
27.11.2023 18:15;6,83
27.11.2023 18:30;7,08
27.11.2023 18:45;7,07
27.11.2023 19:00;5,00
27.11.2023 19:15;5,61
27.11.2023 19:30;6,85
27.11.2023 19:45;5,14
27.11.2023 20:00;7,14
27.11.2023 20:15;5,37
27.11.2023 20:30;8,60
27.11.2023 20:45;9,72
27.11.2023 21:00;6,00
27.11.2023 21:15;8,44
27.11.2023 21:30;6,17
27.11.2023 21:45;5,00
27.11.2023 22:00;5,75
27.11.2023 22:15;6,77
27.11.2023 22:30;5,00
27.11.2023 22:45;7,85
27.11.2023 23:00;6,77
27.11.2023 23:15;8,60
27.11.2023 23:30;7,81
27.11.2023 23:45;6,84
28.11.2023 00:00;5,90
28.11.2023 00:15;9,66
28.11.2023 00:30;10,95
28.11.2023 00:45;5,93
28.11.2023 01:00;8,69
28.11.2023 01:15;5,20
28.11.2023 01:30;5,43
28.11.2023 01:45;5,84
28.11.2023 02:00;7,98
28.11.2023 02:15;5,00
28.11.2023 02:30;9,71
28.11.2023 02:45;8,49
28.11.2023 03:00;7,93
28.11.2023 03:15;6,02
28.11.2023 03:30;8,27
28.11.2023 03:45;5,00
28.11.2023 04:00;7,49
28.11.2023 04:15;6,93
28.11.2023 04:30;5,00
28.11.2023 04:45;7,42
28.11.2023 05:00;7,79
28.11.2023 05:15;5,00
28.11.2023 05:30;5,00
28.11.2023 05:45;10,74
28.11.2023 06:00;6,24
28.11.2023 06:15;8,56
28.11.2023 06:30;8,86
28.11.2023 06:45;7,40
28.11.2023 07:00;24,07
28.11.2023 07:15;19,06
28.11.2023 07:30;24,08
28.11.2023 07:45;19,62
28.11.2023 08:00;23,18
28.11.2023 08:15;26,75
28.11.2023 08:30;26,28
28.11.2023 08:45;29,47
28.11.2023 09:00;29,16
28.11.2023 09:15;29,42
28.11.2023 09:30;30,77
28.11.2023 09:45;30,92
28.11.2023 10:00;27,84
28.11.2023 10:15;29,44
28.11.2023 10:30;30,84
28.11.2023 10:45;35,48
28.11.2023 11:00;30,06
28.11.2023 11:15;39,39
28.11.2023 11:30;34,81
28.11.2023 11:45;28,12
28.11.2023 12:00;30,23
28.11.2023 12:15;40,40
28.11.2023 12:30;34,73
28.11.2023 12:45;34,43
28.11.2023 13:00;30,95
28.11.2023 13:15;30,87
28.11.2023 13:30;33,88
28.11.2023 13:45;35,27
28.11.2023 14:00;32,61
28.11.2023 14:15;35,85
28.11.2023 14:30;37,34
28.11.2023 14:45;32,10
28.11.2023 15:00;30,73
28.11.2023 15:15;30,30
28.11.2023 15:30;33,96
28.11.2023 15:45;29,19
28.11.2023 16:00;32,24
28.11.2023 16:15;29,03
28.11.2023 16:30;25,64
28.11.2023 16:45;26,23
28.11.2023 17:00;27,05
28.11.2023 17:15;28,57
28.11.2023 17:30;26,37
28.11.2023 17:45;22,70
28.11.2023 18:00;23,98
28.11.2023 18:15;5,90
28.11.2023 18:30;5,00
28.11.2023 18:45;6,65
28.11.2023 19:00;5,00
28.11.2023 19:15;8,19
28.11.2023 19:30;8,22
28.11.2023 19:45;5,00
28.11.2023 20:00;6,90
28.11.2023 20:15;6,88
28.11.2023 20:30;8,35
28.11.2023 20:45;5,00
28.11.2023 21:00;7,81
28.11.2023 21:15;5,00
28.11.2023 21:30;8,16
28.11.2023 21:45;8,74
28.11.2023 22:00;5,27
28.11.2023 22:15;9,05
28.11.2023 22:30;5,00
28.11.2023 22:45;8,81
28.11.2023 23:00;9,49
28.11.2023 23:15;7,30
28.11.2023 23:30;6,22
28.11.2023 23:45;7,23
29.11.2023 00:00;5,41
29.11.2023 00:15;11,87
29.11.2023 00:30;5,45
29.11.2023 00:45;9,26
29.11.2023 01:00;5,14
29.11.2023 01:15;9,81
29.11.2023 01:30;10,65
29.11.2023 01:45;7,39
29.11.2023 02:00;7,19
29.11.2023 02:15;5,00
29.11.2023 02:30;5,00
29.11.2023 02:45;7,22
29.11.2023 03:00;9,54
29.11.2023 03:15;5,52
29.11.2023 03:30;11,04
29.11.2023 03:45;5,40
29.11.2023 04:00;7,08
29.11.2023 04:15;7,09
29.11.2023 04:30;6,42
29.11.2023 04:45;5,00
29.11.2023 05:00;5,38
29.11.2023 05:15;7,02
29.11.2023 05:30;6,43
29.11.2023 05:45;7,89
29.11.2023 06:00;8,13
29.11.2023 06:15;6,14
29.11.2023 06:30;5,00
29.11.2023 06:45;9,72
29.11.2023 07:00;19,36
29.11.2023 07:15;22,14
29.11.2023 07:30;22,88
29.11.2023 07:45;27,32
29.11.2023 08:00;29,49
29.11.2023 08:15;27,06
29.11.2023 08:30;27,49
29.11.2023 08:45;28,72
29.11.2023 09:00;31,25
29.11.2023 09:15;26,36
29.11.2023 09:30;31,46
29.11.2023 09:45;30,97
29.11.2023 10:00;28,18
29.11.2023 10:15;32,39
29.11.2023 10:30;31,59
29.11.2023 10:45;32,84
29.11.2023 11:00;38,97
29.11.2023 11:15;32,55
29.11.2023 11:30;30,06
29.11.2023 11:45;32,41
29.11.2023 12:00;34,86
29.11.2023 12:15;30,28
29.11.2023 12:30;32,40
29.11.2023 12:45;36,51
29.11.2023 13:00;33,78
29.11.2023 13:15;31,64
29.11.2023 13:30;33,77
29.11.2023 13:45;31,81
29.11.2023 14:00;34,76
29.11.2023 14:15;33,67
29.11.2023 14:30;32,16
29.11.2023 14:45;34,90
29.11.2023 15:00;33,02
29.11.2023 15:15;33,57
29.11.2023 15:30;30,43
29.11.2023 15:45;27,80
29.11.2023 16:00;30,14
29.11.2023 16:15;26,26
29.11.2023 16:30;28,93
29.11.2023 16:45;31,18
29.11.2023 17:00;25,23
29.11.2023 17:15;21,61
29.11.2023 17:30;27,58
29.11.2023 17:45;22,38
29.11.2023 18:00;22,04
29.11.2023 18:15;8,20
29.11.2023 18:30;7,67
29.11.2023 18:45;8,12
29.11.2023 19:00;8,42
29.11.2023 19:15;5,00
29.11.2023 19:30;5,00
29.11.2023 19:45;8,96
29.11.2023 20:00;5,06
29.11.2023 20:15;5,28
29.11.2023 20:30;5,00
29.11.2023 20:45;5,81
29.11.2023 21:00;5,92
29.11.2023 21:15;5,00
29.11.2023 21:30;5,00
29.11.2023 21:45;7,26
29.11.2023 22:00;5,01
29.11.2023 22:15;5,41
29.11.2023 22:30;5,00
29.11.2023 22:45;10,50
29.11.2023 23:00;8,50
29.11.2023 23:15;5,63
29.11.2023 23:30;5,00
29.11.2023 23:45;6,64
30.11.2023 00:00;6,60
30.11.2023 00:15;5,00
30.11.2023 00:30;5,00
30.11.2023 00:45;5,58
30.11.2023 01:00;5,00
30.11.2023 01:15;6,98
30.11.2023 01:30;6,99
30.11.2023 01:45;5,00
30.11.2023 02:00;5,56
30.11.2023 02:15;10,16
30.11.2023 02:30;8,18
30.11.2023 02:45;5,73
30.11.2023 03:00;11,22
30.11.2023 03:15;5,00
30.11.2023 03:30;5,01
30.11.2023 03:45;6,41
30.11.2023 04:00;5,00
30.11.2023 04:15;10,21
30.11.2023 04:30;7,00
30.11.2023 04:45;5,05
30.11.2023 05:00;7,53
30.11.2023 05:15;6,92
30.11.2023 05:30;6,02
30.11.2023 05:45;5,00
30.11.2023 06:00;5,00
30.11.2023 06:15;11,01
30.11.2023 06:30;5,00
30.11.2023 06:45;10,03
30.11.2023 07:00;20,42
30.11.2023 07:15;24,95
30.11.2023 07:30;25,56
30.11.2023 07:45;27,20
30.11.2023 08:00;28,43
30.11.2023 08:15;23,71
30.11.2023 08:30;26,52
30.11.2023 08:45;25,21
30.11.2023 09:00;28,97
30.11.2023 09:15;26,67
30.11.2023 09:30;26,35
30.11.2023 09:45;30,65
30.11.2023 10:00;24,15
30.11.2023 10:15;34,28
30.11.2023 10:30;29,77
30.11.2023 10:45;31,96
30.11.2023 11:00;26,42
30.11.2023 11:15;36,63
30.11.2023 11:30;30,89
30.11.2023 11:45;30,69
30.11.2023 12:00;26,73
30.11.2023 12:15;33,52
30.11.2023 12:30;40,44
30.11.2023 12:45;33,93
30.11.2023 13:00;30,26
30.11.2023 13:15;33,92
30.11.2023 13:30;31,14
30.11.2023 13:45;34,30
30.11.2023 14:00;32,78
30.11.2023 14:15;31,60
30.11.2023 14:30;34,18
30.11.2023 14:45;34,25
30.11.2023 15:00;31,70
30.11.2023 15:15;30,35
30.11.2023 15:30;31,78
30.11.2023 15:45;33,15
30.11.2023 16:00;32,92
30.11.2023 16:15;28,31
30.11.2023 16:30;28,93
30.11.2023 16:45;26,78
30.11.2023 17:00;28,69
30.11.2023 17:15;24,92
30.11.2023 17:30;29,03
30.11.2023 17:45;23,81
30.11.2023 18:00;24,47
30.11.2023 18:15;5,00
30.11.2023 18:30;6,66
30.11.2023 18:45;7,86
30.11.2023 19:00;5,00
30.11.2023 19:15;6,67
30.11.2023 19:30;8,74
30.11.2023 19:45;5,98
30.11.2023 20:00;5,00
30.11.2023 20:15;10,24
30.11.2023 20:30;5,00
30.11.2023 20:45;6,94
30.11.2023 21:00;5,22
30.11.2023 21:15;5,00
30.11.2023 21:30;8,12
30.11.2023 21:45;6,22
30.11.2023 22:00;7,44
30.11.2023 22:15;5,00
30.11.2023 22:30;7,64
30.11.2023 22:45;5,19
30.11.2023 23:00;5,00
30.11.2023 23:15;10,40
30.11.2023 23:30;7,83
30.11.2023 23:45;7,09
01.12.2023 00:00;9,14
01.12.2023 00:15;7,14
01.12.2023 00:30;5,05
01.12.2023 00:45;6,29
01.12.2023 01:00;5,29
01.12.2023 01:15;5,64
01.12.2023 01:30;5,00
01.12.2023 01:45;5,00
01.12.2023 02:00;8,43
01.12.2023 02:15;7,31
01.12.2023 02:30;5,64
01.12.2023 02:45;5,00
01.12.2023 03:00;5,83
01.12.2023 03:15;5,00
01.12.2023 03:30;6,90
01.12.2023 03:45;8,53
01.12.2023 04:00;11,38
01.12.2023 04:15;5,00
01.12.2023 04:30;8,45
01.12.2023 04:45;5,23
01.12.2023 05:00;5,00
01.12.2023 05:15;5,00
01.12.2023 05:30;6,92
01.12.2023 05:45;5,00
01.12.2023 06:00;5,43
01.12.2023 06:15;5,76
01.12.2023 06:30;5,16
01.12.2023 06:45;5,02
01.12.2023 07:00;17,29
01.12.2023 07:15;23,58
01.12.2023 07:30;24,80
01.12.2023 07:45;24,31
01.12.2023 08:00;27,75
01.12.2023 08:15;30,26
01.12.2023 08:30;28,21
01.12.2023 08:45;31,13
01.12.2023 09:00;32,31
01.12.2023 09:15;34,92
01.12.2023 09:30;26,13
01.12.2023 09:45;30,64
01.12.2023 10:00;30,91
01.12.2023 10:15;32,15
01.12.2023 10:30;35,77
01.12.2023 10:45;33,10
01.12.2023 11:00;29,47
01.12.2023 11:15;30,78
01.12.2023 11:30;30,69
01.12.2023 11:45;28,35
01.12.2023 12:00;36,71
01.12.2023 12:15;30,66
01.12.2023 12:30;31,59
01.12.2023 12:45;29,88
01.12.2023 13:00;31,88
01.12.2023 13:15;32,72
01.12.2023 13:30;31,46
01.12.2023 13:45;34,16
01.12.2023 14:00;33,53
01.12.2023 14:15;34,98
01.12.2023 14:30;33,34
01.12.2023 14:45;32,40
01.12.2023 15:00;32,15
01.12.2023 15:15;28,84
01.12.2023 15:30;34,96
01.12.2023 15:45;33,24
01.12.2023 16:00;29,05
01.12.2023 16:15;33,49
01.12.2023 16:30;28,32
01.12.2023 16:45;28,12
01.12.2023 17:00;29,18
01.12.2023 17:15;26,35
01.12.2023 17:30;27,34
01.12.2023 17:45;22,70
01.12.2023 18:00;25,53
01.12.2023 18:15;5,09
01.12.2023 18:30;9,28
01.12.2023 18:45;5,00
01.12.2023 19:00;5,00
01.12.2023 19:15;7,24
01.12.2023 19:30;5,84
01.12.2023 19:45;6,49
01.12.2023 20:00;6,73
01.12.2023 20:15;5,00
01.12.2023 20:30;5,00
01.12.2023 20:45;7,11
01.12.2023 21:00;5,31
01.12.2023 21:15;9,33
01.12.2023 21:30;6,26
01.12.2023 21:45;8,08
01.12.2023 22:00;7,53
01.12.2023 22:15;5,44
01.12.2023 22:30;5,00
01.12.2023 22:45;9,01
01.12.2023 23:00;5,00
01.12.2023 23:15;5,84
01.12.2023 23:30;6,34
01.12.2023 23:45;6,54
02.12.2023 00:00;5,00
02.12.2023 00:15;5,00
02.12.2023 00:30;5,00
02.12.2023 00:45;5,00
02.12.2023 01:00;5,00
02.12.2023 01:15;5,00
02.12.2023 01:30;5,00
02.12.2023 01:45;5,00
02.12.2023 02:00;5,00
02.12.2023 02:15;5,00
02.12.2023 02:30;5,00
02.12.2023 02:45;5,00
02.12.2023 03:00;5,00
02.12.2023 03:15;5,00
02.12.2023 03:30;5,00
02.12.2023 03:45;5,00
02.12.2023 04:00;5,00
02.12.2023 04:15;5,00
02.12.2023 04:30;5,00
02.12.2023 04:45;5,00
02.12.2023 05:00;5,00
02.12.2023 05:15;5,00
02.12.2023 05:30;5,00
02.12.2023 05:45;5,00
02.12.2023 06:00;5,00
02.12.2023 06:15;5,00
02.12.2023 06:30;7,08
02.12.2023 06:45;5,00
02.12.2023 07:00;7,97
02.12.2023 07:15;9,55
02.12.2023 07:30;8,90
02.12.2023 07:45;11,40
02.12.2023 08:00;8,98
02.12.2023 08:15;9,30
02.12.2023 08:30;12,28
02.12.2023 08:45;13,51
02.12.2023 09:00;12,94
02.12.2023 09:15;12,28
02.12.2023 09:30;9,65
02.12.2023 09:45;9,30
02.12.2023 10:00;3,58
02.12.2023 10:15;11,50
02.12.2023 10:30;10,17
02.12.2023 10:45;7,76
02.12.2023 11:00;7,02
02.12.2023 11:15;10,56
02.12.2023 11:30;9,83
02.12.2023 11:45;12,80
02.12.2023 12:00;7,55
02.12.2023 12:15;9,64
02.12.2023 12:30;13,74
02.12.2023 12:45;12,59
02.12.2023 13:00;7,08
02.12.2023 13:15;6,79
02.12.2023 13:30;11,34
02.12.2023 13:45;12,54
02.12.2023 14:00;8,23
02.12.2023 14:15;10,64
02.12.2023 14:30;10,72
02.12.2023 14:45;9,16
02.12.2023 15:00;10,34
02.12.2023 15:15;11,23
02.12.2023 15:30;9,19
02.12.2023 15:45;11,10
02.12.2023 16:00;15,63
02.12.2023 16:15;12,21
02.12.2023 16:30;10,29
02.12.2023 16:45;15,18
02.12.2023 17:00;9,01
02.12.2023 17:15;8,46
02.12.2023 17:30;12,34
02.12.2023 17:45;10,70
02.12.2023 18:00;8,61
02.12.2023 18:15;5,00
02.12.2023 18:30;5,00
02.12.2023 18:45;5,00
02.12.2023 19:00;5,00
02.12.2023 19:15;5,00
02.12.2023 19:30;5,00
02.12.2023 19:45;5,00
02.12.2023 20:00;5,00
02.12.2023 20:15;5,00
02.12.2023 20:30;5,00
02.12.2023 20:45;5,00
02.12.2023 21:00;5,00
02.12.2023 21:15;5,00
02.12.2023 21:30;5,00
02.12.2023 21:45;5,00
02.12.2023 22:00;5,00
02.12.2023 22:15;5,00
02.12.2023 22:30;5,00
02.12.2023 22:45;5,00
02.12.2023 23:00;5,00
02.12.2023 23:15;5,00
02.12.2023 23:30;5,34
02.12.2023 23:45;5,00
03.12.2023 00:00;5,00
03.12.2023 00:15;5,00
03.12.2023 00:30;5,00
03.12.2023 00:45;5,00
03.12.2023 01:00;5,00
03.12.2023 01:15;5,00
03.12.2023 01:30;5,00
03.12.2023 01:45;5,00
03.12.2023 02:00;5,00
03.12.2023 02:15;5,00
03.12.2023 02:30;5,00
03.12.2023 02:45;5,00
03.12.2023 03:00;5,00
03.12.2023 03:15;5,00
03.12.2023 03:30;5,00
03.12.2023 03:45;5,00
03.12.2023 04:00;6,93
03.12.2023 04:15;5,00
03.12.2023 04:30;5,00
03.12.2023 04:45;5,71
03.12.2023 05:00;5,00
03.12.2023 05:15;5,00
03.12.2023 05:30;5,00
03.12.2023 05:45;5,00
03.12.2023 06:00;5,00
03.12.2023 06:15;5,00
03.12.2023 06:30;5,00
03.12.2023 06:45;5,00
03.12.2023 07:00;10,05
03.12.2023 07:15;13,33
03.12.2023 07:30;7,13
03.12.2023 07:45;10,13
03.12.2023 08:00;13,06
03.12.2023 08:15;11,25
03.12.2023 08:30;9,49
03.12.2023 08:45;12,07
03.12.2023 09:00;10,40
03.12.2023 09:15;13,55
03.12.2023 09:30;7,32
03.12.2023 09:45;6,48
03.12.2023 10:00;9,04
03.12.2023 10:15;2,48
03.12.2023 10:30;9,49
03.12.2023 10:45;7,13
03.12.2023 11:00;10,65
03.12.2023 11:15;7,42
03.12.2023 11:30;11,81
03.12.2023 11:45;10,00
03.12.2023 12:00;9,49
03.12.2023 12:15;6,73
03.12.2023 12:30;13,14
03.12.2023 12:45;12,73
03.12.2023 13:00;11,11
03.12.2023 13:15;10,80
03.12.2023 13:30;11,35
03.12.2023 13:45;12,60
03.12.2023 14:00;13,18
03.12.2023 14:15;11,08
03.12.2023 14:30;9,77
03.12.2023 14:45;9,89
03.12.2023 15:00;9,21
03.12.2023 15:15;13,13
03.12.2023 15:30;10,42
03.12.2023 15:45;12,41
03.12.2023 16:00;13,77
03.12.2023 16:15;12,59
03.12.2023 16:30;10,05
03.12.2023 16:45;12,77
03.12.2023 17:00;10,72
03.12.2023 17:15;5,00
03.12.2023 17:30;7,93
03.12.2023 17:45;12,20
03.12.2023 18:00;11,85
03.12.2023 18:15;5,00
03.12.2023 18:30;5,00
03.12.2023 18:45;5,00
03.12.2023 19:00;5,00
03.12.2023 19:15;5,14
03.12.2023 19:30;5,00
03.12.2023 19:45;5,00
03.12.2023 20:00;5,00
03.12.2023 20:15;5,01
03.12.2023 20:30;5,00
03.12.2023 20:45;5,00
03.12.2023 21:00;5,00
03.12.2023 21:15;5,00
03.12.2023 21:30;5,00
03.12.2023 21:45;5,00
03.12.2023 22:00;5,00
03.12.2023 22:15;5,00
03.12.2023 22:30;5,14
03.12.2023 22:45;5,00
03.12.2023 23:00;5,00
03.12.2023 23:15;5,00
03.12.2023 23:30;8,46
03.12.2023 23:45;5,00
04.12.2023 00:00;5,00
04.12.2023 00:15;9,03
04.12.2023 00:30;5,90
04.12.2023 00:45;6,27
04.12.2023 01:00;5,33
04.12.2023 01:15;7,07
04.12.2023 01:30;7,04
04.12.2023 01:45;5,38
04.12.2023 02:00;5,66
04.12.2023 02:15;6,88
04.12.2023 02:30;5,00
04.12.2023 02:45;5,00
04.12.2023 03:00;10,01
04.12.2023 03:15;7,33
04.12.2023 03:30;5,63
04.12.2023 03:45;5,00
04.12.2023 04:00;6,56
04.12.2023 04:15;8,65
04.12.2023 04:30;11,95
04.12.2023 04:45;10,46
04.12.2023 05:00;5,00
04.12.2023 05:15;5,68
04.12.2023 05:30;5,00
04.12.2023 05:45;5,00
04.12.2023 06:00;6,25
04.12.2023 06:15;5,94
04.12.2023 06:30;10,78
04.12.2023 06:45;5,00
04.12.2023 07:00;22,16
04.12.2023 07:15;19,39
04.12.2023 07:30;25,44
04.12.2023 07:45;23,35
04.12.2023 08:00;29,34
04.12.2023 08:15;27,10
04.12.2023 08:30;24,94
04.12.2023 08:45;24,16
04.12.2023 09:00;26,99
04.12.2023 09:15;29,20
04.12.2023 09:30;32,93
04.12.2023 09:45;29,74
04.12.2023 10:00;32,42
04.12.2023 10:15;30,92
04.12.2023 10:30;26,08
04.12.2023 10:45;32,58
04.12.2023 11:00;35,47
04.12.2023 11:15;37,36
04.12.2023 11:30;32,18
04.12.2023 11:45;32,97
04.12.2023 12:00;34,11
04.12.2023 12:15;32,23
04.12.2023 12:30;33,59
04.12.2023 12:45;32,98
04.12.2023 13:00;33,56
04.12.2023 13:15;32,80
04.12.2023 13:30;37,46
04.12.2023 13:45;38,23
04.12.2023 14:00;36,35
04.12.2023 14:15;35,08
04.12.2023 14:30;35,07
04.12.2023 14:45;34,10
04.12.2023 15:00;34,09
04.12.2023 15:15;33,26
04.12.2023 15:30;37,95
04.12.2023 15:45;32,32
04.12.2023 16:00;27,84
04.12.2023 16:15;31,32
04.12.2023 16:30;27,68
04.12.2023 16:45;30,50
04.12.2023 17:00;28,72
04.12.2023 17:15;25,65
04.12.2023 17:30;23,01
04.12.2023 17:45;23,81
04.12.2023 18:00;20,97
04.12.2023 18:15;8,25
04.12.2023 18:30;7,79
04.12.2023 18:45;12,55
04.12.2023 19:00;5,78
04.12.2023 19:15;6,07
04.12.2023 19:30;6,37
04.12.2023 19:45;6,45
04.12.2023 20:00;8,73
04.12.2023 20:15;6,12
04.12.2023 20:30;10,62
04.12.2023 20:45;7,84
04.12.2023 21:00;5,70
04.12.2023 21:15;5,19
04.12.2023 21:30;8,76
04.12.2023 21:45;6,73
04.12.2023 22:00;6,69
04.12.2023 22:15;5,48
04.12.2023 22:30;6,55
04.12.2023 22:45;5,40
04.12.2023 23:00;9,40
04.12.2023 23:15;8,11
04.12.2023 23:30;6,33
04.12.2023 23:45;6,30
05.12.2023 00:00;6,87
05.12.2023 00:15;6,67
05.12.2023 00:30;5,00
05.12.2023 00:45;5,00
05.12.2023 01:00;5,09
05.12.2023 01:15;6,43
05.12.2023 01:30;5,21
05.12.2023 01:45;8,32
05.12.2023 02:00;6,23
05.12.2023 02:15;10,43
05.12.2023 02:30;5,56
05.12.2023 02:45;6,97
05.12.2023 03:00;6,11
05.12.2023 03:15;7,56
05.12.2023 03:30;8,82
05.12.2023 03:45;7,90
05.12.2023 04:00;5,00
05.12.2023 04:15;7,68
05.12.2023 04:30;5,00
05.12.2023 04:45;6,07
05.12.2023 05:00;8,06
05.12.2023 05:15;5,00
05.12.2023 05:30;9,00
05.12.2023 05:45;5,98
05.12.2023 06:00;11,03
05.12.2023 06:15;6,82
05.12.2023 06:30;10,10
05.12.2023 06:45;9,08
05.12.2023 07:00;21,06
05.12.2023 07:15;20,95
05.12.2023 07:30;25,05
05.12.2023 07:45;24,91
05.12.2023 08:00;30,39
05.12.2023 08:15;27,26
05.12.2023 08:30;28,28
05.12.2023 08:45;25,81
05.12.2023 09:00;30,12
05.12.2023 09:15;27,15
05.12.2023 09:30;32,19
05.12.2023 09:45;33,61
05.12.2023 10:00;28,62
05.12.2023 10:15;33,58
05.12.2023 10:30;30,29
05.12.2023 10:45;28,24
05.12.2023 11:00;34,24
05.12.2023 11:15;28,49
05.12.2023 11:30;33,78
05.12.2023 11:45;36,52
05.12.2023 12:00;36,15
05.12.2023 12:15;35,19
05.12.2023 12:30;31,52
05.12.2023 12:45;34,80
05.12.2023 13:00;36,27
05.12.2023 13:15;32,61
05.12.2023 13:30;29,09
05.12.2023 13:45;31,25
05.12.2023 14:00;34,15
05.12.2023 14:15;30,42
05.12.2023 14:30;32,65
05.12.2023 14:45;31,42
05.12.2023 15:00;30,25
05.12.2023 15:15;30,78
05.12.2023 15:30;32,71
05.12.2023 15:45;34,15
05.12.2023 16:00;32,54
05.12.2023 16:15;31,74
05.12.2023 16:30;30,02
05.12.2023 16:45;29,88
05.12.2023 17:00;28,24
05.12.2023 17:15;20,64
05.12.2023 17:30;26,63
05.12.2023 17:45;25,16
05.12.2023 18:00;21,56
05.12.2023 18:15;5,00
05.12.2023 18:30;7,17
05.12.2023 18:45;7,34
05.12.2023 19:00;5,80
05.12.2023 19:15;7,06
05.12.2023 19:30;8,83
05.12.2023 19:45;11,48
05.12.2023 20:00;6,98
05.12.2023 20:15;7,35
05.12.2023 20:30;5,04
05.12.2023 20:45;5,68
05.12.2023 21:00;6,41
05.12.2023 21:15;9,04
05.12.2023 21:30;8,32
05.12.2023 21:45;10,54
05.12.2023 22:00;5,00
05.12.2023 22:15;5,00
05.12.2023 22:30;8,89
05.12.2023 22:45;9,58
05.12.2023 23:00;6,75
05.12.2023 23:15;5,00
05.12.2023 23:30;5,20
05.12.2023 23:45;7,36
06.12.2023 00:00;5,00
06.12.2023 00:15;7,07
06.12.2023 00:30;10,49
06.12.2023 00:45;9,55
06.12.2023 01:00;8,31
06.12.2023 01:15;6,57
06.12.2023 01:30;5,71
06.12.2023 01:45;8,21
06.12.2023 02:00;6,75
06.12.2023 02:15;6,81
06.12.2023 02:30;5,00
06.12.2023 02:45;5,27
06.12.2023 03:00;8,20
06.12.2023 03:15;5,00
06.12.2023 03:30;7,23
06.12.2023 03:45;7,52
06.12.2023 04:00;7,64
06.12.2023 04:15;7,82
06.12.2023 04:30;7,95
06.12.2023 04:45;5,45
06.12.2023 05:00;5,00
06.12.2023 05:15;5,00
06.12.2023 05:30;8,15
06.12.2023 05:45;5,00
06.12.2023 06:00;5,00
06.12.2023 06:15;5,00
06.12.2023 06:30;5,00
06.12.2023 06:45;5,00
06.12.2023 07:00;24,32
06.12.2023 07:15;22,16
06.12.2023 07:30;21,36
06.12.2023 07:45;25,09
06.12.2023 08:00;28,34
06.12.2023 08:15;24,72
06.12.2023 08:30;29,67
06.12.2023 08:45;26,83
06.12.2023 09:00;28,38
06.12.2023 09:15;28,85
06.12.2023 09:30;30,23
06.12.2023 09:45;28,87
06.12.2023 10:00;30,82
06.12.2023 10:15;32,88
06.12.2023 10:30;29,47
06.12.2023 10:45;35,28
06.12.2023 11:00;30,64
06.12.2023 11:15;29,11
06.12.2023 11:30;31,17
06.12.2023 11:45;35,71
06.12.2023 12:00;33,21
06.12.2023 12:15;36,68
06.12.2023 12:30;36,22
06.12.2023 12:45;33,07
06.12.2023 13:00;39,20
06.12.2023 13:15;31,62
06.12.2023 13:30;34,73
06.12.2023 13:45;34,73
06.12.2023 14:00;35,00
06.12.2023 14:15;32,92
06.12.2023 14:30;34,64
06.12.2023 14:45;32,90
06.12.2023 15:00;35,33
06.12.2023 15:15;28,88
06.12.2023 15:30;29,41
06.12.2023 15:45;33,72
06.12.2023 16:00;32,66
06.12.2023 16:15;29,32
06.12.2023 16:30;30,46
06.12.2023 16:45;25,74
06.12.2023 17:00;33,87
06.12.2023 17:15;28,73
06.12.2023 17:30;26,10
06.12.2023 17:45;23,74
06.12.2023 18:00;21,08
06.12.2023 18:15;5,00
06.12.2023 18:30;6,47
06.12.2023 18:45;5,00
06.12.2023 19:00;5,09
06.12.2023 19:15;5,00
06.12.2023 19:30;7,19
06.12.2023 19:45;5,94
06.12.2023 20:00;7,77
06.12.2023 20:15;7,61
06.12.2023 20:30;7,15
06.12.2023 20:45;12,01
06.12.2023 21:00;8,34
06.12.2023 21:15;5,00
06.12.2023 21:30;7,61
06.12.2023 21:45;6,59
06.12.2023 22:00;5,00
06.12.2023 22:15;5,00
06.12.2023 22:30;7,60
06.12.2023 22:45;8,09
06.12.2023 23:00;5,00
06.12.2023 23:15;8,64
06.12.2023 23:30;7,26
06.12.2023 23:45;9,09
07.12.2023 00:00;8,88
07.12.2023 00:15;6,39
07.12.2023 00:30;9,98
07.12.2023 00:45;5,00
07.12.2023 01:00;11,49
07.12.2023 01:15;5,00
07.12.2023 01:30;6,61
07.12.2023 01:45;5,57
07.12.2023 02:00;5,95
07.12.2023 02:15;12,55
07.12.2023 02:30;5,78
07.12.2023 02:45;8,41
07.12.2023 03:00;6,23
07.12.2023 03:15;8,58
07.12.2023 03:30;5,62
07.12.2023 03:45;7,22
07.12.2023 04:00;7,96
07.12.2023 04:15;5,26
07.12.2023 04:30;12,22
07.12.2023 04:45;8,07
07.12.2023 05:00;6,25
07.12.2023 05:15;5,31
07.12.2023 05:30;6,89
07.12.2023 05:45;5,00
07.12.2023 06:00;10,27
07.12.2023 06:15;7,57
07.12.2023 06:30;6,53
07.12.2023 06:45;8,80
07.12.2023 07:00;20,91
07.12.2023 07:15;21,31
07.12.2023 07:30;24,63
07.12.2023 07:45;26,40
07.12.2023 08:00;28,45
07.12.2023 08:15;24,81
07.12.2023 08:30;27,86
07.12.2023 08:45;22,46
07.12.2023 09:00;26,51
07.12.2023 09:15;33,48
07.12.2023 09:30;30,77
07.12.2023 09:45;29,79
07.12.2023 10:00;30,22
07.12.2023 10:15;29,66
07.12.2023 10:30;33,04
07.12.2023 10:45;33,47
07.12.2023 11:00;30,83
07.12.2023 11:15;33,65
07.12.2023 11:30;32,77
07.12.2023 11:45;32,92
07.12.2023 12:00;36,39
07.12.2023 12:15;34,13
07.12.2023 12:30;32,76
07.12.2023 12:45;35,86
07.12.2023 13:00;31,05
07.12.2023 13:15;37,72
07.12.2023 13:30;32,27
07.12.2023 13:45;36,03
07.12.2023 14:00;37,56
07.12.2023 14:15;34,08
07.12.2023 14:30;34,71
07.12.2023 14:45;31,82
07.12.2023 15:00;32,42
07.12.2023 15:15;30,92
07.12.2023 15:30;32,80
07.12.2023 15:45;28,41
07.12.2023 16:00;32,00
07.12.2023 16:15;33,73
07.12.2023 16:30;31,11
07.12.2023 16:45;27,90
07.12.2023 17:00;25,99
07.12.2023 17:15;27,76
07.12.2023 17:30;25,51
07.12.2023 17:45;23,13
07.12.2023 18:00;21,17
07.12.2023 18:15;6,86
07.12.2023 18:30;6,10
07.12.2023 18:45;8,27
07.12.2023 19:00;9,19
07.12.2023 19:15;5,00
07.12.2023 19:30;5,00
07.12.2023 19:45;9,40
07.12.2023 20:00;7,04
07.12.2023 20:15;5,00
07.12.2023 20:30;8,67
07.12.2023 20:45;7,39
07.12.2023 21:00;11,11
07.12.2023 21:15;6,23
07.12.2023 21:30;8,92
07.12.2023 21:45;5,00
07.12.2023 22:00;9,50
07.12.2023 22:15;8,59
07.12.2023 22:30;9,91
07.12.2023 22:45;8,93
07.12.2023 23:00;6,51
07.12.2023 23:15;5,00
07.12.2023 23:30;5,50
07.12.2023 23:45;5,00
08.12.2023 00:00;5,00
08.12.2023 00:15;7,57
08.12.2023 00:30;6,62
08.12.2023 00:45;6,27
08.12.2023 01:00;5,13
08.12.2023 01:15;5,00
08.12.2023 01:30;7,08
08.12.2023 01:45;7,47
08.12.2023 02:00;5,00
08.12.2023 02:15;5,65
08.12.2023 02:30;9,80
08.12.2023 02:45;9,03
08.12.2023 03:00;5,00
08.12.2023 03:15;6,54
08.12.2023 03:30;9,62
08.12.2023 03:45;6,28
08.12.2023 04:00;6,18
08.12.2023 04:15;8,90
08.12.2023 04:30;8,69
08.12.2023 04:45;8,58
08.12.2023 05:00;6,19
08.12.2023 05:15;8,04
08.12.2023 05:30;9,70
08.12.2023 05:45;6,61
08.12.2023 06:00;5,91
08.12.2023 06:15;9,17
08.12.2023 06:30;10,81
08.12.2023 06:45;10,94
08.12.2023 07:00;21,63
08.12.2023 07:15;23,11
08.12.2023 07:30;22,87
08.12.2023 07:45;26,42
08.12.2023 08:00;25,28
08.12.2023 08:15;26,90
08.12.2023 08:30;29,33
08.12.2023 08:45;30,07
08.12.2023 09:00;24,83
08.12.2023 09:15;31,82
08.12.2023 09:30;28,51
08.12.2023 09:45;31,29
08.12.2023 10:00;28,68
08.12.2023 10:15;28,39
08.12.2023 10:30;29,49
08.12.2023 10:45;33,54
08.12.2023 11:00;25,51
08.12.2023 11:15;31,78
08.12.2023 11:30;31,77
08.12.2023 11:45;35,71
08.12.2023 12:00;36,09
08.12.2023 12:15;30,76
08.12.2023 12:30;33,21
08.12.2023 12:45;36,61
08.12.2023 13:00;36,94
08.12.2023 13:15;31,97
08.12.2023 13:30;35,21
08.12.2023 13:45;35,94
08.12.2023 14:00;31,58
08.12.2023 14:15;29,25
08.12.2023 14:30;34,02
08.12.2023 14:45;35,54
08.12.2023 15:00;29,08
08.12.2023 15:15;33,55
08.12.2023 15:30;31,39
08.12.2023 15:45;33,50
08.12.2023 16:00;35,88
08.12.2023 16:15;30,61
08.12.2023 16:30;31,99
08.12.2023 16:45;26,18
08.12.2023 17:00;24,39
08.12.2023 17:15;30,22
08.12.2023 17:30;25,54
08.12.2023 17:45;24,93
08.12.2023 18:00;24,68
08.12.2023 18:15;5,66
08.12.2023 18:30;8,36
08.12.2023 18:45;8,06
08.12.2023 19:00;5,00
08.12.2023 19:15;9,74
08.12.2023 19:30;9,33
08.12.2023 19:45;5,00
08.12.2023 20:00;7,11
08.12.2023 20:15;6,25
08.12.2023 20:30;9,55
08.12.2023 20:45;5,00
08.12.2023 21:00;13,92
08.12.2023 21:15;6,37
08.12.2023 21:30;8,19
08.12.2023 21:45;9,49
08.12.2023 22:00;6,32
08.12.2023 22:15;6,48
08.12.2023 22:30;5,71
08.12.2023 22:45;5,00
08.12.2023 23:00;7,26
08.12.2023 23:15;6,44
08.12.2023 23:30;5,70
08.12.2023 23:45;5,81
09.12.2023 00:00;5,00
09.12.2023 00:15;5,00
09.12.2023 00:30;5,00
09.12.2023 00:45;5,00
09.12.2023 01:00;5,00
09.12.2023 01:15;5,00
09.12.2023 01:30;5,00
09.12.2023 01:45;5,00
09.12.2023 02:00;5,00
09.12.2023 02:15;5,00
09.12.2023 02:30;5,00
09.12.2023 02:45;5,00
09.12.2023 03:00;5,00
09.12.2023 03:15;5,00
09.12.2023 03:30;5,00
09.12.2023 03:45;5,00
09.12.2023 04:00;5,00
09.12.2023 04:15;5,00
09.12.2023 04:30;5,00
09.12.2023 04:45;5,00
09.12.2023 05:00;5,00
09.12.2023 05:15;5,00
09.12.2023 05:30;5,00
09.12.2023 05:45;5,00
09.12.2023 06:00;5,00
09.12.2023 06:15;5,00
09.12.2023 06:30;5,00
09.12.2023 06:45;5,00
09.12.2023 07:00;11,02
09.12.2023 07:15;8,96
09.12.2023 07:30;10,16
09.12.2023 07:45;9,02
09.12.2023 08:00;7,68
09.12.2023 08:15;9,94
09.12.2023 08:30;10,09
09.12.2023 08:45;11,18
09.12.2023 09:00;9,07
09.12.2023 09:15;8,94
09.12.2023 09:30;8,44
09.12.2023 09:45;8,33
09.12.2023 10:00;7,80
09.12.2023 10:15;10,38
09.12.2023 10:30;12,12
09.12.2023 10:45;11,38
09.12.2023 11:00;8,87
09.12.2023 11:15;8,78
09.12.2023 11:30;12,09
09.12.2023 11:45;11,55
09.12.2023 12:00;11,39
09.12.2023 12:15;9,93
09.12.2023 12:30;7,65
09.12.2023 12:45;9,47
09.12.2023 13:00;13,91
09.12.2023 13:15;13,06
09.12.2023 13:30;11,48
09.12.2023 13:45;10,93
09.12.2023 14:00;13,39
09.12.2023 14:15;14,56
09.12.2023 14:30;13,73
09.12.2023 14:45;11,25
09.12.2023 15:00;9,14
09.12.2023 15:15;14,02
09.12.2023 15:30;16,83
09.12.2023 15:45;9,48
09.12.2023 16:00;15,65
09.12.2023 16:15;11,47
09.12.2023 16:30;11,28
09.12.2023 16:45;12,01
09.12.2023 17:00;8,57
09.12.2023 17:15;10,41
09.12.2023 17:30;6,76
09.12.2023 17:45;10,43
09.12.2023 18:00;13,43
09.12.2023 18:15;5,00
09.12.2023 18:30;5,00
09.12.2023 18:45;5,00
09.12.2023 19:00;5,00
09.12.2023 19:15;5,00
09.12.2023 19:30;5,00
09.12.2023 19:45;5,00
09.12.2023 20:00;5,00
09.12.2023 20:15;5,00
09.12.2023 20:30;5,00
09.12.2023 20:45;5,00
09.12.2023 21:00;5,00
09.12.2023 21:15;5,00
09.12.2023 21:30;5,00
09.12.2023 21:45;5,00
09.12.2023 22:00;5,00
09.12.2023 22:15;5,60
09.12.2023 22:30;5,00
09.12.2023 22:45;5,00
09.12.2023 23:00;5,00
09.12.2023 23:15;5,00
09.12.2023 23:30;5,00
09.12.2023 23:45;5,00
10.12.2023 00:00;5,00
10.12.2023 00:15;5,00
10.12.2023 00:30;5,00
10.12.2023 00:45;5,00
10.12.2023 01:00;5,84
10.12.2023 01:15;5,00
10.12.2023 01:30;5,00
10.12.2023 01:45;5,09
10.12.2023 02:00;5,00
10.12.2023 02:15;5,00
10.12.2023 02:30;5,00
10.12.2023 02:45;5,22
10.12.2023 03:00;5,00
10.12.2023 03:15;5,05
10.12.2023 03:30;5,00
10.12.2023 03:45;5,00
10.12.2023 04:00;5,00
10.12.2023 04:15;5,00
10.12.2023 04:30;5,00
10.12.2023 04:45;5,00
10.12.2023 05:00;5,00
10.12.2023 05:15;5,00
10.12.2023 05:30;5,57
10.12.2023 05:45;5,00
10.12.2023 06:00;5,00
10.12.2023 06:15;5,00
10.12.2023 06:30;5,00
10.12.2023 06:45;5,00
10.12.2023 07:00;11,70
10.12.2023 07:15;8,27
10.12.2023 07:30;8,62
10.12.2023 07:45;13,07
10.12.2023 08:00;9,87
10.12.2023 08:15;11,24
10.12.2023 08:30;9,60
10.12.2023 08:45;6,35
10.12.2023 09:00;11,41
10.12.2023 09:15;12,27
10.12.2023 09:30;10,24
10.12.2023 09:45;7,48
10.12.2023 10:00;10,28
10.12.2023 10:15;6,29
10.12.2023 10:30;3,04
10.12.2023 10:45;10,54
10.12.2023 11:00;12,08
10.12.2023 11:15;13,82
10.12.2023 11:30;13,11
10.12.2023 11:45;14,50
10.12.2023 12:00;12,30
10.12.2023 12:15;6,64
10.12.2023 12:30;14,94
10.12.2023 12:45;12,70
10.12.2023 13:00;9,10
10.12.2023 13:15;15,33
10.12.2023 13:30;11,46
10.12.2023 13:45;14,59
10.12.2023 14:00;8,83
10.12.2023 14:15;9,47
10.12.2023 14:30;11,65
10.12.2023 14:45;15,45
10.12.2023 15:00;8,12
10.12.2023 15:15;5,35
10.12.2023 15:30;14,47
10.12.2023 15:45;13,15
10.12.2023 16:00;12,90
10.12.2023 16:15;9,81
10.12.2023 16:30;8,54
10.12.2023 16:45;10,22
10.12.2023 17:00;11,72
10.12.2023 17:15;9,33
10.12.2023 17:30;11,80
10.12.2023 17:45;7,58
10.12.2023 18:00;7,94
10.12.2023 18:15;5,00
10.12.2023 18:30;5,00
10.12.2023 18:45;5,00
10.12.2023 19:00;5,00
10.12.2023 19:15;5,00
10.12.2023 19:30;5,00
10.12.2023 19:45;5,00
10.12.2023 20:00;5,00
10.12.2023 20:15;5,00
10.12.2023 20:30;5,00
10.12.2023 20:45;5,88
10.12.2023 21:00;5,00
10.12.2023 21:15;6,46
10.12.2023 21:30;5,00
10.12.2023 21:45;5,00
10.12.2023 22:00;5,00
10.12.2023 22:15;5,00
10.12.2023 22:30;5,45
10.12.2023 22:45;6,41
10.12.2023 23:00;5,00
10.12.2023 23:15;5,00
10.12.2023 23:30;5,00
10.12.2023 23:45;5,99
11.12.2023 00:00;9,83
11.12.2023 00:15;5,00
11.12.2023 00:30;8,77
11.12.2023 00:45;10,33
11.12.2023 01:00;6,80
11.12.2023 01:15;5,00
11.12.2023 01:30;8,40
11.12.2023 01:45;8,85
11.12.2023 02:00;6,46
11.12.2023 02:15;5,00
11.12.2023 02:30;8,71
11.12.2023 02:45;5,20
11.12.2023 03:00;7,54
11.12.2023 03:15;9,86
11.12.2023 03:30;5,00
11.12.2023 03:45;8,56
11.12.2023 04:00;6,33
11.12.2023 04:15;6,38
11.12.2023 04:30;7,77
11.12.2023 04:45;5,20
11.12.2023 05:00;5,00
11.12.2023 05:15;5,00
11.12.2023 05:30;9,21
11.12.2023 05:45;6,00
11.12.2023 06:00;7,88
11.12.2023 06:15;5,77
11.12.2023 06:30;5,00
11.12.2023 06:45;8,05
11.12.2023 07:00;23,13
11.12.2023 07:15;23,28
11.12.2023 07:30;25,63
11.12.2023 07:45;24,37
11.12.2023 08:00;29,66
11.12.2023 08:15;30,58
11.12.2023 08:30;29,77
11.12.2023 08:45;27,99
11.12.2023 09:00;30,08
11.12.2023 09:15;32,86
11.12.2023 09:30;34,25
11.12.2023 09:45;34,08
11.12.2023 10:00;30,09
11.12.2023 10:15;31,12
11.12.2023 10:30;34,05
11.12.2023 10:45;32,30
11.12.2023 11:00;33,14
11.12.2023 11:15;33,70
11.12.2023 11:30;37,32
11.12.2023 11:45;36,48
11.12.2023 12:00;31,37
11.12.2023 12:15;31,50
11.12.2023 12:30;38,12
11.12.2023 12:45;42,80
11.12.2023 13:00;35,98
11.12.2023 13:15;31,63
11.12.2023 13:30;38,23
11.12.2023 13:45;31,62
11.12.2023 14:00;33,39
11.12.2023 14:15;37,36
11.12.2023 14:30;32,23
11.12.2023 14:45;33,01
11.12.2023 15:00;33,19
11.12.2023 15:15;30,81
11.12.2023 15:30;36,32
11.12.2023 15:45;31,54
11.12.2023 16:00;30,44
11.12.2023 16:15;30,20
11.12.2023 16:30;31,80
11.12.2023 16:45;28,98
11.12.2023 17:00;25,95
11.12.2023 17:15;27,11
11.12.2023 17:30;26,66
11.12.2023 17:45;23,71
11.12.2023 18:00;22,00
11.12.2023 18:15;8,77
11.12.2023 18:30;6,38
11.12.2023 18:45;9,96
11.12.2023 19:00;5,23
11.12.2023 19:15;5,18
11.12.2023 19:30;5,00
11.12.2023 19:45;6,26
11.12.2023 20:00;6,75
11.12.2023 20:15;5,00
11.12.2023 20:30;6,94
11.12.2023 20:45;7,87
11.12.2023 21:00;5,00
11.12.2023 21:15;5,70
11.12.2023 21:30;7,88
11.12.2023 21:45;5,00
11.12.2023 22:00;6,11
11.12.2023 22:15;8,92
11.12.2023 22:30;10,33
11.12.2023 22:45;7,62
11.12.2023 23:00;6,40
11.12.2023 23:15;5,74
11.12.2023 23:30;8,56
11.12.2023 23:45;9,01
12.12.2023 00:00;5,00
12.12.2023 00:15;8,57
12.12.2023 00:30;5,54
12.12.2023 00:45;5,03
12.12.2023 01:00;6,44
12.12.2023 01:15;8,73
12.12.2023 01:30;7,37
12.12.2023 01:45;7,31
12.12.2023 02:00;7,46
12.12.2023 02:15;7,69
12.12.2023 02:30;6,52
12.12.2023 02:45;8,01
12.12.2023 03:00;5,43
12.12.2023 03:15;8,05
12.12.2023 03:30;8,46
12.12.2023 03:45;8,15
12.12.2023 04:00;8,25
12.12.2023 04:15;7,68
12.12.2023 04:30;9,10
12.12.2023 04:45;5,00
12.12.2023 05:00;8,46
12.12.2023 05:15;10,70
12.12.2023 05:30;5,51
12.12.2023 05:45;5,28
12.12.2023 06:00;9,32
12.12.2023 06:15;5,00
12.12.2023 06:30;5,42
12.12.2023 06:45;7,09
12.12.2023 07:00;20,90
12.12.2023 07:15;25,53
12.12.2023 07:30;23,48
12.12.2023 07:45;27,05
12.12.2023 08:00;28,14
12.12.2023 08:15;31,58
12.12.2023 08:30;31,40
12.12.2023 08:45;27,97
12.12.2023 09:00;26,70
12.12.2023 09:15;32,41
12.12.2023 09:30;28,15
12.12.2023 09:45;30,28
12.12.2023 10:00;27,67
12.12.2023 10:15;31,88
12.12.2023 10:30;32,08
12.12.2023 10:45;30,76
12.12.2023 11:00;34,48
12.12.2023 11:15;32,58
12.12.2023 11:30;34,00
12.12.2023 11:45;34,67
12.12.2023 12:00;37,09
12.12.2023 12:15;28,09
12.12.2023 12:30;33,84
12.12.2023 12:45;34,26
12.12.2023 13:00;33,20
12.12.2023 13:15;32,91
12.12.2023 13:30;34,15
12.12.2023 13:45;35,24
12.12.2023 14:00;30,81
12.12.2023 14:15;33,18
12.12.2023 14:30;35,59
12.12.2023 14:45;38,18
12.12.2023 15:00;31,51
12.12.2023 15:15;37,00
12.12.2023 15:30;30,17
12.12.2023 15:45;35,11
12.12.2023 16:00;31,67
12.12.2023 16:15;34,25
12.12.2023 16:30;29,05
12.12.2023 16:45;28,17
12.12.2023 17:00;27,31
12.12.2023 17:15;23,25
12.12.2023 17:30;21,54
12.12.2023 17:45;24,81
12.12.2023 18:00;24,48
12.12.2023 18:15;7,97
12.12.2023 18:30;5,00
12.12.2023 18:45;7,71
12.12.2023 19:00;5,00
12.12.2023 19:15;7,57
12.12.2023 19:30;9,01
12.12.2023 19:45;7,49
12.12.2023 20:00;9,69
12.12.2023 20:15;6,45
12.12.2023 20:30;6,32
12.12.2023 20:45;6,88
12.12.2023 21:00;5,00
12.12.2023 21:15;5,94
12.12.2023 21:30;6,12
12.12.2023 21:45;6,18
12.12.2023 22:00;7,29
12.12.2023 22:15;5,00
12.12.2023 22:30;5,00
12.12.2023 22:45;9,01
12.12.2023 23:00;5,00
12.12.2023 23:15;7,98
12.12.2023 23:30;6,00
12.12.2023 23:45;7,07
13.12.2023 00:00;9,87
13.12.2023 00:15;6,50
13.12.2023 00:30;8,01
13.12.2023 00:45;6,88
13.12.2023 01:00;6,54
13.12.2023 01:15;6,29
13.12.2023 01:30;8,16
13.12.2023 01:45;5,30
13.12.2023 02:00;5,00
13.12.2023 02:15;6,91
13.12.2023 02:30;7,14
13.12.2023 02:45;5,00
13.12.2023 03:00;6,74
13.12.2023 03:15;5,00
13.12.2023 03:30;8,01
13.12.2023 03:45;5,00
13.12.2023 04:00;10,61
13.12.2023 04:15;6,08
13.12.2023 04:30;5,03
13.12.2023 04:45;6,19
13.12.2023 05:00;7,87
13.12.2023 05:15;8,54
13.12.2023 05:30;6,21
13.12.2023 05:45;5,00
13.12.2023 06:00;5,00
13.12.2023 06:15;7,33
13.12.2023 06:30;8,73
13.12.2023 06:45;8,99
13.12.2023 07:00;22,87
13.12.2023 07:15;25,75
13.12.2023 07:30;28,92
13.12.2023 07:45;28,74
13.12.2023 08:00;29,45
13.12.2023 08:15;26,53
13.12.2023 08:30;31,08
13.12.2023 08:45;30,02
13.12.2023 09:00;30,81
13.12.2023 09:15;33,38
13.12.2023 09:30;31,52
13.12.2023 09:45;30,37
13.12.2023 10:00;30,33
13.12.2023 10:15;33,10
13.12.2023 10:30;32,58
13.12.2023 10:45;31,19
13.12.2023 11:00;34,08
13.12.2023 11:15;36,25
13.12.2023 11:30;37,28
13.12.2023 11:45;31,50
13.12.2023 12:00;30,72
13.12.2023 12:15;35,55
13.12.2023 12:30;40,77
13.12.2023 12:45;36,98
13.12.2023 13:00;35,86
13.12.2023 13:15;36,76
13.12.2023 13:30;36,92
13.12.2023 13:45;37,06
13.12.2023 14:00;35,52
13.12.2023 14:15;33,45
13.12.2023 14:30;38,21
13.12.2023 14:45;35,04
13.12.2023 15:00;37,57
13.12.2023 15:15;35,64
13.12.2023 15:30;35,11
13.12.2023 15:45;34,56
13.12.2023 16:00;36,88
13.12.2023 16:15;33,32
13.12.2023 16:30;28,32
13.12.2023 16:45;29,32
13.12.2023 17:00;27,08
13.12.2023 17:15;30,49
13.12.2023 17:30;27,60
13.12.2023 17:45;27,88
13.12.2023 18:00;21,01
13.12.2023 18:15;8,96
13.12.2023 18:30;5,00
13.12.2023 18:45;5,00
13.12.2023 19:00;5,96
13.12.2023 19:15;9,78
13.12.2023 19:30;5,00
13.12.2023 19:45;6,73
13.12.2023 20:00;9,14
13.12.2023 20:15;8,45
13.12.2023 20:30;11,19
13.12.2023 20:45;6,77
13.12.2023 21:00;5,88
13.12.2023 21:15;5,00
13.12.2023 21:30;6,02
13.12.2023 21:45;5,00
13.12.2023 22:00;5,00
13.12.2023 22:15;10,69
13.12.2023 22:30;6,86
13.12.2023 22:45;11,94
13.12.2023 23:00;5,08
13.12.2023 23:15;5,90
13.12.2023 23:30;5,21
13.12.2023 23:45;5,48
14.12.2023 00:00;8,51
14.12.2023 00:15;7,90
14.12.2023 00:30;8,52
14.12.2023 00:45;9,45
14.12.2023 01:00;8,98
14.12.2023 01:15;5,00
14.12.2023 01:30;5,72
14.12.2023 01:45;7,01
14.12.2023 02:00;14,22
14.12.2023 02:15;8,31
14.12.2023 02:30;6,98
14.12.2023 02:45;8,11
14.12.2023 03:00;5,56
14.12.2023 03:15;7,29
14.12.2023 03:30;8,68
14.12.2023 03:45;6,71
14.12.2023 04:00;5,25
14.12.2023 04:15;6,61
14.12.2023 04:30;6,13
14.12.2023 04:45;5,00
14.12.2023 05:00;5,62
14.12.2023 05:15;5,00
14.12.2023 05:30;5,00
14.12.2023 05:45;5,00
14.12.2023 06:00;8,67
14.12.2023 06:15;9,75
14.12.2023 06:30;5,00
14.12.2023 06:45;9,93
14.12.2023 07:00;20,30
14.12.2023 07:15;25,34
14.12.2023 07:30;25,64
14.12.2023 07:45;27,66
14.12.2023 08:00;25,31
14.12.2023 08:15;24,79
14.12.2023 08:30;27,10
14.12.2023 08:45;29,78
14.12.2023 09:00;33,73
14.12.2023 09:15;27,50
14.12.2023 09:30;32,06
14.12.2023 09:45;28,43
14.12.2023 10:00;31,57
14.12.2023 10:15;27,09
14.12.2023 10:30;36,58
14.12.2023 10:45;37,00
14.12.2023 11:00;33,85
14.12.2023 11:15;33,49
14.12.2023 11:30;31,77
14.12.2023 11:45;35,53
14.12.2023 12:00;32,05
14.12.2023 12:15;32,30
14.12.2023 12:30;33,60
14.12.2023 12:45;36,97
14.12.2023 13:00;34,52
14.12.2023 13:15;35,13
14.12.2023 13:30;38,22
14.12.2023 13:45;38,53
14.12.2023 14:00;31,60
14.12.2023 14:15;33,54
14.12.2023 14:30;34,70
14.12.2023 14:45;38,30
14.12.2023 15:00;33,34
14.12.2023 15:15;32,70
14.12.2023 15:30;31,90
14.12.2023 15:45;29,58
14.12.2023 16:00;33,83
14.12.2023 16:15;31,91
14.12.2023 16:30;30,81
14.12.2023 16:45;27,66
14.12.2023 17:00;27,35
14.12.2023 17:15;27,97
14.12.2023 17:30;27,09
14.12.2023 17:45;21,49
14.12.2023 18:00;21,29
14.12.2023 18:15;5,00
14.12.2023 18:30;7,17
14.12.2023 18:45;8,54
14.12.2023 19:00;6,21
14.12.2023 19:15;5,44
14.12.2023 19:30;6,10
14.12.2023 19:45;11,38
14.12.2023 20:00;9,15
14.12.2023 20:15;8,23
14.12.2023 20:30;7,41
14.12.2023 20:45;6,74
14.12.2023 21:00;5,00
14.12.2023 21:15;5,00
14.12.2023 21:30;5,63
14.12.2023 21:45;5,00
14.12.2023 22:00;5,55
14.12.2023 22:15;6,56
14.12.2023 22:30;6,72
14.12.2023 22:45;5,53
14.12.2023 23:00;7,76
14.12.2023 23:15;6,39
14.12.2023 23:30;7,20
14.12.2023 23:45;5,28
15.12.2023 00:00;8,16
15.12.2023 00:15;5,71
15.12.2023 00:30;9,99
15.12.2023 00:45;6,32
15.12.2023 01:00;6,59
15.12.2023 01:15;7,96
15.12.2023 01:30;8,40
15.12.2023 01:45;8,61
15.12.2023 02:00;10,33
15.12.2023 02:15;8,10
15.12.2023 02:30;6,64
15.12.2023 02:45;5,72
15.12.2023 03:00;6,51
15.12.2023 03:15;9,74
15.12.2023 03:30;5,00
15.12.2023 03:45;5,14
15.12.2023 04:00;6,34
15.12.2023 04:15;5,11
15.12.2023 04:30;5,96
15.12.2023 04:45;10,39
15.12.2023 05:00;6,18
15.12.2023 05:15;7,60
15.12.2023 05:30;5,00
15.12.2023 05:45;5,00
15.12.2023 06:00;8,64
15.12.2023 06:15;10,11
15.12.2023 06:30;7,22
15.12.2023 06:45;6,16
15.12.2023 07:00;23,58
15.12.2023 07:15;18,68
15.12.2023 07:30;25,61
15.12.2023 07:45;24,33
15.12.2023 08:00;29,26
15.12.2023 08:15;23,92
15.12.2023 08:30;27,75
15.12.2023 08:45;29,92
15.12.2023 09:00;28,59
15.12.2023 09:15;29,54
15.12.2023 09:30;31,75
15.12.2023 09:45;31,92
15.12.2023 10:00;29,21
15.12.2023 10:15;32,14
15.12.2023 10:30;32,91
15.12.2023 10:45;37,41
15.12.2023 11:00;31,53
15.12.2023 11:15;28,82
15.12.2023 11:30;32,45
15.12.2023 11:45;35,64
15.12.2023 12:00;32,62
15.12.2023 12:15;34,06
15.12.2023 12:30;35,18
15.12.2023 12:45;34,62
15.12.2023 13:00;38,64
15.12.2023 13:15;36,74
15.12.2023 13:30;33,41
15.12.2023 13:45;35,16
15.12.2023 14:00;38,47
15.12.2023 14:15;31,88
15.12.2023 14:30;35,53
15.12.2023 14:45;32,55
15.12.2023 15:00;34,20
15.12.2023 15:15;34,31
15.12.2023 15:30;33,59
15.12.2023 15:45;37,26
15.12.2023 16:00;31,75
15.12.2023 16:15;27,96
15.12.2023 16:30;30,80
15.12.2023 16:45;28,56
15.12.2023 17:00;28,78
15.12.2023 17:15;28,19
15.12.2023 17:30;25,09
15.12.2023 17:45;24,74
15.12.2023 18:00;22,87
15.12.2023 18:15;10,36
15.12.2023 18:30;6,03
15.12.2023 18:45;5,40
15.12.2023 19:00;8,54
15.12.2023 19:15;5,00
15.12.2023 19:30;7,56
15.12.2023 19:45;6,44
15.12.2023 20:00;6,57
15.12.2023 20:15;11,65
15.12.2023 20:30;9,24
15.12.2023 20:45;8,82
15.12.2023 21:00;7,84
15.12.2023 21:15;5,39
15.12.2023 21:30;7,30
15.12.2023 21:45;7,94
15.12.2023 22:00;7,17
15.12.2023 22:15;6,96
15.12.2023 22:30;5,98
15.12.2023 22:45;7,32
15.12.2023 23:00;5,72
15.12.2023 23:15;8,18
15.12.2023 23:30;5,00
15.12.2023 23:45;9,49
16.12.2023 00:00;5,00
16.12.2023 00:15;5,00
16.12.2023 00:30;5,00
16.12.2023 00:45;5,00
16.12.2023 01:00;6,87
16.12.2023 01:15;5,00
16.12.2023 01:30;5,00
16.12.2023 01:45;5,00
16.12.2023 02:00;5,89
16.12.2023 02:15;7,56
16.12.2023 02:30;5,00
16.12.2023 02:45;5,00
16.12.2023 03:00;5,00
16.12.2023 03:15;5,00
16.12.2023 03:30;6,47
16.12.2023 03:45;5,00
16.12.2023 04:00;5,00
16.12.2023 04:15;5,00
16.12.2023 04:30;5,12
16.12.2023 04:45;5,00
16.12.2023 05:00;5,00
16.12.2023 05:15;5,00
16.12.2023 05:30;5,00
16.12.2023 05:45;5,00
16.12.2023 06:00;5,00
16.12.2023 06:15;5,00
16.12.2023 06:30;5,00
16.12.2023 06:45;5,00
16.12.2023 07:00;8,97
16.12.2023 07:15;8,57
16.12.2023 07:30;12,14
16.12.2023 07:45;11,07
16.12.2023 08:00;12,03
16.12.2023 08:15;10,69
16.12.2023 08:30;12,75
16.12.2023 08:45;7,07
16.12.2023 09:00;7,89
16.12.2023 09:15;11,76
16.12.2023 09:30;8,76
16.12.2023 09:45;5,26
16.12.2023 10:00;12,70
16.12.2023 10:15;10,83
16.12.2023 10:30;12,91
16.12.2023 10:45;10,62
16.12.2023 11:00;14,75
16.12.2023 11:15;11,67
16.12.2023 11:30;13,72
16.12.2023 11:45;9,35
16.12.2023 12:00;10,33
16.12.2023 12:15;7,20
16.12.2023 12:30;12,29
16.12.2023 12:45;12,97
16.12.2023 13:00;9,91
16.12.2023 13:15;10,02
16.12.2023 13:30;10,23
16.12.2023 13:45;10,00
16.12.2023 14:00;14,46
16.12.2023 14:15;8,02
16.12.2023 14:30;10,39
16.12.2023 14:45;12,20
16.12.2023 15:00;13,09
16.12.2023 15:15;10,63
16.12.2023 15:30;15,25
16.12.2023 15:45;9,73
16.12.2023 16:00;12,46
16.12.2023 16:15;9,68
16.12.2023 16:30;6,83
16.12.2023 16:45;12,30
16.12.2023 17:00;10,73
16.12.2023 17:15;7,79
16.12.2023 17:30;9,04
16.12.2023 17:45;10,44
16.12.2023 18:00;8,31
16.12.2023 18:15;5,00
16.12.2023 18:30;5,00
16.12.2023 18:45;5,00
16.12.2023 19:00;5,00
16.12.2023 19:15;5,00
16.12.2023 19:30;5,00
16.12.2023 19:45;5,00
16.12.2023 20:00;5,00
16.12.2023 20:15;5,00
16.12.2023 20:30;5,00
16.12.2023 20:45;5,00
16.12.2023 21:00;5,18
16.12.2023 21:15;5,00
16.12.2023 21:30;5,00
16.12.2023 21:45;5,00
16.12.2023 22:00;5,00
16.12.2023 22:15;6,19
16.12.2023 22:30;5,00
16.12.2023 22:45;5,00
16.12.2023 23:00;5,00
16.12.2023 23:15;5,00
16.12.2023 23:30;5,00
16.12.2023 23:45;5,00
17.12.2023 00:00;5,00
17.12.2023 00:15;5,00
17.12.2023 00:30;7,80
17.12.2023 00:45;5,00
17.12.2023 01:00;5,00
17.12.2023 01:15;5,00
17.12.2023 01:30;7,21
17.12.2023 01:45;5,00
17.12.2023 02:00;5,00
17.12.2023 02:15;5,00
17.12.2023 02:30;5,00
17.12.2023 02:45;5,00
17.12.2023 03:00;5,00
17.12.2023 03:15;5,00
17.12.2023 03:30;7,41
17.12.2023 03:45;5,00
17.12.2023 04:00;6,36
17.12.2023 04:15;5,00
17.12.2023 04:30;5,00
17.12.2023 04:45;6,46
17.12.2023 05:00;5,00
17.12.2023 05:15;5,00
17.12.2023 05:30;5,00
17.12.2023 05:45;5,00
17.12.2023 06:00;5,00
17.12.2023 06:15;5,00
17.12.2023 06:30;5,00
17.12.2023 06:45;5,00
17.12.2023 07:00;5,00
17.12.2023 07:15;10,50
17.12.2023 07:30;10,18
17.12.2023 07:45;11,41
17.12.2023 08:00;11,44
17.12.2023 08:15;13,04
17.12.2023 08:30;10,57
17.12.2023 08:45;12,74
17.12.2023 09:00;10,26
17.12.2023 09:15;9,89
17.12.2023 09:30;11,63
17.12.2023 09:45;11,66
17.12.2023 10:00;12,92
17.12.2023 10:15;8,00
17.12.2023 10:30;8,54
17.12.2023 10:45;10,54
17.12.2023 11:00;13,02
17.12.2023 11:15;11,53
17.12.2023 11:30;13,24
17.12.2023 11:45;8,54
17.12.2023 12:00;7,16
17.12.2023 12:15;8,53
17.12.2023 12:30;12,93
17.12.2023 12:45;13,32
17.12.2023 13:00;15,83
17.12.2023 13:15;6,87
17.12.2023 13:30;8,98
17.12.2023 13:45;10,93
17.12.2023 14:00;11,22
17.12.2023 14:15;16,36
17.12.2023 14:30;14,58
17.12.2023 14:45;11,22
17.12.2023 15:00;16,03
17.12.2023 15:15;14,06
17.12.2023 15:30;14,08
17.12.2023 15:45;12,95
17.12.2023 16:00;13,81
17.12.2023 16:15;8,32
17.12.2023 16:30;14,70
17.12.2023 16:45;5,00
17.12.2023 17:00;10,21
17.12.2023 17:15;7,40
17.12.2023 17:30;9,08
17.12.2023 17:45;9,42
17.12.2023 18:00;6,66
17.12.2023 18:15;5,00
17.12.2023 18:30;5,00
17.12.2023 18:45;6,89
17.12.2023 19:00;5,00
17.12.2023 19:15;5,00
17.12.2023 19:30;5,72
17.12.2023 19:45;5,00
17.12.2023 20:00;5,00
17.12.2023 20:15;5,00
17.12.2023 20:30;5,00
17.12.2023 20:45;6,12
17.12.2023 21:00;5,00
17.12.2023 21:15;5,00
17.12.2023 21:30;5,00
17.12.2023 21:45;5,00
17.12.2023 22:00;5,00
17.12.2023 22:15;5,22
17.12.2023 22:30;5,00
17.12.2023 22:45;5,00
17.12.2023 23:00;5,00
17.12.2023 23:15;5,00
17.12.2023 23:30;5,41
17.12.2023 23:45;5,00
18.12.2023 00:00;5,00
18.12.2023 00:15;10,07
18.12.2023 00:30;5,00
18.12.2023 00:45;7,57
18.12.2023 01:00;8,70
18.12.2023 01:15;8,96
18.12.2023 01:30;5,00
18.12.2023 01:45;7,03
18.12.2023 02:00;6,90
18.12.2023 02:15;9,68
18.12.2023 02:30;7,71
18.12.2023 02:45;9,69
18.12.2023 03:00;7,88
18.12.2023 03:15;6,65
18.12.2023 03:30;7,19
18.12.2023 03:45;9,84
18.12.2023 04:00;5,00
18.12.2023 04:15;8,61
18.12.2023 04:30;5,54
18.12.2023 04:45;5,11
18.12.2023 05:00;8,84
18.12.2023 05:15;5,03
18.12.2023 05:30;7,55
18.12.2023 05:45;5,82
18.12.2023 06:00;5,00
18.12.2023 06:15;7,75
18.12.2023 06:30;7,05
18.12.2023 06:45;5,00
18.12.2023 07:00;21,26
18.12.2023 07:15;20,34
18.12.2023 07:30;26,70
18.12.2023 07:45;29,29
18.12.2023 08:00;29,46
18.12.2023 08:15;30,59
18.12.2023 08:30;27,94
18.12.2023 08:45;30,24
18.12.2023 09:00;29,71
18.12.2023 09:15;29,72
18.12.2023 09:30;34,88
18.12.2023 09:45;32,25
18.12.2023 10:00;32,35
18.12.2023 10:15;31,71
18.12.2023 10:30;30,61
18.12.2023 10:45;34,91
18.12.2023 11:00;31,76
18.12.2023 11:15;40,04
18.12.2023 11:30;31,92
18.12.2023 11:45;31,19
18.12.2023 12:00;31,24
18.12.2023 12:15;42,39
18.12.2023 12:30;35,88
18.12.2023 12:45;37,48
18.12.2023 13:00;35,83
18.12.2023 13:15;33,75
18.12.2023 13:30;35,42
18.12.2023 13:45;38,73
18.12.2023 14:00;40,09
18.12.2023 14:15;34,87
18.12.2023 14:30;32,80
18.12.2023 14:45;33,52
18.12.2023 15:00;30,62
18.12.2023 15:15;35,05
18.12.2023 15:30;38,71
18.12.2023 15:45;31,94
18.12.2023 16:00;30,82
18.12.2023 16:15;30,80
18.12.2023 16:30;30,36
18.12.2023 16:45;26,72
18.12.2023 17:00;26,85
18.12.2023 17:15;28,54
18.12.2023 17:30;25,49
18.12.2023 17:45;26,49
18.12.2023 18:00;23,39
18.12.2023 18:15;5,00
18.12.2023 18:30;5,65
18.12.2023 18:45;7,29
18.12.2023 19:00;5,00
18.12.2023 19:15;5,00
18.12.2023 19:30;5,00
18.12.2023 19:45;7,83
18.12.2023 20:00;6,06
18.12.2023 20:15;9,16
18.12.2023 20:30;5,00
18.12.2023 20:45;5,00
18.12.2023 21:00;6,54
18.12.2023 21:15;10,09
18.12.2023 21:30;6,87
18.12.2023 21:45;5,00
18.12.2023 22:00;5,00
18.12.2023 22:15;9,19
18.12.2023 22:30;5,18
18.12.2023 22:45;9,88
18.12.2023 23:00;8,11
18.12.2023 23:15;5,26
18.12.2023 23:30;9,13
18.12.2023 23:45;5,00
19.12.2023 00:00;5,00
19.12.2023 00:15;5,07
19.12.2023 00:30;8,34
19.12.2023 00:45;9,08
19.12.2023 01:00;6,01
19.12.2023 01:15;5,00
19.12.2023 01:30;5,00
19.12.2023 01:45;5,00
19.12.2023 02:00;5,00
19.12.2023 02:15;7,34
19.12.2023 02:30;10,68
19.12.2023 02:45;8,40
19.12.2023 03:00;5,00
19.12.2023 03:15;5,42
19.12.2023 03:30;5,81
19.12.2023 03:45;7,58
19.12.2023 04:00;9,95
19.12.2023 04:15;5,87
19.12.2023 04:30;9,88
19.12.2023 04:45;11,01
19.12.2023 05:00;6,10
19.12.2023 05:15;6,05
19.12.2023 05:30;6,08
19.12.2023 05:45;6,93
19.12.2023 06:00;6,09
19.12.2023 06:15;8,57
19.12.2023 06:30;5,00
19.12.2023 06:45;5,74
19.12.2023 07:00;23,34
19.12.2023 07:15;25,72
19.12.2023 07:30;29,65
19.12.2023 07:45;23,96
19.12.2023 08:00;26,49
19.12.2023 08:15;23,87
19.12.2023 08:30;26,47
19.12.2023 08:45;25,57
19.12.2023 09:00;29,12
19.12.2023 09:15;31,30
19.12.2023 09:30;31,57
19.12.2023 09:45;31,63
19.12.2023 10:00;35,49
19.12.2023 10:15;32,68
19.12.2023 10:30;28,67
19.12.2023 10:45;27,79
19.12.2023 11:00;32,45
19.12.2023 11:15;36,61
19.12.2023 11:30;41,23
19.12.2023 11:45;35,07
19.12.2023 12:00;37,25
19.12.2023 12:15;36,29
19.12.2023 12:30;34,15
19.12.2023 12:45;34,32
19.12.2023 13:00;36,10
19.12.2023 13:15;37,57
19.12.2023 13:30;36,08
19.12.2023 13:45;34,25
19.12.2023 14:00;31,10
19.12.2023 14:15;36,48
19.12.2023 14:30;33,91
19.12.2023 14:45;33,84
19.12.2023 15:00;34,03
19.12.2023 15:15;34,16
19.12.2023 15:30;34,48
19.12.2023 15:45;32,66
19.12.2023 16:00;33,46
19.12.2023 16:15;30,40
19.12.2023 16:30;26,28
19.12.2023 16:45;30,08
19.12.2023 17:00;28,39
19.12.2023 17:15;28,57
19.12.2023 17:30;25,21
19.12.2023 17:45;20,77
19.12.2023 18:00;22,50
19.12.2023 18:15;8,58
19.12.2023 18:30;7,76
19.12.2023 18:45;6,51
19.12.2023 19:00;5,00
19.12.2023 19:15;5,00
19.12.2023 19:30;7,76
19.12.2023 19:45;5,00
19.12.2023 20:00;6,17
19.12.2023 20:15;6,88
19.12.2023 20:30;9,10
19.12.2023 20:45;8,03
19.12.2023 21:00;8,73
19.12.2023 21:15;7,41
19.12.2023 21:30;5,11
19.12.2023 21:45;5,58
19.12.2023 22:00;5,00
19.12.2023 22:15;7,99
19.12.2023 22:30;5,42
19.12.2023 22:45;6,02
19.12.2023 23:00;6,85
19.12.2023 23:15;10,09
19.12.2023 23:30;8,12
19.12.2023 23:45;5,26
20.12.2023 00:00;7,12
20.12.2023 00:15;10,11
20.12.2023 00:30;8,04
20.12.2023 00:45;5,00
20.12.2023 01:00;5,00
20.12.2023 01:15;5,00
20.12.2023 01:30;9,69
20.12.2023 01:45;9,32
20.12.2023 02:00;5,56
20.12.2023 02:15;5,52
20.12.2023 02:30;6,90
20.12.2023 02:45;6,96
20.12.2023 03:00;5,00
20.12.2023 03:15;6,31
20.12.2023 03:30;5,00
20.12.2023 03:45;9,36
20.12.2023 04:00;5,00
20.12.2023 04:15;5,00
20.12.2023 04:30;7,68
20.12.2023 04:45;5,00
20.12.2023 05:00;5,81
20.12.2023 05:15;6,94
20.12.2023 05:30;8,16
20.12.2023 05:45;6,37
20.12.2023 06:00;10,37
20.12.2023 06:15;6,81
20.12.2023 06:30;9,19
20.12.2023 06:45;7,37
20.12.2023 07:00;26,97
20.12.2023 07:15;26,12
20.12.2023 07:30;25,38
20.12.2023 07:45;27,82
20.12.2023 08:00;27,30
20.12.2023 08:15;28,07
20.12.2023 08:30;26,33
20.12.2023 08:45;27,57
20.12.2023 09:00;35,19
20.12.2023 09:15;29,53
20.12.2023 09:30;28,40
20.12.2023 09:45;31,02
20.12.2023 10:00;31,44
20.12.2023 10:15;32,86
20.12.2023 10:30;31,74
20.12.2023 10:45;34,64
20.12.2023 11:00;37,36
20.12.2023 11:15;37,62
20.12.2023 11:30;31,20
20.12.2023 11:45;33,17
20.12.2023 12:00;30,43
20.12.2023 12:15;33,56
20.12.2023 12:30;31,46
20.12.2023 12:45;37,91
20.12.2023 13:00;31,42
20.12.2023 13:15;32,54
20.12.2023 13:30;34,29
20.12.2023 13:45;31,40
20.12.2023 14:00;37,83
20.12.2023 14:15;32,52
20.12.2023 14:30;35,06
20.12.2023 14:45;32,46
20.12.2023 15:00;31,63
20.12.2023 15:15;36,81
20.12.2023 15:30;33,62
20.12.2023 15:45;36,90
20.12.2023 16:00;31,59
20.12.2023 16:15;30,52
20.12.2023 16:30;32,26
20.12.2023 16:45;31,08
20.12.2023 17:00;28,13
20.12.2023 17:15;33,24
20.12.2023 17:30;24,73
20.12.2023 17:45;21,46
20.12.2023 18:00;20,70
20.12.2023 18:15;6,26
20.12.2023 18:30;9,85
20.12.2023 18:45;6,44
20.12.2023 19:00;9,94
20.12.2023 19:15;7,68
20.12.2023 19:30;8,98
20.12.2023 19:45;7,59
20.12.2023 20:00;7,57
20.12.2023 20:15;8,32
20.12.2023 20:30;5,68
20.12.2023 20:45;5,70
20.12.2023 21:00;7,51
20.12.2023 21:15;10,69
20.12.2023 21:30;5,00
20.12.2023 21:45;5,00
20.12.2023 22:00;6,28
20.12.2023 22:15;8,87
20.12.2023 22:30;6,91
20.12.2023 22:45;5,00
20.12.2023 23:00;6,97
20.12.2023 23:15;5,00
20.12.2023 23:30;8,07
20.12.2023 23:45;6,19
21.12.2023 00:00;6,65
21.12.2023 00:15;7,67
21.12.2023 00:30;7,23
21.12.2023 00:45;5,74
21.12.2023 01:00;8,89
21.12.2023 01:15;8,41
21.12.2023 01:30;5,00
21.12.2023 01:45;6,36
21.12.2023 02:00;5,00
21.12.2023 02:15;5,00
21.12.2023 02:30;7,89
21.12.2023 02:45;5,98
21.12.2023 03:00;6,53
21.12.2023 03:15;5,48
21.12.2023 03:30;7,56
21.12.2023 03:45;8,17
21.12.2023 04:00;11,16
21.12.2023 04:15;6,46
21.12.2023 04:30;5,00
21.12.2023 04:45;5,81
21.12.2023 05:00;8,51
21.12.2023 05:15;5,27
21.12.2023 05:30;5,00
21.12.2023 05:45;5,31
21.12.2023 06:00;5,75
21.12.2023 06:15;5,00
21.12.2023 06:30;7,25
21.12.2023 06:45;6,66
21.12.2023 07:00;24,31
21.12.2023 07:15;23,13
21.12.2023 07:30;26,43
21.12.2023 07:45;25,61
21.12.2023 08:00;25,59
21.12.2023 08:15;27,55
21.12.2023 08:30;26,15
21.12.2023 08:45;32,59
21.12.2023 09:00;30,26
21.12.2023 09:15;31,39
21.12.2023 09:30;30,09
21.12.2023 09:45;27,66
21.12.2023 10:00;37,47
21.12.2023 10:15;33,64
21.12.2023 10:30;34,57
21.12.2023 10:45;33,50
21.12.2023 11:00;29,34
21.12.2023 11:15;32,12
21.12.2023 11:30;30,37
21.12.2023 11:45;35,66
21.12.2023 12:00;34,50
21.12.2023 12:15;34,53
21.12.2023 12:30;34,60
21.12.2023 12:45;34,61
21.12.2023 13:00;35,59
21.12.2023 13:15;40,16
21.12.2023 13:30;37,76
21.12.2023 13:45;35,87
21.12.2023 14:00;35,84
21.12.2023 14:15;35,06
21.12.2023 14:30;36,10
21.12.2023 14:45;37,44
21.12.2023 15:00;32,26
21.12.2023 15:15;34,53
21.12.2023 15:30;36,83
21.12.2023 15:45;28,07
21.12.2023 16:00;33,43
21.12.2023 16:15;32,89
21.12.2023 16:30;26,86
21.12.2023 16:45;29,64
21.12.2023 17:00;26,26
21.12.2023 17:15;27,38
21.12.2023 17:30;25,12
21.12.2023 17:45;22,13
21.12.2023 18:00;24,95
21.12.2023 18:15;5,98
21.12.2023 18:30;7,36
21.12.2023 18:45;9,45
21.12.2023 19:00;5,00
21.12.2023 19:15;6,83
21.12.2023 19:30;5,83
21.12.2023 19:45;6,27
21.12.2023 20:00;11,13
21.12.2023 20:15;7,73
21.12.2023 20:30;7,45
21.12.2023 20:45;7,87
21.12.2023 21:00;7,68
21.12.2023 21:15;5,00
21.12.2023 21:30;11,41
21.12.2023 21:45;5,00
21.12.2023 22:00;10,28
21.12.2023 22:15;8,05
21.12.2023 22:30;7,18
21.12.2023 22:45;6,21
21.12.2023 23:00;12,03
21.12.2023 23:15;8,03
21.12.2023 23:30;6,85
21.12.2023 23:45;5,75
22.12.2023 00:00;5,51
22.12.2023 00:15;6,93
22.12.2023 00:30;5,00
22.12.2023 00:45;8,18
22.12.2023 01:00;5,53
22.12.2023 01:15;8,83
22.12.2023 01:30;8,79
22.12.2023 01:45;6,71
22.12.2023 02:00;7,98
22.12.2023 02:15;8,09
22.12.2023 02:30;5,00
22.12.2023 02:45;10,29
22.12.2023 03:00;6,31
22.12.2023 03:15;8,22
22.12.2023 03:30;8,27
22.12.2023 03:45;5,00
22.12.2023 04:00;5,51
22.12.2023 04:15;8,51
22.12.2023 04:30;6,95
22.12.2023 04:45;8,20
22.12.2023 05:00;7,01
22.12.2023 05:15;9,28
22.12.2023 05:30;7,05
22.12.2023 05:45;9,67
22.12.2023 06:00;5,00
22.12.2023 06:15;6,57
22.12.2023 06:30;5,64
22.12.2023 06:45;7,60
22.12.2023 07:00;22,19
22.12.2023 07:15;23,59
22.12.2023 07:30;23,93
22.12.2023 07:45;25,69
22.12.2023 08:00;27,85
22.12.2023 08:15;24,65
22.12.2023 08:30;24,64
22.12.2023 08:45;30,45
22.12.2023 09:00;25,42
22.12.2023 09:15;29,11
22.12.2023 09:30;32,17
22.12.2023 09:45;34,51
22.12.2023 10:00;31,55
22.12.2023 10:15;35,21
22.12.2023 10:30;36,45
22.12.2023 10:45;33,37
22.12.2023 11:00;35,60
22.12.2023 11:15;37,96
22.12.2023 11:30;35,04
22.12.2023 11:45;31,91
22.12.2023 12:00;35,02
22.12.2023 12:15;31,38
22.12.2023 12:30;36,52
22.12.2023 12:45;32,56
22.12.2023 13:00;27,04
22.12.2023 13:15;37,41
22.12.2023 13:30;37,53
22.12.2023 13:45;34,08
22.12.2023 14:00;31,90
22.12.2023 14:15;31,13
22.12.2023 14:30;35,47
22.12.2023 14:45;36,73
22.12.2023 15:00;34,64
22.12.2023 15:15;34,42
22.12.2023 15:30;36,34
22.12.2023 15:45;34,46
22.12.2023 16:00;31,64
22.12.2023 16:15;28,66
22.12.2023 16:30;31,48
22.12.2023 16:45;27,26
22.12.2023 17:00;25,51
22.12.2023 17:15;29,25
22.12.2023 17:30;27,08
22.12.2023 17:45;24,82
22.12.2023 18:00;20,27
22.12.2023 18:15;10,40
22.12.2023 18:30;8,88
22.12.2023 18:45;6,22
22.12.2023 19:00;5,79
22.12.2023 19:15;6,98
22.12.2023 19:30;5,87
22.12.2023 19:45;11,25
22.12.2023 20:00;6,05
22.12.2023 20:15;5,00
22.12.2023 20:30;10,00
22.12.2023 20:45;5,69
22.12.2023 21:00;8,40
22.12.2023 21:15;8,18
22.12.2023 21:30;6,71
22.12.2023 21:45;5,00
22.12.2023 22:00;6,73
22.12.2023 22:15;5,00
22.12.2023 22:30;6,78
22.12.2023 22:45;8,37
22.12.2023 23:00;10,26
22.12.2023 23:15;5,00
22.12.2023 23:30;6,32
22.12.2023 23:45;5,77
23.12.2023 00:00;5,00
23.12.2023 00:15;5,00
23.12.2023 00:30;5,00
23.12.2023 00:45;5,00
23.12.2023 01:00;5,00
23.12.2023 01:15;5,00
23.12.2023 01:30;6,07
23.12.2023 01:45;5,00
23.12.2023 02:00;5,00
23.12.2023 02:15;5,43
23.12.2023 02:30;5,00
23.12.2023 02:45;5,00
23.12.2023 03:00;5,00
23.12.2023 03:15;5,00
23.12.2023 03:30;5,00
23.12.2023 03:45;5,00
23.12.2023 04:00;5,00
23.12.2023 04:15;5,00
23.12.2023 04:30;5,00
23.12.2023 04:45;5,00
23.12.2023 05:00;5,00
23.12.2023 05:15;5,00
23.12.2023 05:30;5,00
23.12.2023 05:45;5,00
23.12.2023 06:00;5,00
23.12.2023 06:15;5,00
23.12.2023 06:30;5,00
23.12.2023 06:45;5,00
23.12.2023 07:00;8,71
23.12.2023 07:15;11,46
23.12.2023 07:30;7,60
23.12.2023 07:45;10,48
23.12.2023 08:00;10,77
23.12.2023 08:15;13,07
23.12.2023 08:30;6,55
23.12.2023 08:45;9,31
23.12.2023 09:00;15,14
23.12.2023 09:15;5,67
23.12.2023 09:30;10,61
23.12.2023 09:45;8,18
23.12.2023 10:00;8,94
23.12.2023 10:15;13,33
23.12.2023 10:30;9,19
23.12.2023 10:45;13,64
23.12.2023 11:00;10,78
23.12.2023 11:15;11,42
23.12.2023 11:30;11,05
23.12.2023 11:45;6,83
23.12.2023 12:00;12,23
23.12.2023 12:15;10,23
23.12.2023 12:30;9,73
23.12.2023 12:45;5,69
23.12.2023 13:00;9,42
23.12.2023 13:15;12,74
23.12.2023 13:30;8,40
23.12.2023 13:45;13,30
23.12.2023 14:00;11,06
23.12.2023 14:15;12,34
23.12.2023 14:30;12,72
23.12.2023 14:45;9,73
23.12.2023 15:00;10,71
23.12.2023 15:15;8,80
23.12.2023 15:30;12,97
23.12.2023 15:45;12,68
23.12.2023 16:00;11,21
23.12.2023 16:15;16,17
23.12.2023 16:30;11,64
23.12.2023 16:45;12,23
23.12.2023 17:00;9,88
23.12.2023 17:15;9,83
23.12.2023 17:30;10,79
23.12.2023 17:45;8,96
23.12.2023 18:00;9,11
23.12.2023 18:15;5,00
23.12.2023 18:30;5,00
23.12.2023 18:45;5,00
23.12.2023 19:00;5,00
23.12.2023 19:15;5,61
23.12.2023 19:30;5,00
23.12.2023 19:45;5,00
23.12.2023 20:00;5,00
23.12.2023 20:15;5,00
23.12.2023 20:30;5,00
23.12.2023 20:45;5,00
23.12.2023 21:00;5,00
23.12.2023 21:15;5,00
23.12.2023 21:30;5,00
23.12.2023 21:45;5,00
23.12.2023 22:00;5,00
23.12.2023 22:15;5,00
23.12.2023 22:30;5,00
23.12.2023 22:45;5,00
23.12.2023 23:00;5,00
23.12.2023 23:15;5,00
23.12.2023 23:30;5,00
23.12.2023 23:45;5,00
24.12.2023 00:00;5,00
24.12.2023 00:15;5,00
24.12.2023 00:30;5,00
24.12.2023 00:45;5,00
24.12.2023 01:00;5,00
24.12.2023 01:15;5,00
24.12.2023 01:30;5,00
24.12.2023 01:45;5,00
24.12.2023 02:00;5,00
24.12.2023 02:15;5,00
24.12.2023 02:30;5,00
24.12.2023 02:45;5,00
24.12.2023 03:00;5,00
24.12.2023 03:15;5,00
24.12.2023 03:30;5,00
24.12.2023 03:45;5,00
24.12.2023 04:00;5,00
24.12.2023 04:15;5,35
24.12.2023 04:30;5,00
24.12.2023 04:45;5,80
24.12.2023 05:00;5,00
24.12.2023 05:15;5,00
24.12.2023 05:30;5,00
24.12.2023 05:45;5,00
24.12.2023 06:00;5,00
24.12.2023 06:15;5,00
24.12.2023 06:30;6,87
24.12.2023 06:45;5,00
24.12.2023 07:00;9,17
24.12.2023 07:15;10,42
24.12.2023 07:30;7,98
24.12.2023 07:45;13,31
24.12.2023 08:00;9,12
24.12.2023 08:15;8,52
24.12.2023 08:30;10,19
24.12.2023 08:45;9,62
24.12.2023 09:00;13,53
24.12.2023 09:15;9,82
24.12.2023 09:30;5,00
24.12.2023 09:45;11,87
24.12.2023 10:00;13,03
24.12.2023 10:15;12,63
24.12.2023 10:30;9,39
24.12.2023 10:45;8,65
24.12.2023 11:00;9,91
24.12.2023 11:15;6,73
24.12.2023 11:30;12,30
24.12.2023 11:45;9,65
24.12.2023 12:00;10,48
24.12.2023 12:15;16,46
24.12.2023 12:30;8,17
24.12.2023 12:45;11,16
24.12.2023 13:00;9,92
24.12.2023 13:15;16,32
24.12.2023 13:30;7,00
24.12.2023 13:45;10,38
24.12.2023 14:00;14,10
24.12.2023 14:15;9,17
24.12.2023 14:30;11,45
24.12.2023 14:45;12,34
24.12.2023 15:00;10,92
24.12.2023 15:15;11,58
24.12.2023 15:30;14,75
24.12.2023 15:45;11,13
24.12.2023 16:00;10,72
24.12.2023 16:15;13,30
24.12.2023 16:30;12,08
24.12.2023 16:45;9,04
24.12.2023 17:00;10,13
24.12.2023 17:15;9,03
24.12.2023 17:30;8,87
24.12.2023 17:45;14,69
24.12.2023 18:00;8,51
24.12.2023 18:15;5,00
24.12.2023 18:30;6,78
24.12.2023 18:45;5,00
24.12.2023 19:00;5,00
24.12.2023 19:15;5,00
24.12.2023 19:30;5,12
24.12.2023 19:45;5,00
24.12.2023 20:00;5,00
24.12.2023 20:15;5,00
24.12.2023 20:30;5,00
24.12.2023 20:45;6,19
24.12.2023 21:00;5,00
24.12.2023 21:15;5,00
24.12.2023 21:30;5,00
24.12.2023 21:45;5,00
24.12.2023 22:00;5,00
24.12.2023 22:15;5,00
24.12.2023 22:30;5,62
24.12.2023 22:45;5,39
24.12.2023 23:00;5,00
24.12.2023 23:15;5,29
24.12.2023 23:30;5,00
24.12.2023 23:45;5,00
25.12.2023 00:00;7,71
25.12.2023 00:15;5,00
25.12.2023 00:30;6,03
25.12.2023 00:45;8,51
25.12.2023 01:00;5,00
25.12.2023 01:15;5,00
25.12.2023 01:30;7,45
25.12.2023 01:45;5,26
25.12.2023 02:00;8,49
25.12.2023 02:15;5,33
25.12.2023 02:30;7,33
25.12.2023 02:45;7,50
25.12.2023 03:00;5,88
25.12.2023 03:15;6,36
25.12.2023 03:30;5,48
25.12.2023 03:45;6,80
25.12.2023 04:00;5,00
25.12.2023 04:15;6,39
25.12.2023 04:30;8,34
25.12.2023 04:45;5,00
25.12.2023 05:00;5,87
25.12.2023 05:15;7,88
25.12.2023 05:30;5,00
25.12.2023 05:45;10,55
25.12.2023 06:00;8,93
25.12.2023 06:15;5,00
25.12.2023 06:30;5,00
25.12.2023 06:45;6,90
25.12.2023 07:00;20,57
25.12.2023 07:15;26,03
25.12.2023 07:30;26,19
25.12.2023 07:45;26,93
25.12.2023 08:00;26,81
25.12.2023 08:15;31,83
25.12.2023 08:30;30,68
25.12.2023 08:45;30,69
25.12.2023 09:00;31,73
25.12.2023 09:15;28,81
25.12.2023 09:30;34,05
25.12.2023 09:45;30,61
25.12.2023 10:00;34,50
25.12.2023 10:15;32,30
25.12.2023 10:30;29,53
25.12.2023 10:45;33,72
25.12.2023 11:00;31,09
25.12.2023 11:15;32,02
25.12.2023 11:30;33,84
25.12.2023 11:45;35,87
25.12.2023 12:00;33,79
25.12.2023 12:15;35,54
25.12.2023 12:30;36,34
25.12.2023 12:45;34,96
25.12.2023 13:00;31,06
25.12.2023 13:15;33,54
25.12.2023 13:30;37,97
25.12.2023 13:45;30,61
25.12.2023 14:00;33,79
25.12.2023 14:15;32,55
25.12.2023 14:30;39,39
25.12.2023 14:45;32,88
25.12.2023 15:00;39,63
25.12.2023 15:15;35,73
25.12.2023 15:30;33,74
25.12.2023 15:45;34,53
25.12.2023 16:00;28,49
25.12.2023 16:15;33,47
25.12.2023 16:30;28,74
25.12.2023 16:45;29,36
25.12.2023 17:00;26,49
25.12.2023 17:15;25,44
25.12.2023 17:30;25,04
25.12.2023 17:45;24,26
25.12.2023 18:00;22,75
25.12.2023 18:15;6,84
25.12.2023 18:30;5,00
25.12.2023 18:45;11,51
25.12.2023 19:00;7,31
25.12.2023 19:15;7,72
25.12.2023 19:30;6,16
25.12.2023 19:45;5,09
25.12.2023 20:00;7,14
25.12.2023 20:15;7,42
25.12.2023 20:30;9,45
25.12.2023 20:45;11,00
25.12.2023 21:00;9,80
25.12.2023 21:15;5,00
25.12.2023 21:30;5,92
25.12.2023 21:45;7,51
25.12.2023 22:00;6,04
25.12.2023 22:15;6,75
25.12.2023 22:30;5,00
25.12.2023 22:45;8,67
25.12.2023 23:00;5,00
25.12.2023 23:15;5,00
25.12.2023 23:30;5,00
25.12.2023 23:45;6,65
26.12.2023 00:00;5,00
26.12.2023 00:15;5,00
26.12.2023 00:30;9,15
26.12.2023 00:45;6,62
26.12.2023 01:00;7,71
26.12.2023 01:15;5,00
26.12.2023 01:30;6,74
26.12.2023 01:45;6,58
26.12.2023 02:00;5,26
26.12.2023 02:15;6,75
26.12.2023 02:30;5,00
26.12.2023 02:45;7,72
26.12.2023 03:00;6,05
26.12.2023 03:15;6,33
26.12.2023 03:30;8,55
26.12.2023 03:45;7,71
26.12.2023 04:00;6,21
26.12.2023 04:15;5,00
26.12.2023 04:30;9,50
26.12.2023 04:45;5,00
26.12.2023 05:00;8,11
26.12.2023 05:15;5,00
26.12.2023 05:30;8,68
26.12.2023 05:45;8,87
26.12.2023 06:00;5,00
26.12.2023 06:15;7,75
26.12.2023 06:30;7,58
26.12.2023 06:45;8,25
26.12.2023 07:00;23,55
26.12.2023 07:15;22,20
26.12.2023 07:30;24,99
26.12.2023 07:45;30,03
26.12.2023 08:00;25,75
26.12.2023 08:15;29,45
26.12.2023 08:30;31,95
26.12.2023 08:45;28,29
26.12.2023 09:00;26,94
26.12.2023 09:15;27,04
26.12.2023 09:30;31,19
26.12.2023 09:45;28,03
26.12.2023 10:00;31,73
26.12.2023 10:15;37,60
26.12.2023 10:30;30,84
26.12.2023 10:45;30,67
26.12.2023 11:00;33,05
26.12.2023 11:15;32,22
26.12.2023 11:30;38,96
26.12.2023 11:45;38,99
26.12.2023 12:00;34,34
26.12.2023 12:15;39,43
26.12.2023 12:30;36,25
26.12.2023 12:45;31,25
26.12.2023 13:00;39,65
26.12.2023 13:15;32,77
26.12.2023 13:30;33,24
26.12.2023 13:45;38,48
26.12.2023 14:00;32,86
26.12.2023 14:15;34,19
26.12.2023 14:30;34,90
26.12.2023 14:45;34,79
26.12.2023 15:00;35,08
26.12.2023 15:15;28,90
26.12.2023 15:30;35,25
26.12.2023 15:45;32,20
26.12.2023 16:00;31,87
26.12.2023 16:15;35,01
26.12.2023 16:30;30,84
26.12.2023 16:45;30,10
26.12.2023 17:00;27,87
26.12.2023 17:15;28,23
26.12.2023 17:30;28,66
26.12.2023 17:45;19,18
26.12.2023 18:00;24,99
26.12.2023 18:15;9,94
26.12.2023 18:30;7,85
26.12.2023 18:45;5,49
26.12.2023 19:00;5,00
26.12.2023 19:15;11,57
26.12.2023 19:30;5,04
26.12.2023 19:45;9,88
26.12.2023 20:00;7,63
26.12.2023 20:15;10,94
26.12.2023 20:30;6,21
26.12.2023 20:45;5,00
26.12.2023 21:00;6,85
26.12.2023 21:15;5,00
26.12.2023 21:30;12,20
26.12.2023 21:45;8,11
26.12.2023 22:00;8,40
26.12.2023 22:15;8,40
26.12.2023 22:30;5,46
26.12.2023 22:45;6,58
26.12.2023 23:00;7,07
26.12.2023 23:15;10,73
26.12.2023 23:30;5,00
26.12.2023 23:45;5,39
27.12.2023 00:00;6,13
27.12.2023 00:15;5,50
27.12.2023 00:30;5,00
27.12.2023 00:45;5,00
27.12.2023 01:00;5,00
27.12.2023 01:15;9,05
27.12.2023 01:30;6,84
27.12.2023 01:45;8,52
27.12.2023 02:00;5,69
27.12.2023 02:15;6,66
27.12.2023 02:30;10,08
27.12.2023 02:45;9,96
27.12.2023 03:00;8,74
27.12.2023 03:15;7,26
27.12.2023 03:30;7,89
27.12.2023 03:45;7,59
27.12.2023 04:00;6,52
27.12.2023 04:15;6,04
27.12.2023 04:30;9,10
27.12.2023 04:45;5,00
27.12.2023 05:00;9,83
27.12.2023 05:15;6,30
27.12.2023 05:30;5,00
27.12.2023 05:45;5,76
27.12.2023 06:00;5,10
27.12.2023 06:15;5,70
27.12.2023 06:30;5,66
27.12.2023 06:45;5,58
27.12.2023 07:00;22,23
27.12.2023 07:15;24,01
27.12.2023 07:30;26,97
27.12.2023 07:45;26,24
27.12.2023 08:00;28,64
27.12.2023 08:15;28,70
27.12.2023 08:30;30,35
27.12.2023 08:45;29,45
27.12.2023 09:00;30,34
27.12.2023 09:15;28,81
27.12.2023 09:30;31,80
27.12.2023 09:45;32,68
27.12.2023 10:00;34,88
27.12.2023 10:15;29,76
27.12.2023 10:30;31,83
27.12.2023 10:45;30,92
27.12.2023 11:00;33,42
27.12.2023 11:15;30,63
27.12.2023 11:30;33,66
27.12.2023 11:45;32,60
27.12.2023 12:00;33,40
27.12.2023 12:15;34,99
27.12.2023 12:30;30,76
27.12.2023 12:45;31,80
27.12.2023 13:00;32,38
27.12.2023 13:15;32,77
27.12.2023 13:30;32,47
27.12.2023 13:45;35,65
27.12.2023 14:00;33,48
27.12.2023 14:15;34,27
27.12.2023 14:30;37,30
27.12.2023 14:45;34,13
27.12.2023 15:00;35,34
27.12.2023 15:15;36,79
27.12.2023 15:30;32,00
27.12.2023 15:45;36,29
27.12.2023 16:00;32,02
27.12.2023 16:15;29,33
27.12.2023 16:30;29,32
27.12.2023 16:45;29,36
27.12.2023 17:00;30,50
27.12.2023 17:15;28,32
27.12.2023 17:30;25,57
27.12.2023 17:45;26,66
27.12.2023 18:00;19,08
27.12.2023 18:15;7,35
27.12.2023 18:30;7,47
27.12.2023 18:45;7,50
27.12.2023 19:00;5,00
27.12.2023 19:15;5,00
27.12.2023 19:30;6,52
27.12.2023 19:45;9,08
27.12.2023 20:00;10,68
27.12.2023 20:15;5,52
27.12.2023 20:30;5,00
27.12.2023 20:45;8,48
27.12.2023 21:00;12,08
27.12.2023 21:15;9,07
27.12.2023 21:30;5,36
27.12.2023 21:45;12,57
27.12.2023 22:00;8,23
27.12.2023 22:15;5,27
27.12.2023 22:30;10,72
27.12.2023 22:45;5,11
27.12.2023 23:00;5,61
27.12.2023 23:15;8,31
27.12.2023 23:30;6,80
27.12.2023 23:45;6,93
28.12.2023 00:00;6,93
28.12.2023 00:15;9,09
28.12.2023 00:30;5,00
28.12.2023 00:45;7,43
28.12.2023 01:00;6,28
28.12.2023 01:15;5,35
28.12.2023 01:30;5,35
28.12.2023 01:45;5,00
28.12.2023 02:00;5,26
28.12.2023 02:15;9,44
28.12.2023 02:30;8,52
28.12.2023 02:45;6,47
28.12.2023 03:00;5,00
28.12.2023 03:15;8,50
28.12.2023 03:30;9,48
28.12.2023 03:45;8,93
28.12.2023 04:00;5,00
28.12.2023 04:15;5,13
28.12.2023 04:30;10,17
28.12.2023 04:45;5,00
28.12.2023 05:00;7,81
28.12.2023 05:15;5,00
28.12.2023 05:30;6,26
28.12.2023 05:45;8,03
28.12.2023 06:00;6,80
28.12.2023 06:15;7,90
28.12.2023 06:30;5,00
28.12.2023 06:45;5,22
28.12.2023 07:00;23,82
28.12.2023 07:15;25,56
28.12.2023 07:30;25,90
28.12.2023 07:45;28,64
28.12.2023 08:00;24,69
28.12.2023 08:15;27,68
28.12.2023 08:30;32,83
28.12.2023 08:45;32,27
28.12.2023 09:00;33,20
28.12.2023 09:15;32,93
28.12.2023 09:30;33,88
28.12.2023 09:45;31,76
28.12.2023 10:00;32,04
28.12.2023 10:15;33,20
28.12.2023 10:30;31,96
28.12.2023 10:45;36,64
28.12.2023 11:00;30,47
28.12.2023 11:15;40,07
28.12.2023 11:30;39,00
28.12.2023 11:45;29,91
28.12.2023 12:00;33,64
28.12.2023 12:15;35,96
28.12.2023 12:30;36,42
28.12.2023 12:45;39,54
28.12.2023 13:00;36,19
28.12.2023 13:15;31,22
28.12.2023 13:30;31,59
28.12.2023 13:45;41,93
28.12.2023 14:00;37,04
28.12.2023 14:15;37,61
28.12.2023 14:30;32,65
28.12.2023 14:45;32,36
28.12.2023 15:00;32,96
28.12.2023 15:15;34,39
28.12.2023 15:30;32,21
28.12.2023 15:45;36,96
28.12.2023 16:00;31,51
28.12.2023 16:15;29,51
28.12.2023 16:30;32,07
28.12.2023 16:45;31,11
28.12.2023 17:00;28,07
28.12.2023 17:15;25,54
28.12.2023 17:30;21,66
28.12.2023 17:45;26,60
28.12.2023 18:00;24,59
28.12.2023 18:15;5,98
28.12.2023 18:30;6,98
28.12.2023 18:45;6,40
28.12.2023 19:00;10,11
28.12.2023 19:15;5,00
28.12.2023 19:30;5,62
28.12.2023 19:45;5,42
28.12.2023 20:00;7,48
28.12.2023 20:15;6,97
28.12.2023 20:30;7,26
28.12.2023 20:45;5,10
28.12.2023 21:00;9,83
28.12.2023 21:15;5,95
28.12.2023 21:30;9,23
28.12.2023 21:45;13,14
28.12.2023 22:00;5,11
28.12.2023 22:15;7,54
28.12.2023 22:30;6,59
28.12.2023 22:45;10,92
28.12.2023 23:00;6,30
28.12.2023 23:15;7,35
28.12.2023 23:30;7,31
28.12.2023 23:45;6,66
29.12.2023 00:00;8,37
29.12.2023 00:15;7,05
29.12.2023 00:30;7,83
29.12.2023 00:45;7,29
29.12.2023 01:00;5,65
29.12.2023 01:15;6,32
29.12.2023 01:30;7,97
29.12.2023 01:45;7,96
29.12.2023 02:00;9,35
29.12.2023 02:15;10,58
29.12.2023 02:30;5,82
29.12.2023 02:45;7,13
29.12.2023 03:00;6,47
29.12.2023 03:15;5,00
29.12.2023 03:30;7,99
29.12.2023 03:45;8,42
29.12.2023 04:00;5,00
29.12.2023 04:15;6,11
29.12.2023 04:30;5,92
29.12.2023 04:45;5,00
29.12.2023 05:00;6,79
29.12.2023 05:15;5,00
29.12.2023 05:30;7,18
29.12.2023 05:45;7,40
29.12.2023 06:00;7,65
29.12.2023 06:15;7,74
29.12.2023 06:30;9,92
29.12.2023 06:45;5,24
29.12.2023 07:00;21,36
29.12.2023 07:15;25,49
29.12.2023 07:30;25,21
29.12.2023 07:45;29,01
29.12.2023 08:00;29,15
29.12.2023 08:15;32,72
29.12.2023 08:30;29,89
29.12.2023 08:45;28,42
29.12.2023 09:00;30,81
29.12.2023 09:15;32,12
29.12.2023 09:30;32,62
29.12.2023 09:45;31,47
29.12.2023 10:00;30,50
29.12.2023 10:15;30,67
29.12.2023 10:30;32,08
29.12.2023 10:45;26,45
29.12.2023 11:00;37,84
29.12.2023 11:15;33,66
29.12.2023 11:30;33,65
29.12.2023 11:45;30,08
29.12.2023 12:00;32,34
29.12.2023 12:15;39,59
29.12.2023 12:30;39,23
29.12.2023 12:45;34,77
29.12.2023 13:00;35,88
29.12.2023 13:15;30,43
29.12.2023 13:30;34,02
29.12.2023 13:45;34,00
29.12.2023 14:00;32,50
29.12.2023 14:15;34,23
29.12.2023 14:30;28,35
29.12.2023 14:45;34,55
29.12.2023 15:00;32,49
29.12.2023 15:15;37,16
29.12.2023 15:30;31,96
29.12.2023 15:45;32,60
29.12.2023 16:00;32,61
29.12.2023 16:15;30,46
29.12.2023 16:30;31,91
29.12.2023 16:45;25,28
29.12.2023 17:00;30,30
29.12.2023 17:15;26,74
29.12.2023 17:30;28,08
29.12.2023 17:45;18,68
29.12.2023 18:00;18,00
29.12.2023 18:15;6,28
29.12.2023 18:30;7,87
29.12.2023 18:45;5,75
29.12.2023 19:00;8,03
29.12.2023 19:15;8,82
29.12.2023 19:30;8,19
29.12.2023 19:45;7,07
29.12.2023 20:00;7,05
29.12.2023 20:15;5,63
29.12.2023 20:30;6,75
29.12.2023 20:45;5,00
29.12.2023 21:00;5,29
29.12.2023 21:15;7,89
29.12.2023 21:30;5,94
29.12.2023 21:45;5,39
29.12.2023 22:00;7,76
29.12.2023 22:15;7,62
29.12.2023 22:30;6,43
29.12.2023 22:45;6,56
29.12.2023 23:00;7,69
29.12.2023 23:15;8,80
29.12.2023 23:30;7,26
29.12.2023 23:45;5,00
30.12.2023 00:00;5,00
30.12.2023 00:15;5,00
30.12.2023 00:30;5,00
30.12.2023 00:45;5,00
30.12.2023 01:00;5,00
30.12.2023 01:15;5,00
30.12.2023 01:30;5,00
30.12.2023 01:45;5,00
30.12.2023 02:00;5,00
30.12.2023 02:15;5,00
30.12.2023 02:30;5,00
30.12.2023 02:45;5,00
30.12.2023 03:00;5,00
30.12.2023 03:15;5,00
30.12.2023 03:30;5,00
30.12.2023 03:45;5,00
30.12.2023 04:00;5,00
30.12.2023 04:15;5,00
30.12.2023 04:30;5,00
30.12.2023 04:45;5,00
30.12.2023 05:00;5,00
30.12.2023 05:15;5,00
30.12.2023 05:30;5,00
30.12.2023 05:45;5,00
30.12.2023 06:00;5,00
30.12.2023 06:15;5,12
30.12.2023 06:30;5,00
30.12.2023 06:45;5,00
30.12.2023 07:00;6,80
30.12.2023 07:15;13,29
30.12.2023 07:30;10,05
30.12.2023 07:45;14,61
30.12.2023 08:00;9,58
30.12.2023 08:15;10,27
30.12.2023 08:30;13,89
30.12.2023 08:45;8,11
30.12.2023 09:00;9,34
30.12.2023 09:15;12,68
30.12.2023 09:30;8,21
30.12.2023 09:45;12,61
30.12.2023 10:00;9,93
30.12.2023 10:15;8,88
30.12.2023 10:30;11,83
30.12.2023 10:45;8,01
30.12.2023 11:00;11,09
30.12.2023 11:15;10,09
30.12.2023 11:30;9,10
30.12.2023 11:45;9,65
30.12.2023 12:00;9,78
30.12.2023 12:15;8,04
30.12.2023 12:30;11,56
30.12.2023 12:45;13,16
30.12.2023 13:00;14,39
30.12.2023 13:15;13,42
30.12.2023 13:30;11,45
30.12.2023 13:45;11,43
30.12.2023 14:00;9,14
30.12.2023 14:15;13,86
30.12.2023 14:30;14,36
30.12.2023 14:45;14,56
30.12.2023 15:00;12,95
30.12.2023 15:15;9,93
30.12.2023 15:30;12,10
30.12.2023 15:45;16,22
30.12.2023 16:00;10,00
30.12.2023 16:15;14,14
30.12.2023 16:30;11,42
30.12.2023 16:45;9,95
30.12.2023 17:00;12,01
30.12.2023 17:15;13,83
30.12.2023 17:30;10,88
30.12.2023 17:45;9,15
30.12.2023 18:00;6,56
30.12.2023 18:15;5,00
30.12.2023 18:30;5,00
30.12.2023 18:45;5,00
30.12.2023 19:00;5,00
30.12.2023 19:15;5,00
30.12.2023 19:30;5,52
30.12.2023 19:45;5,00
30.12.2023 20:00;5,00
30.12.2023 20:15;5,00
30.12.2023 20:30;5,36
30.12.2023 20:45;5,00
30.12.2023 21:00;5,00
30.12.2023 21:15;5,00
30.12.2023 21:30;5,00
30.12.2023 21:45;5,00
30.12.2023 22:00;5,00
30.12.2023 22:15;5,00
30.12.2023 22:30;5,00
30.12.2023 22:45;5,00
30.12.2023 23:00;5,00
30.12.2023 23:15;5,00
30.12.2023 23:30;5,00
30.12.2023 23:45;5,00
31.12.2023 00:00;5,00
31.12.2023 00:15;5,00
31.12.2023 00:30;5,00
31.12.2023 00:45;5,00
31.12.2023 01:00;5,00
31.12.2023 01:15;5,80
31.12.2023 01:30;5,00
31.12.2023 01:45;5,00
31.12.2023 02:00;5,00
31.12.2023 02:15;5,00
31.12.2023 02:30;5,00
31.12.2023 02:45;5,00
31.12.2023 03:00;6,72
31.12.2023 03:15;5,00
31.12.2023 03:30;5,00
31.12.2023 03:45;5,00
31.12.2023 04:00;5,00
31.12.2023 04:15;5,00
31.12.2023 04:30;5,00
31.12.2023 04:45;5,00
31.12.2023 05:00;5,00
31.12.2023 05:15;5,00
31.12.2023 05:30;5,00
31.12.2023 05:45;5,00
31.12.2023 06:00;5,00
31.12.2023 06:15;5,00
31.12.2023 06:30;5,00
31.12.2023 06:45;5,00
31.12.2023 07:00;10,21
31.12.2023 07:15;11,10
31.12.2023 07:30;10,98
31.12.2023 07:45;7,69
31.12.2023 08:00;11,68
31.12.2023 08:15;9,67
31.12.2023 08:30;8,50
31.12.2023 08:45;12,13
31.12.2023 09:00;14,14
31.12.2023 09:15;14,42
31.12.2023 09:30;11,86
31.12.2023 09:45;9,22
31.12.2023 10:00;11,91
31.12.2023 10:15;6,33
31.12.2023 10:30;7,94
31.12.2023 10:45;10,27
31.12.2023 11:00;13,02
31.12.2023 11:15;10,42
31.12.2023 11:30;4,04
31.12.2023 11:45;9,88
31.12.2023 12:00;15,80
31.12.2023 12:15;14,36
31.12.2023 12:30;15,59
31.12.2023 12:45;14,44
31.12.2023 13:00;7,60
31.12.2023 13:15;9,47
31.12.2023 13:30;8,45
31.12.2023 13:45;7,86
31.12.2023 14:00;16,79
31.12.2023 14:15;13,22
31.12.2023 14:30;12,29
31.12.2023 14:45;11,57
31.12.2023 15:00;10,13
31.12.2023 15:15;11,81
31.12.2023 15:30;12,66
31.12.2023 15:45;10,09
31.12.2023 16:00;14,97
31.12.2023 16:15;11,82
31.12.2023 16:30;13,93
31.12.2023 16:45;11,70
31.12.2023 17:00;11,82
31.12.2023 17:15;9,31
31.12.2023 17:30;9,51
31.12.2023 17:45;10,97
31.12.2023 18:00;8,90
31.12.2023 18:15;5,00
31.12.2023 18:30;5,00
31.12.2023 18:45;5,00
31.12.2023 19:00;5,49
31.12.2023 19:15;5,05
31.12.2023 19:30;5,00
31.12.2023 19:45;5,00
31.12.2023 20:00;5,00
31.12.2023 20:15;5,00
31.12.2023 20:30;5,00
31.12.2023 20:45;5,00
31.12.2023 21:00;5,23
31.12.2023 21:15;5,00
31.12.2023 21:30;5,00
31.12.2023 21:45;5,00
31.12.2023 22:00;5,00
31.12.2023 22:15;5,00
31.12.2023 22:30;5,00
31.12.2023 22:45;5,00
31.12.2023 23:00;5,00
31.12.2023 23:15;5,00
31.12.2023 23:30;5,00
31.12.2023 23:45;5,00
